solid OpenSCAD_Model
  facet normal -0.671584 -0.740928 0
    outer loop
      vertex -14.1421 -14.1421 0
      vertex -12.6879 -15.4602 80
      vertex -14.1421 -14.1421 80
    endloop
  endfacet
  facet normal -0.671584 -0.740928 -0
    outer loop
      vertex -12.6879 -15.4602 80
      vertex -14.1421 -14.1421 0
      vertex -12.6879 -15.4602 0
    endloop
  endfacet
  facet normal -0.941547 0.336882 0
    outer loop
      vertex -19.1388 5.80569 0
      vertex -18.4776 7.65367 80
      vertex -18.4776 7.65367 0
    endloop
  endfacet
  facet normal -0.941547 0.336882 0
    outer loop
      vertex -18.4776 7.65367 80
      vertex -19.1388 5.80569 0
      vertex -19.1388 5.80569 80
    endloop
  endfacet
  facet normal 0.989176 0.146736 0
    outer loop
      vertex 19.9037 1.96034 80
      vertex 19.6157 3.90181 0
      vertex 19.6157 3.90181 80
    endloop
  endfacet
  facet normal 0.989176 0.146736 0
    outer loop
      vertex 19.6157 3.90181 0
      vertex 19.9037 1.96034 80
      vertex 19.9037 1.96034 0
    endloop
  endfacet
  facet normal 0.998796 0.049065 0
    outer loop
      vertex 20 0 80
      vertex 19.9037 1.96034 0
      vertex 19.9037 1.96034 80
    endloop
  endfacet
  facet normal 0.998796 0.049065 0
    outer loop
      vertex 19.9037 1.96034 0
      vertex 20 0 80
      vertex 20 0 0
    endloop
  endfacet
  facet normal -0.51409 -0.857736 0
    outer loop
      vertex -11.1114 -16.6294 0
      vertex -9.42793 -17.6384 80
      vertex -11.1114 -16.6294 80
    endloop
  endfacet
  facet normal -0.51409 -0.857736 -0
    outer loop
      vertex -9.42793 -17.6384 80
      vertex -11.1114 -16.6294 0
      vertex -9.42793 -17.6384 0
    endloop
  endfacet
  facet normal 0.671584 0.740928 -0
    outer loop
      vertex 14.1421 14.1421 0
      vertex 12.6879 15.4602 80
      vertex 14.1421 14.1421 80
    endloop
  endfacet
  facet normal 0.671584 0.740928 0
    outer loop
      vertex 12.6879 15.4602 80
      vertex 14.1421 14.1421 0
      vertex 12.6879 15.4602 0
    endloop
  endfacet
  facet normal -0.146736 -0.989176 0
    outer loop
      vertex -3.90181 -19.6157 0
      vertex -1.96034 -19.9037 80
      vertex -3.90181 -19.6157 80
    endloop
  endfacet
  facet normal -0.146736 -0.989176 -0
    outer loop
      vertex -1.96034 -19.9037 80
      vertex -3.90181 -19.6157 0
      vertex -1.96034 -19.9037 0
    endloop
  endfacet
  facet normal 0.740928 0.671584 0
    outer loop
      vertex 15.4602 12.6879 80
      vertex 14.1421 14.1421 0
      vertex 14.1421 14.1421 80
    endloop
  endfacet
  facet normal 0.740928 0.671584 0
    outer loop
      vertex 14.1421 14.1421 0
      vertex 15.4602 12.6879 80
      vertex 15.4602 12.6879 0
    endloop
  endfacet
  facet normal 0.427571 0.903982 -0
    outer loop
      vertex 9.42793 17.6384 0
      vertex 7.65367 18.4776 80
      vertex 9.42793 17.6384 80
    endloop
  endfacet
  facet normal 0.427571 0.903982 0
    outer loop
      vertex 7.65367 18.4776 80
      vertex 9.42793 17.6384 0
      vertex 7.65367 18.4776 0
    endloop
  endfacet
  facet normal 0.049065 -0.998796 0
    outer loop
      vertex 0 -20 0
      vertex 1.96034 -19.9037 80
      vertex 0 -20 80
    endloop
  endfacet
  facet normal 0.049065 -0.998796 0
    outer loop
      vertex 1.96034 -19.9037 80
      vertex 0 -20 0
      vertex 1.96034 -19.9037 0
    endloop
  endfacet
  facet normal -0.740928 0.671584 0
    outer loop
      vertex -15.4602 12.6879 0
      vertex -14.1421 14.1421 80
      vertex -14.1421 14.1421 0
    endloop
  endfacet
  facet normal -0.740928 0.671584 0
    outer loop
      vertex -14.1421 14.1421 80
      vertex -15.4602 12.6879 0
      vertex -15.4602 12.6879 80
    endloop
  endfacet
  facet normal 0.989176 -0.146736 0
    outer loop
      vertex 19.6157 -3.90181 80
      vertex 19.9037 -1.96034 0
      vertex 19.9037 -1.96034 80
    endloop
  endfacet
  facet normal 0.989176 -0.146736 0
    outer loop
      vertex 19.9037 -1.96034 0
      vertex 19.6157 -3.90181 80
      vertex 19.6157 -3.90181 0
    endloop
  endfacet
  facet normal 0.903982 0.427571 0
    outer loop
      vertex 18.4776 7.65367 80
      vertex 17.6384 9.42793 0
      vertex 17.6384 9.42793 80
    endloop
  endfacet
  facet normal 0.903982 0.427571 0
    outer loop
      vertex 17.6384 9.42793 0
      vertex 18.4776 7.65367 80
      vertex 18.4776 7.65367 0
    endloop
  endfacet
  facet normal -0.242982 0.970031 0
    outer loop
      vertex -3.90181 19.6157 0
      vertex -5.80569 19.1388 80
      vertex -3.90181 19.6157 80
    endloop
  endfacet
  facet normal -0.242982 0.970031 0
    outer loop
      vertex -5.80569 19.1388 80
      vertex -3.90181 19.6157 0
      vertex -5.80569 19.1388 0
    endloop
  endfacet
  facet normal -0.80321 0.595695 0
    outer loop
      vertex -16.6294 11.1114 0
      vertex -15.4602 12.6879 80
      vertex -15.4602 12.6879 0
    endloop
  endfacet
  facet normal -0.80321 0.595695 0
    outer loop
      vertex -15.4602 12.6879 80
      vertex -16.6294 11.1114 0
      vertex -16.6294 11.1114 80
    endloop
  endfacet
  facet normal 0.242982 0.970031 -0
    outer loop
      vertex 5.80569 19.1388 0
      vertex 3.90181 19.6157 80
      vertex 5.80569 19.1388 80
    endloop
  endfacet
  facet normal 0.242982 0.970031 0
    outer loop
      vertex 3.90181 19.6157 80
      vertex 5.80569 19.1388 0
      vertex 3.90181 19.6157 0
    endloop
  endfacet
  facet normal 0.336882 0.941547 -0
    outer loop
      vertex 7.65367 18.4776 0
      vertex 5.80569 19.1388 80
      vertex 7.65367 18.4776 80
    endloop
  endfacet
  facet normal 0.336882 0.941547 0
    outer loop
      vertex 5.80569 19.1388 80
      vertex 7.65367 18.4776 0
      vertex 5.80569 19.1388 0
    endloop
  endfacet
  facet normal 0.941547 0.336882 0
    outer loop
      vertex 19.1388 5.80569 80
      vertex 18.4776 7.65367 0
      vertex 18.4776 7.65367 80
    endloop
  endfacet
  facet normal 0.941547 0.336882 0
    outer loop
      vertex 18.4776 7.65367 0
      vertex 19.1388 5.80569 80
      vertex 19.1388 5.80569 0
    endloop
  endfacet
  facet normal 0.595695 0.80321 -0
    outer loop
      vertex 12.6879 15.4602 0
      vertex 11.1114 16.6294 80
      vertex 12.6879 15.4602 80
    endloop
  endfacet
  facet normal 0.595695 0.80321 0
    outer loop
      vertex 11.1114 16.6294 80
      vertex 12.6879 15.4602 0
      vertex 11.1114 16.6294 0
    endloop
  endfacet
  facet normal -0.857736 -0.51409 0
    outer loop
      vertex -16.6294 -11.1114 0
      vertex -17.6384 -9.42793 80
      vertex -17.6384 -9.42793 0
    endloop
  endfacet
  facet normal -0.857736 -0.51409 0
    outer loop
      vertex -17.6384 -9.42793 80
      vertex -16.6294 -11.1114 0
      vertex -16.6294 -11.1114 80
    endloop
  endfacet
  facet normal 0.51409 0.857736 -0
    outer loop
      vertex 11.1114 16.6294 0
      vertex 9.42793 17.6384 80
      vertex 11.1114 16.6294 80
    endloop
  endfacet
  facet normal 0.51409 0.857736 0
    outer loop
      vertex 9.42793 17.6384 80
      vertex 11.1114 16.6294 0
      vertex 9.42793 17.6384 0
    endloop
  endfacet
  facet normal 0.941547 -0.336882 0
    outer loop
      vertex 18.4776 -7.65367 80
      vertex 19.1388 -5.80569 0
      vertex 19.1388 -5.80569 80
    endloop
  endfacet
  facet normal 0.941547 -0.336882 0
    outer loop
      vertex 19.1388 -5.80569 0
      vertex 18.4776 -7.65367 80
      vertex 18.4776 -7.65367 0
    endloop
  endfacet
  facet normal -0.857736 0.51409 0
    outer loop
      vertex -17.6384 9.42793 0
      vertex -16.6294 11.1114 80
      vertex -16.6294 11.1114 0
    endloop
  endfacet
  facet normal -0.857736 0.51409 0
    outer loop
      vertex -16.6294 11.1114 80
      vertex -17.6384 9.42793 0
      vertex -17.6384 9.42793 80
    endloop
  endfacet
  facet normal -0.970031 -0.242982 0
    outer loop
      vertex -19.1388 -5.80569 0
      vertex -19.6157 -3.90181 80
      vertex -19.6157 -3.90181 0
    endloop
  endfacet
  facet normal -0.970031 -0.242982 0
    outer loop
      vertex -19.6157 -3.90181 80
      vertex -19.1388 -5.80569 0
      vertex -19.1388 -5.80569 80
    endloop
  endfacet
  facet normal 0.049065 0.998796 -0
    outer loop
      vertex 1.96034 19.9037 0
      vertex 0 20 80
      vertex 1.96034 19.9037 80
    endloop
  endfacet
  facet normal 0.049065 0.998796 0
    outer loop
      vertex 0 20 80
      vertex 1.96034 19.9037 0
      vertex 0 20 0
    endloop
  endfacet
  facet normal 0.857736 0.51409 0
    outer loop
      vertex 17.6384 9.42793 80
      vertex 16.6294 11.1114 0
      vertex 16.6294 11.1114 80
    endloop
  endfacet
  facet normal 0.857736 0.51409 0
    outer loop
      vertex 16.6294 11.1114 0
      vertex 17.6384 9.42793 80
      vertex 17.6384 9.42793 0
    endloop
  endfacet
  facet normal -0.941547 -0.336882 0
    outer loop
      vertex -18.4776 -7.65367 0
      vertex -19.1388 -5.80569 80
      vertex -19.1388 -5.80569 0
    endloop
  endfacet
  facet normal -0.941547 -0.336882 0
    outer loop
      vertex -19.1388 -5.80569 80
      vertex -18.4776 -7.65367 0
      vertex -18.4776 -7.65367 80
    endloop
  endfacet
  facet normal -0.671584 0.740928 0
    outer loop
      vertex -12.6879 15.4602 0
      vertex -14.1421 14.1421 80
      vertex -12.6879 15.4602 80
    endloop
  endfacet
  facet normal -0.671584 0.740928 0
    outer loop
      vertex -14.1421 14.1421 80
      vertex -12.6879 15.4602 0
      vertex -14.1421 14.1421 0
    endloop
  endfacet
  facet normal 0.970031 -0.242982 0
    outer loop
      vertex 19.1388 -5.80569 80
      vertex 19.6157 -3.90181 0
      vertex 19.6157 -3.90181 80
    endloop
  endfacet
  facet normal 0.970031 -0.242982 0
    outer loop
      vertex 19.6157 -3.90181 0
      vertex 19.1388 -5.80569 80
      vertex 19.1388 -5.80569 0
    endloop
  endfacet
  facet normal 0 0 -1
    outer loop
      vertex 11.909 0 0
      vertex 20 0 0
      vertex 19.9037 -1.96034 0
    endloop
  endfacet
  facet normal 0 0 -1
    outer loop
      vertex 11.766 -1.15885 0
      vertex 19.9037 -1.96034 0
      vertex 19.6157 -3.90181 0
    endloop
  endfacet
  facet normal 0 -0 -1
    outer loop
      vertex 11.9125 0.211629 0
      vertex 20 0 0
      vertex 11.909 0 0
    endloop
  endfacet
  facet normal 0 0 -1
    outer loop
      vertex 11.5114 -2.28975 0
      vertex 19.6157 -3.90181 0
      vertex 19.1388 -5.80569 0
    endloop
  endfacet
  facet normal 0 -0 -1
    outer loop
      vertex 11.9373 1.17572 0
      vertex 20 0 0
      vertex 11.9125 0.211629 0
    endloop
  endfacet
  facet normal 0 0 -1
    outer loop
      vertex 11.1168 -3.45478 0
      vertex 19.1388 -5.80569 0
      vertex 18.4776 -7.65367 0
    endloop
  endfacet
  facet normal 0 0 -1
    outer loop
      vertex 20 0 0
      vertex 11.9373 1.17572 0
      vertex 19.9037 1.96034 0
    endloop
  endfacet
  facet normal 0 0 -1
    outer loop
      vertex 10.7585 -4.4563 0
      vertex 18.4776 -7.65367 0
      vertex 17.6384 -9.42793 0
    endloop
  endfacet
  facet normal 0 0 -1
    outer loop
      vertex 11.9144 1.45541 0
      vertex 19.9037 1.96034 0
      vertex 11.9373 1.17572 0
    endloop
  endfacet
  facet normal 0 0 -1
    outer loop
      vertex 10.2699 -5.48936 0
      vertex 17.6384 -9.42793 0
      vertex 16.6294 -11.1114 0
    endloop
  endfacet
  facet normal 0 0 -1
    outer loop
      vertex 11.849 2.35691 0
      vertex 19.9037 1.96034 0
      vertex 11.9144 1.45541 0
    endloop
  endfacet
  facet normal 0 0 -1
    outer loop
      vertex 9.68236 -6.46955 0
      vertex 16.6294 -11.1114 0
      vertex 15.4602 -12.6879 0
    endloop
  endfacet
  facet normal 0 0 -1
    outer loop
      vertex 19.9037 1.96034 0
      vertex 11.849 2.35691 0
      vertex 19.6157 3.90181 0
    endloop
  endfacet
  facet normal 0 0 -1
    outer loop
      vertex 9.00161 -7.38743 0
      vertex 15.4602 -12.6879 0
      vertex 14.1421 -14.1421 0
    endloop
  endfacet
  facet normal 0 0 -1
    outer loop
      vertex 11.7865 2.70086 0
      vertex 19.6157 3.90181 0
      vertex 11.849 2.35691 0
    endloop
  endfacet
  facet normal 0 0 -1
    outer loop
      vertex 8.23417 -8.23417 0
      vertex 14.1421 -14.1421 0
      vertex 12.6879 -15.4602 0
    endloop
  endfacet
  facet normal 0 0 -1
    outer loop
      vertex 11.6433 3.53195 0
      vertex 19.6157 3.90181 0
      vertex 11.7865 2.70086 0
    endloop
  endfacet
  facet normal 0 0 -1
    outer loop
      vertex 11.3205 4.68912 0
      vertex 19.1388 5.80569 0
      vertex 11.5284 3.93443 0
    endloop
  endfacet
  facet normal 0 0 -1
    outer loop
      vertex 11.5284 3.93443 0
      vertex 19.1388 5.80569 0
      vertex 11.6433 3.53195 0
    endloop
  endfacet
  facet normal -0 0 -1
    outer loop
      vertex 19.6157 3.90181 0
      vertex 11.6433 3.53195 0
      vertex 19.1388 5.80569 0
    endloop
  endfacet
  facet normal 0 0 -1
    outer loop
      vertex 19.9037 -1.96034 0
      vertex 11.7824 -1.01709 0
      vertex 11.909 0 0
    endloop
  endfacet
  facet normal 0 0 -1
    outer loop
      vertex 19.9037 -1.96034 0
      vertex 11.766 -1.15885 0
      vertex 11.7824 -1.01709 0
    endloop
  endfacet
  facet normal 0 0 -1
    outer loop
      vertex 19.6157 -3.90181 0
      vertex 11.5269 -2.21768 0
      vertex 11.766 -1.15885 0
    endloop
  endfacet
  facet normal 0 0 -1
    outer loop
      vertex 19.6157 -3.90181 0
      vertex 11.5114 -2.28975 0
      vertex 11.5269 -2.21768 0
    endloop
  endfacet
  facet normal 0 0 -1
    outer loop
      vertex 19.1388 -5.80569 0
      vertex 11.1506 -3.37751 0
      vertex 11.5114 -2.28975 0
    endloop
  endfacet
  facet normal 0 0 -1
    outer loop
      vertex 19.1388 -5.80569 0
      vertex 11.1491 -3.38206 0
      vertex 11.1506 -3.37751 0
    endloop
  endfacet
  facet normal 0 0 -1
    outer loop
      vertex 18.4776 -7.65367 0
      vertex 10.7585 -4.4563 0
      vertex 11.1168 -3.45478 0
    endloop
  endfacet
  facet normal 0 0 -1
    outer loop
      vertex 7.38743 -9.00161 0
      vertex 12.6879 -15.4602 0
      vertex 11.1114 -16.6294 0
    endloop
  endfacet
  facet normal 0 0 -1
    outer loop
      vertex 19.1388 -5.80569 0
      vertex 11.1168 -3.45478 0
      vertex 11.1491 -3.38206 0
    endloop
  endfacet
  facet normal 0 0 -1
    outer loop
      vertex 17.6384 -9.42793 0
      vertex 10.2699 -5.48936 0
      vertex 10.7585 -4.4563 0
    endloop
  endfacet
  facet normal 0 0 -1
    outer loop
      vertex 16.6294 -11.1114 0
      vertex 9.68236 -6.46955 0
      vertex 10.2699 -5.48936 0
    endloop
  endfacet
  facet normal 0 0 -1
    outer loop
      vertex 6.46955 -9.68236 0
      vertex 11.1114 -16.6294 0
      vertex 9.42793 -17.6384 0
    endloop
  endfacet
  facet normal 0 0 -1
    outer loop
      vertex 15.4602 -12.6879 0
      vertex 9.00161 -7.38743 0
      vertex 9.68236 -6.46955 0
    endloop
  endfacet
  facet normal 0 0 -1
    outer loop
      vertex 14.1421 -14.1421 0
      vertex 8.23417 -8.23417 0
      vertex 9.00161 -7.38743 0
    endloop
  endfacet
  facet normal 0 0 -1
    outer loop
      vertex 5.48936 -10.2699 0
      vertex 9.42793 -17.6384 0
      vertex 7.65367 -18.4776 0
    endloop
  endfacet
  facet normal 0 0 -1
    outer loop
      vertex 12.6879 -15.4602 0
      vertex 7.38743 -9.00161 0
      vertex 8.23417 -8.23417 0
    endloop
  endfacet
  facet normal 0 0 -1
    outer loop
      vertex 11.1114 -16.6294 0
      vertex 6.46955 -9.68236 0
      vertex 7.38743 -9.00161 0
    endloop
  endfacet
  facet normal 0 0 -1
    outer loop
      vertex 4.4563 -10.7585 0
      vertex 7.65367 -18.4776 0
      vertex 5.80569 -19.1388 0
    endloop
  endfacet
  facet normal 0 0 -1
    outer loop
      vertex 9.42793 -17.6384 0
      vertex 5.48936 -10.2699 0
      vertex 6.46955 -9.68236 0
    endloop
  endfacet
  facet normal 0 0 -1
    outer loop
      vertex 7.65367 -18.4776 0
      vertex 4.4563 -10.7585 0
      vertex 5.48936 -10.2699 0
    endloop
  endfacet
  facet normal 0 0 -1
    outer loop
      vertex 3.38033 -11.1434 0
      vertex 5.80569 -19.1388 0
      vertex 3.90181 -19.6157 0
    endloop
  endfacet
  facet normal 0 0 -1
    outer loop
      vertex 5.80569 -19.1388 0
      vertex 3.38033 -11.1434 0
      vertex 4.4563 -10.7585 0
    endloop
  endfacet
  facet normal 0 0 -1
    outer loop
      vertex 3.90181 -19.6157 0
      vertex 2.2718 -11.4211 0
      vertex 3.38033 -11.1434 0
    endloop
  endfacet
  facet normal 0 0 -1
    outer loop
      vertex 1.96034 -19.9037 0
      vertex 2.2718 -11.4211 0
      vertex 3.90181 -19.6157 0
    endloop
  endfacet
  facet normal 0 0 -1
    outer loop
      vertex 1.96034 -19.9037 0
      vertex 1.1414 -11.5888 0
      vertex 2.2718 -11.4211 0
    endloop
  endfacet
  facet normal 0 0 -1
    outer loop
      vertex 0 -20 0
      vertex 1.1414 -11.5888 0
      vertex 1.96034 -19.9037 0
    endloop
  endfacet
  facet normal 0 0 -1
    outer loop
      vertex 0 -20 0
      vertex 0 -11.6449 0
      vertex 1.1414 -11.5888 0
    endloop
  endfacet
  facet normal 0 0 -1
    outer loop
      vertex 0 -20 0
      vertex -1.1414 -11.5888 0
      vertex 0 -11.6449 0
    endloop
  endfacet
  facet normal 0 0 -1
    outer loop
      vertex -1.96034 -19.9037 0
      vertex -1.1414 -11.5888 0
      vertex 0 -20 0
    endloop
  endfacet
  facet normal 0 0 -1
    outer loop
      vertex -1.96034 -19.9037 0
      vertex -2.2718 -11.4211 0
      vertex -1.1414 -11.5888 0
    endloop
  endfacet
  facet normal 0 0 -1
    outer loop
      vertex -3.90181 -19.6157 0
      vertex -2.2718 -11.4211 0
      vertex -1.96034 -19.9037 0
    endloop
  endfacet
  facet normal -0 0 -1
    outer loop
      vertex -2.2718 -11.4211 0
      vertex -3.90181 -19.6157 0
      vertex -3.38033 -11.1434 0
    endloop
  endfacet
  facet normal 0 0 -1
    outer loop
      vertex -5.80569 -19.1388 0
      vertex -3.38033 -11.1434 0
      vertex -3.90181 -19.6157 0
    endloop
  endfacet
  facet normal -0 0 -1
    outer loop
      vertex -3.38033 -11.1434 0
      vertex -5.80569 -19.1388 0
      vertex -3.45478 -11.1168 0
    endloop
  endfacet
  facet normal -0 0 -1
    outer loop
      vertex -3.45478 -11.1168 0
      vertex -5.80569 -19.1388 0
      vertex -4.48696 -10.8325 0
    endloop
  endfacet
  facet normal 0 0 -1
    outer loop
      vertex -7.65367 -18.4776 0
      vertex -4.48696 -10.8325 0
      vertex -5.80569 -19.1388 0
    endloop
  endfacet
  facet normal -0 0 -1
    outer loop
      vertex -4.48696 -10.8325 0
      vertex -7.65367 -18.4776 0
      vertex -4.54666 -10.8089 0
    endloop
  endfacet
  facet normal -0 0 -1
    outer loop
      vertex -4.54666 -10.8089 0
      vertex -7.65367 -18.4776 0
      vertex -5.56769 -10.4164 0
    endloop
  endfacet
  facet normal 0 0 -1
    outer loop
      vertex -9.42793 -17.6384 0
      vertex -5.56769 -10.4164 0
      vertex -7.65367 -18.4776 0
    endloop
  endfacet
  facet normal -0 0 -1
    outer loop
      vertex -5.56769 -10.4164 0
      vertex -9.42793 -17.6384 0
      vertex -5.68614 -10.3556 0
    endloop
  endfacet
  facet normal -0 0 -1
    outer loop
      vertex -5.68614 -10.3556 0
      vertex -9.42793 -17.6384 0
      vertex -6.60968 -9.89208 0
    endloop
  endfacet
  facet normal 0 0 -1
    outer loop
      vertex -11.1114 -16.6294 0
      vertex -6.60968 -9.89208 0
      vertex -9.42793 -17.6384 0
    endloop
  endfacet
  facet normal -0 0 -1
    outer loop
      vertex -6.60968 -9.89208 0
      vertex -11.1114 -16.6294 0
      vertex -6.77957 -9.78259 0
    endloop
  endfacet
  facet normal -0 0 -1
    outer loop
      vertex -6.77957 -9.78259 0
      vertex -11.1114 -16.6294 0
      vertex -7.60204 -9.26311 0
    endloop
  endfacet
  facet normal 0 0 -1
    outer loop
      vertex -12.6879 -15.4602 0
      vertex -7.60204 -9.26311 0
      vertex -11.1114 -16.6294 0
    endloop
  endfacet
  facet normal -0 0 -1
    outer loop
      vertex -7.60204 -9.26311 0
      vertex -12.6879 -15.4602 0
      vertex -7.81441 -9.09464 0
    endloop
  endfacet
  facet normal -0 0 -1
    outer loop
      vertex -7.81441 -9.09464 0
      vertex -12.6879 -15.4602 0
      vertex -8.53423 -8.53423 0
    endloop
  endfacet
  facet normal 0 0 -1
    outer loop
      vertex -14.1421 -14.1421 0
      vertex -8.53423 -8.53423 0
      vertex -12.6879 -15.4602 0
    endloop
  endfacet
  facet normal -0 0 -1
    outer loop
      vertex -8.53423 -8.53423 0
      vertex -14.1421 -14.1421 0
      vertex -8.77863 -8.2978 0
    endloop
  endfacet
  facet normal -0 0 -1
    outer loop
      vertex -8.77863 -8.2978 0
      vertex -14.1421 -14.1421 0
      vertex -9.39616 -7.71123 0
    endloop
  endfacet
  facet normal 0 0 -1
    outer loop
      vertex -15.4602 -12.6879 0
      vertex -9.39616 -7.71123 0
      vertex -14.1421 -14.1421 0
    endloop
  endfacet
  facet normal -0 0 -1
    outer loop
      vertex -9.39616 -7.71123 0
      vertex -15.4602 -12.6879 0
      vertex -9.66083 -7.39941 0
    endloop
  endfacet
  facet normal -0 0 -1
    outer loop
      vertex -9.66083 -7.39941 0
      vertex -15.4602 -12.6879 0
      vertex -10.1783 -6.80093 0
    endloop
  endfacet
  facet normal 0 0 -1
    outer loop
      vertex -16.6294 -11.1114 0
      vertex -10.1783 -6.80093 0
      vertex -15.4602 -12.6879 0
    endloop
  endfacet
  facet normal -0 0 -1
    outer loop
      vertex -10.1783 -6.80093 0
      vertex -16.6294 -11.1114 0
      vertex -10.4504 -6.40797 0
    endloop
  endfacet
  facet normal -0 0 -1
    outer loop
      vertex -10.4504 -6.40797 0
      vertex -16.6294 -11.1114 0
      vertex -10.8718 -5.8111 0
    endloop
  endfacet
  facet normal 0 0 -1
    outer loop
      vertex -17.6384 -9.42793 0
      vertex -10.8718 -5.8111 0
      vertex -16.6294 -11.1114 0
    endloop
  endfacet
  facet normal -0 0 -1
    outer loop
      vertex -10.8718 -5.8111 0
      vertex -17.6384 -9.42793 0
      vertex -11.1376 -5.33309 0
    endloop
  endfacet
  facet normal -0 0 -1
    outer loop
      vertex -11.1376 -5.33309 0
      vertex -17.6384 -9.42793 0
      vertex -11.4686 -4.75043 0
    endloop
  endfacet
  facet normal 0 0 -1
    outer loop
      vertex -18.4776 -7.65367 0
      vertex -11.4686 -4.75043 0
      vertex -17.6384 -9.42793 0
    endloop
  endfacet
  facet normal -0 0 -1
    outer loop
      vertex -11.4686 -4.75043 0
      vertex -18.4776 -7.65367 0
      vertex -11.7136 -4.1854 0
    endloop
  endfacet
  facet normal -0 0 -1
    outer loop
      vertex -11.7136 -4.1854 0
      vertex -18.4776 -7.65367 0
      vertex -11.9613 -3.62842 0
    endloop
  endfacet
  facet normal 0 0 -1
    outer loop
      vertex -19.1388 -5.80569 0
      vertex -11.9613 -3.62842 0
      vertex -18.4776 -7.65367 0
    endloop
  endfacet
  facet normal -0 0 -1
    outer loop
      vertex -11.9613 -3.62842 0
      vertex -19.1388 -5.80569 0
      vertex -12.1709 -2.97644 0
    endloop
  endfacet
  facet normal 0 0 -1
    outer loop
      vertex -19.6157 -3.90181 0
      vertex -12.1709 -2.97644 0
      vertex -19.1388 -5.80569 0
    endloop
  endfacet
  facet normal -0 0 -1
    outer loop
      vertex -12.1709 -2.97644 0
      vertex -19.6157 -3.90181 0
      vertex -12.3438 -2.45533 0
    endloop
  endfacet
  facet normal -0 0 -1
    outer loop
      vertex 19.1388 5.80569 0
      vertex 11.3205 4.68912 0
      vertex 18.4776 7.65367 0
    endloop
  endfacet
  facet normal 0 0 -1
    outer loop
      vertex 11.1415 5.14255 0
      vertex 18.4776 7.65367 0
      vertex 11.3205 4.68912 0
    endloop
  endfacet
  facet normal 0 0 -1
    outer loop
      vertex 10.8823 5.81671 0
      vertex 18.4776 7.65367 0
      vertex 11.1415 5.14255 0
    endloop
  endfacet
  facet normal -0 0 -1
    outer loop
      vertex 18.4776 7.65367 0
      vertex 10.8823 5.81671 0
      vertex 17.6384 9.42793 0
    endloop
  endfacet
  facet normal 0 0 -1
    outer loop
      vertex 10.6282 6.31176 0
      vertex 17.6384 9.42793 0
      vertex 10.8823 5.81671 0
    endloop
  endfacet
  facet normal -0 0 -1
    outer loop
      vertex 17.6384 9.42793 0
      vertex 10.6282 6.31176 0
      vertex 16.6294 11.1114 0
    endloop
  endfacet
  facet normal 0 0 -1
    outer loop
      vertex 10.3313 6.90317 0
      vertex 16.6294 11.1114 0
      vertex 10.6282 6.31176 0
    endloop
  endfacet
  facet normal 0 0 -1
    outer loop
      vertex 9.99251 7.42888 0
      vertex 16.6294 11.1114 0
      vertex 10.3313 6.90317 0
    endloop
  endfacet
  facet normal -0 0 -1
    outer loop
      vertex 16.6294 11.1114 0
      vertex 9.99251 7.42888 0
      vertex 15.4602 12.6879 0
    endloop
  endfacet
  facet normal 0 0 -1
    outer loop
      vertex 9.67147 7.93717 0
      vertex 15.4602 12.6879 0
      vertex 9.99251 7.42888 0
    endloop
  endfacet
  facet normal 0 0 -1
    outer loop
      vertex 9.2399 8.48117 0
      vertex 15.4602 12.6879 0
      vertex 9.67147 7.93717 0
    endloop
  endfacet
  facet normal -0 0 -1
    outer loop
      vertex 15.4602 12.6879 0
      vertex 9.2399 8.48117 0
      vertex 14.1421 14.1421 0
    endloop
  endfacet
  facet normal 0 0 -1
    outer loop
      vertex 8.90778 8.90778 0
      vertex 14.1421 14.1421 0
      vertex 9.2399 8.48117 0
    endloop
  endfacet
  facet normal 0 0 -1
    outer loop
      vertex 8.37702 9.45642 0
      vertex 14.1421 14.1421 0
      vertex 8.90778 8.90778 0
    endloop
  endfacet
  facet normal -0 0 -1
    outer loop
      vertex 14.1421 14.1421 0
      vertex 8.37702 9.45642 0
      vertex 12.6879 15.4602 0
    endloop
  endfacet
  facet normal 0 0 -1
    outer loop
      vertex 8.04637 9.80453 0
      vertex 12.6879 15.4602 0
      vertex 8.37702 9.45642 0
    endloop
  endfacet
  facet normal 0 0 -1
    outer loop
      vertex 7.41181 10.3431 0
      vertex 12.6879 15.4602 0
      vertex 8.04637 9.80453 0
    endloop
  endfacet
  facet normal -0 0 -1
    outer loop
      vertex 12.6879 15.4602 0
      vertex 7.41181 10.3431 0
      vertex 11.1114 16.6294 0
    endloop
  endfacet
  facet normal 0 0 -1
    outer loop
      vertex 7.09442 10.6176 0
      vertex 11.1114 16.6294 0
      vertex 7.41181 10.3431 0
    endloop
  endfacet
  facet normal 0 0 -1
    outer loop
      vertex 6.35343 11.1306 0
      vertex 11.1114 16.6294 0
      vertex 7.09442 10.6176 0
    endloop
  endfacet
  facet normal -0 0 -1
    outer loop
      vertex 11.1114 16.6294 0
      vertex 6.35343 11.1306 0
      vertex 9.42793 17.6384 0
    endloop
  endfacet
  facet normal 0 0 -1
    outer loop
      vertex 6.06013 11.3377 0
      vertex 9.42793 17.6384 0
      vertex 6.35343 11.1306 0
    endloop
  endfacet
  facet normal 0 0 -1
    outer loop
      vertex 5.21214 11.8092 0
      vertex 9.42793 17.6384 0
      vertex 6.06013 11.3377 0
    endloop
  endfacet
  facet normal -0 0 -1
    outer loop
      vertex 9.42793 17.6384 0
      vertex 5.21214 11.8092 0
      vertex 7.65367 18.4776 0
    endloop
  endfacet
  facet normal 0 0 -1
    outer loop
      vertex 4.95259 11.9566 0
      vertex 7.65367 18.4776 0
      vertex 5.21214 11.8092 0
    endloop
  endfacet
  facet normal 0 0 -1
    outer loop
      vertex 3.99921 12.3701 0
      vertex 7.65367 18.4776 0
      vertex 4.95259 11.9566 0
    endloop
  endfacet
  facet normal -0 0 -1
    outer loop
      vertex 7.65367 18.4776 0
      vertex 3.99921 12.3701 0
      vertex 5.80569 19.1388 0
    endloop
  endfacet
  facet normal 0 0 -1
    outer loop
      vertex 3.78177 12.4668 0
      vertex 5.80569 19.1388 0
      vertex 3.99921 12.3701 0
    endloop
  endfacet
  facet normal 0 0 -1
    outer loop
      vertex 2.72679 12.806 0
      vertex 5.80569 19.1388 0
      vertex 3.78177 12.4668 0
    endloop
  endfacet
  facet normal -0 0 -1
    outer loop
      vertex 5.80569 19.1388 0
      vertex 2.72679 12.806 0
      vertex 3.90181 19.6157 0
    endloop
  endfacet
  facet normal 0 0 -1
    outer loop
      vertex 2.55839 12.8619 0
      vertex 3.90181 19.6157 0
      vertex 2.72679 12.806 0
    endloop
  endfacet
  facet normal 0 0 -1
    outer loop
      vertex 1.40784 13.1106 0
      vertex 3.90181 19.6157 0
      vertex 2.55839 12.8619 0
    endloop
  endfacet
  facet normal -0 0 -1
    outer loop
      vertex 3.90181 19.6157 0
      vertex 1.40784 13.1106 0
      vertex 1.96034 19.9037 0
    endloop
  endfacet
  facet normal 0 0 -1
    outer loop
      vertex 1.29382 13.1364 0
      vertex 1.96034 19.9037 0
      vertex 1.40784 13.1106 0
    endloop
  endfacet
  facet normal 0 0 -1
    outer loop
      vertex 0.0559167 13.279 0
      vertex 1.96034 19.9037 0
      vertex 1.29382 13.1364 0
    endloop
  endfacet
  facet normal 0 0 -1
    outer loop
      vertex 0 20 0
      vertex 0.0559167 13.279 0
      vertex 0 13.286 0
    endloop
  endfacet
  facet normal 0 0 -1
    outer loop
      vertex 0.0559167 13.279 0
      vertex 0 20 0
      vertex 1.96034 19.9037 0
    endloop
  endfacet
  facet normal 0 0 -1
    outer loop
      vertex -1.21946 13.3062 0
      vertex 0 20 0
      vertex 0 13.286 0
    endloop
  endfacet
  facet normal 0 0 -1
    outer loop
      vertex -1.96034 19.9037 0
      vertex -1.21946 13.3062 0
      vertex -1.31011 13.3017 0
    endloop
  endfacet
  facet normal 0 0 -1
    outer loop
      vertex -1.21946 13.3062 0
      vertex -1.96034 19.9037 0
      vertex 0 20 0
    endloop
  endfacet
  facet normal 0 0 -1
    outer loop
      vertex -2.6076 13.1093 0
      vertex -1.96034 19.9037 0
      vertex -1.31011 13.3017 0
    endloop
  endfacet
  facet normal 0 0 -1
    outer loop
      vertex -3.90181 19.6157 0
      vertex -2.6076 13.1093 0
      vertex -3.87997 12.7906 0
    endloop
  endfacet
  facet normal 0 0 -1
    outer loop
      vertex -2.6076 13.1093 0
      vertex -3.90181 19.6157 0
      vertex -1.96034 19.9037 0
    endloop
  endfacet
  facet normal 0 0 -1
    outer loop
      vertex -5.80569 19.1388 0
      vertex -3.87997 12.7906 0
      vertex -5.11498 12.3487 0
    endloop
  endfacet
  facet normal 0 0 -1
    outer loop
      vertex -3.87997 12.7906 0
      vertex -5.80569 19.1388 0
      vertex -3.90181 19.6157 0
    endloop
  endfacet
  facet normal 0 0 -1
    outer loop
      vertex -7.65367 18.4776 0
      vertex -5.11498 12.3487 0
      vertex -6.30074 11.7878 0
    endloop
  endfacet
  facet normal 0 0 -1
    outer loop
      vertex -9.42793 17.6384 0
      vertex -6.30074 11.7878 0
      vertex -7.42581 11.1135 0
    endloop
  endfacet
  facet normal 0 0 -1
    outer loop
      vertex -5.11498 12.3487 0
      vertex -7.65367 18.4776 0
      vertex -5.80569 19.1388 0
    endloop
  endfacet
  facet normal 0 0 -1
    outer loop
      vertex -11.1114 16.6294 0
      vertex -7.42581 11.1135 0
      vertex -8.47936 10.3321 0
    endloop
  endfacet
  facet normal 0 0 -1
    outer loop
      vertex -6.30074 11.7878 0
      vertex -9.42793 17.6384 0
      vertex -7.65367 18.4776 0
    endloop
  endfacet
  facet normal 0 0 -1
    outer loop
      vertex -12.6879 15.4602 0
      vertex -8.47936 10.3321 0
      vertex -9.45126 9.45126 0
    endloop
  endfacet
  facet normal 0 0 -1
    outer loop
      vertex -14.1421 14.1421 0
      vertex -9.45126 9.45126 0
      vertex -10.2712 8.54661 0
    endloop
  endfacet
  facet normal 0 0 -1
    outer loop
      vertex -15.4602 12.6879 0
      vertex -10.2712 8.54661 0
      vertex -10.3275 8.47559 0
    endloop
  endfacet
  facet normal 0 0 -1
    outer loop
      vertex -15.4602 12.6879 0
      vertex -10.3275 8.47559 0
      vertex -10.3298 8.47204 0
    endloop
  endfacet
  facet normal 0 0 -1
    outer loop
      vertex -16.6294 11.1114 0
      vertex -10.3298 8.47204 0
      vertex -11.037 7.37469 0
    endloop
  endfacet
  facet normal 0 0 -1
    outer loop
      vertex -16.6294 11.1114 0
      vertex -11.037 7.37469 0
      vertex -11.066 7.31684 0
    endloop
  endfacet
  facet normal 0 0 -1
    outer loop
      vertex -7.42581 11.1135 0
      vertex -11.1114 16.6294 0
      vertex -9.42793 17.6384 0
    endloop
  endfacet
  facet normal 0 0 -1
    outer loop
      vertex -17.6384 9.42793 0
      vertex -11.066 7.31684 0
      vertex -11.6308 6.21679 0
    endloop
  endfacet
  facet normal 0 0 -1
    outer loop
      vertex -17.6384 9.42793 0
      vertex -11.6308 6.21679 0
      vertex -11.6757 6.09987 0
    endloop
  endfacet
  facet normal 0 0 -1
    outer loop
      vertex -18.4776 7.65367 0
      vertex -11.6757 6.09987 0
      vertex -12.1046 5.0139 0
    endloop
  endfacet
  facet normal 0 0 -1
    outer loop
      vertex -18.4776 7.65367 0
      vertex -12.1046 5.0139 0
      vertex -12.154 4.83477 0
    endloop
  endfacet
  facet normal 0 0 -1
    outer loop
      vertex -19.1388 5.80569 0
      vertex -12.154 4.83477 0
      vertex -12.4554 3.77832 0
    endloop
  endfacet
  facet normal 0 0 -1
    outer loop
      vertex -19.1388 5.80569 0
      vertex -12.4554 3.77832 0
      vertex -12.4973 3.53556 0
    endloop
  endfacet
  facet normal 0 0 -1
    outer loop
      vertex -19.6157 3.90181 0
      vertex -12.4973 3.53556 0
      vertex -12.6814 2.52249 0
    endloop
  endfacet
  facet normal 0 0 -1
    outer loop
      vertex -8.47936 10.3321 0
      vertex -12.6879 15.4602 0
      vertex -11.1114 16.6294 0
    endloop
  endfacet
  facet normal 0 0 -1
    outer loop
      vertex -19.6157 3.90181 0
      vertex -12.6814 2.52249 0
      vertex -12.7036 2.21641 0
    endloop
  endfacet
  facet normal 0 0 -1
    outer loop
      vertex -19.9037 1.96034 0
      vertex -12.7036 2.21641 0
      vertex -12.7819 1.25891 0
    endloop
  endfacet
  facet normal -0 0 -1
    outer loop
      vertex -12.3438 -2.45533 0
      vertex -19.6157 -3.90181 0
      vertex -12.503 -1.71853 0
    endloop
  endfacet
  facet normal 0 0 -1
    outer loop
      vertex -9.45126 9.45126 0
      vertex -14.1421 14.1421 0
      vertex -12.6879 15.4602 0
    endloop
  endfacet
  facet normal 0 0 -1
    outer loop
      vertex -19.9037 -1.96034 0
      vertex -12.503 -1.71853 0
      vertex -19.6157 -3.90181 0
    endloop
  endfacet
  facet normal 0 0 -1
    outer loop
      vertex -10.2712 8.54661 0
      vertex -15.4602 12.6879 0
      vertex -14.1421 14.1421 0
    endloop
  endfacet
  facet normal -0 0 -1
    outer loop
      vertex -12.503 -1.71853 0
      vertex -19.9037 -1.96034 0
      vertex -12.6106 -1.24204 0
    endloop
  endfacet
  facet normal 0 0 -1
    outer loop
      vertex -10.3298 8.47204 0
      vertex -16.6294 11.1114 0
      vertex -15.4602 12.6879 0
    endloop
  endfacet
  facet normal -0 0 -1
    outer loop
      vertex -12.6106 -1.24204 0
      vertex -19.9037 -1.96034 0
      vertex -12.7048 -0.424671 0
    endloop
  endfacet
  facet normal 0 0 -1
    outer loop
      vertex -11.066 7.31684 0
      vertex -17.6384 9.42793 0
      vertex -16.6294 11.1114 0
    endloop
  endfacet
  facet normal 0 0 -1
    outer loop
      vertex -20 0 0
      vertex -12.7048 -0.424671 0
      vertex -19.9037 -1.96034 0
    endloop
  endfacet
  facet normal 0 0 -1
    outer loop
      vertex -11.6757 6.09987 0
      vertex -18.4776 7.65367 0
      vertex -17.6384 9.42793 0
    endloop
  endfacet
  facet normal 0 0 -1
    outer loop
      vertex -12.7048 -0.424671 0
      vertex -20 0 0
      vertex -12.7577 0 0
    endloop
  endfacet
  facet normal 0 0 -1
    outer loop
      vertex -12.154 4.83477 0
      vertex -19.1388 5.80569 0
      vertex -18.4776 7.65367 0
    endloop
  endfacet
  facet normal 0 0 -1
    outer loop
      vertex -12.7577 0 0
      vertex -20 0 0
      vertex -12.7725 0.891617 0
    endloop
  endfacet
  facet normal 0 0 -1
    outer loop
      vertex -12.4973 3.53556 0
      vertex -19.6157 3.90181 0
      vertex -19.1388 5.80569 0
    endloop
  endfacet
  facet normal 0 -0 -1
    outer loop
      vertex -19.9037 1.96034 0
      vertex -12.7725 0.891617 0
      vertex -20 0 0
    endloop
  endfacet
  facet normal -0 0 -1
    outer loop
      vertex -12.7036 2.21641 0
      vertex -19.9037 1.96034 0
      vertex -19.6157 3.90181 0
    endloop
  endfacet
  facet normal 0 0 -1
    outer loop
      vertex -12.7725 0.891617 0
      vertex -19.9037 1.96034 0
      vertex -12.7819 1.25891 0
    endloop
  endfacet
  facet normal -0.51409 0.857736 0
    outer loop
      vertex -9.42793 17.6384 0
      vertex -11.1114 16.6294 80
      vertex -9.42793 17.6384 80
    endloop
  endfacet
  facet normal -0.51409 0.857736 0
    outer loop
      vertex -11.1114 16.6294 80
      vertex -9.42793 17.6384 0
      vertex -11.1114 16.6294 0
    endloop
  endfacet
  facet normal -0.998796 -0.049065 0
    outer loop
      vertex -19.9037 -1.96034 0
      vertex -20 0 80
      vertex -20 0 0
    endloop
  endfacet
  facet normal -0.998796 -0.049065 0
    outer loop
      vertex -20 0 80
      vertex -19.9037 -1.96034 0
      vertex -19.9037 -1.96034 80
    endloop
  endfacet
  facet normal -0.970031 0.242982 0
    outer loop
      vertex -19.6157 3.90181 0
      vertex -19.1388 5.80569 80
      vertex -19.1388 5.80569 0
    endloop
  endfacet
  facet normal -0.970031 0.242982 0
    outer loop
      vertex -19.1388 5.80569 80
      vertex -19.6157 3.90181 0
      vertex -19.6157 3.90181 80
    endloop
  endfacet
  facet normal 0.427571 -0.903982 0
    outer loop
      vertex 7.65367 -18.4776 0
      vertex 9.42793 -17.6384 80
      vertex 7.65367 -18.4776 80
    endloop
  endfacet
  facet normal 0.427571 -0.903982 0
    outer loop
      vertex 9.42793 -17.6384 80
      vertex 7.65367 -18.4776 0
      vertex 9.42793 -17.6384 0
    endloop
  endfacet
  facet normal -0.336882 -0.941547 0
    outer loop
      vertex -7.65367 -18.4776 0
      vertex -5.80569 -19.1388 80
      vertex -7.65367 -18.4776 80
    endloop
  endfacet
  facet normal -0.336882 -0.941547 -0
    outer loop
      vertex -5.80569 -19.1388 80
      vertex -7.65367 -18.4776 0
      vertex -5.80569 -19.1388 0
    endloop
  endfacet
  facet normal -0.336882 0.941547 0
    outer loop
      vertex -5.80569 19.1388 0
      vertex -7.65367 18.4776 80
      vertex -5.80569 19.1388 80
    endloop
  endfacet
  facet normal -0.336882 0.941547 0
    outer loop
      vertex -7.65367 18.4776 80
      vertex -5.80569 19.1388 0
      vertex -7.65367 18.4776 0
    endloop
  endfacet
  facet normal 0.51409 -0.857736 0
    outer loop
      vertex 9.42793 -17.6384 0
      vertex 11.1114 -16.6294 80
      vertex 9.42793 -17.6384 80
    endloop
  endfacet
  facet normal 0.51409 -0.857736 0
    outer loop
      vertex 11.1114 -16.6294 80
      vertex 9.42793 -17.6384 0
      vertex 11.1114 -16.6294 0
    endloop
  endfacet
  facet normal 0.146736 -0.989176 0
    outer loop
      vertex 1.96034 -19.9037 0
      vertex 3.90181 -19.6157 80
      vertex 1.96034 -19.9037 80
    endloop
  endfacet
  facet normal 0.146736 -0.989176 0
    outer loop
      vertex 3.90181 -19.6157 80
      vertex 1.96034 -19.9037 0
      vertex 3.90181 -19.6157 0
    endloop
  endfacet
  facet normal 0.740928 -0.671584 0
    outer loop
      vertex 14.1421 -14.1421 80
      vertex 15.4602 -12.6879 0
      vertex 15.4602 -12.6879 80
    endloop
  endfacet
  facet normal 0.740928 -0.671584 0
    outer loop
      vertex 15.4602 -12.6879 0
      vertex 14.1421 -14.1421 80
      vertex 14.1421 -14.1421 0
    endloop
  endfacet
  facet normal 0.80321 -0.595695 0
    outer loop
      vertex 15.4602 -12.6879 80
      vertex 16.6294 -11.1114 0
      vertex 16.6294 -11.1114 80
    endloop
  endfacet
  facet normal 0.80321 -0.595695 0
    outer loop
      vertex 16.6294 -11.1114 0
      vertex 15.4602 -12.6879 80
      vertex 15.4602 -12.6879 0
    endloop
  endfacet
  facet normal -0.049065 0.998796 0
    outer loop
      vertex 0 20 0
      vertex -1.96034 19.9037 80
      vertex 0 20 80
    endloop
  endfacet
  facet normal -0.049065 0.998796 0
    outer loop
      vertex -1.96034 19.9037 80
      vertex 0 20 0
      vertex -1.96034 19.9037 0
    endloop
  endfacet
  facet normal -0.427571 0.903982 0
    outer loop
      vertex -7.65367 18.4776 0
      vertex -9.42793 17.6384 80
      vertex -7.65367 18.4776 80
    endloop
  endfacet
  facet normal -0.427571 0.903982 0
    outer loop
      vertex -9.42793 17.6384 80
      vertex -7.65367 18.4776 0
      vertex -9.42793 17.6384 0
    endloop
  endfacet
  facet normal -0.595695 0.80321 0
    outer loop
      vertex -11.1114 16.6294 0
      vertex -12.6879 15.4602 80
      vertex -11.1114 16.6294 80
    endloop
  endfacet
  facet normal -0.595695 0.80321 0
    outer loop
      vertex -12.6879 15.4602 80
      vertex -11.1114 16.6294 0
      vertex -12.6879 15.4602 0
    endloop
  endfacet
  facet normal -0.989176 0.146736 0
    outer loop
      vertex -19.9037 1.96034 0
      vertex -19.6157 3.90181 80
      vertex -19.6157 3.90181 0
    endloop
  endfacet
  facet normal -0.989176 0.146736 0
    outer loop
      vertex -19.6157 3.90181 80
      vertex -19.9037 1.96034 0
      vertex -19.9037 1.96034 80
    endloop
  endfacet
  facet normal -0.242982 -0.970031 0
    outer loop
      vertex -5.80569 -19.1388 0
      vertex -3.90181 -19.6157 80
      vertex -5.80569 -19.1388 80
    endloop
  endfacet
  facet normal -0.242982 -0.970031 -0
    outer loop
      vertex -3.90181 -19.6157 80
      vertex -5.80569 -19.1388 0
      vertex -3.90181 -19.6157 0
    endloop
  endfacet
  facet normal 0.970031 0.242982 0
    outer loop
      vertex 19.6157 3.90181 80
      vertex 19.1388 5.80569 0
      vertex 19.1388 5.80569 80
    endloop
  endfacet
  facet normal 0.970031 0.242982 0
    outer loop
      vertex 19.1388 5.80569 0
      vertex 19.6157 3.90181 80
      vertex 19.6157 3.90181 0
    endloop
  endfacet
  facet normal 0.80321 0.595695 0
    outer loop
      vertex 16.6294 11.1114 80
      vertex 15.4602 12.6879 0
      vertex 15.4602 12.6879 80
    endloop
  endfacet
  facet normal 0.80321 0.595695 0
    outer loop
      vertex 15.4602 12.6879 0
      vertex 16.6294 11.1114 80
      vertex 16.6294 11.1114 0
    endloop
  endfacet
  facet normal -0.80321 -0.595695 0
    outer loop
      vertex -15.4602 -12.6879 0
      vertex -16.6294 -11.1114 80
      vertex -16.6294 -11.1114 0
    endloop
  endfacet
  facet normal -0.80321 -0.595695 0
    outer loop
      vertex -16.6294 -11.1114 80
      vertex -15.4602 -12.6879 0
      vertex -15.4602 -12.6879 80
    endloop
  endfacet
  facet normal -0.903982 -0.427571 0
    outer loop
      vertex -17.6384 -9.42793 0
      vertex -18.4776 -7.65367 80
      vertex -18.4776 -7.65367 0
    endloop
  endfacet
  facet normal -0.903982 -0.427571 0
    outer loop
      vertex -18.4776 -7.65367 80
      vertex -17.6384 -9.42793 0
      vertex -17.6384 -9.42793 80
    endloop
  endfacet
  facet normal 0.146736 0.989176 -0
    outer loop
      vertex 3.90181 19.6157 0
      vertex 1.96034 19.9037 80
      vertex 3.90181 19.6157 80
    endloop
  endfacet
  facet normal 0.146736 0.989176 0
    outer loop
      vertex 1.96034 19.9037 80
      vertex 3.90181 19.6157 0
      vertex 1.96034 19.9037 0
    endloop
  endfacet
  facet normal -0.427571 -0.903982 0
    outer loop
      vertex -9.42793 -17.6384 0
      vertex -7.65367 -18.4776 80
      vertex -9.42793 -17.6384 80
    endloop
  endfacet
  facet normal -0.427571 -0.903982 -0
    outer loop
      vertex -7.65367 -18.4776 80
      vertex -9.42793 -17.6384 0
      vertex -7.65367 -18.4776 0
    endloop
  endfacet
  facet normal 0.595695 -0.80321 0
    outer loop
      vertex 11.1114 -16.6294 0
      vertex 12.6879 -15.4602 80
      vertex 11.1114 -16.6294 80
    endloop
  endfacet
  facet normal 0.595695 -0.80321 0
    outer loop
      vertex 12.6879 -15.4602 80
      vertex 11.1114 -16.6294 0
      vertex 12.6879 -15.4602 0
    endloop
  endfacet
  facet normal 0.998796 -0.049065 0
    outer loop
      vertex 19.9037 -1.96034 80
      vertex 20 0 0
      vertex 20 0 80
    endloop
  endfacet
  facet normal 0.998796 -0.049065 0
    outer loop
      vertex 20 0 0
      vertex 19.9037 -1.96034 80
      vertex 19.9037 -1.96034 0
    endloop
  endfacet
  facet normal -0.146736 0.989176 0
    outer loop
      vertex -1.96034 19.9037 0
      vertex -3.90181 19.6157 80
      vertex -1.96034 19.9037 80
    endloop
  endfacet
  facet normal -0.146736 0.989176 0
    outer loop
      vertex -3.90181 19.6157 80
      vertex -1.96034 19.9037 0
      vertex -3.90181 19.6157 0
    endloop
  endfacet
  facet normal -0.989176 -0.146736 0
    outer loop
      vertex -19.6157 -3.90181 0
      vertex -19.9037 -1.96034 80
      vertex -19.9037 -1.96034 0
    endloop
  endfacet
  facet normal -0.989176 -0.146736 0
    outer loop
      vertex -19.9037 -1.96034 80
      vertex -19.6157 -3.90181 0
      vertex -19.6157 -3.90181 80
    endloop
  endfacet
  facet normal 0.336882 -0.941547 0
    outer loop
      vertex 5.80569 -19.1388 0
      vertex 7.65367 -18.4776 80
      vertex 5.80569 -19.1388 80
    endloop
  endfacet
  facet normal 0.336882 -0.941547 0
    outer loop
      vertex 7.65367 -18.4776 80
      vertex 5.80569 -19.1388 0
      vertex 7.65367 -18.4776 0
    endloop
  endfacet
  facet normal 0.242982 -0.970031 0
    outer loop
      vertex 3.90181 -19.6157 0
      vertex 5.80569 -19.1388 80
      vertex 3.90181 -19.6157 80
    endloop
  endfacet
  facet normal 0.242982 -0.970031 0
    outer loop
      vertex 5.80569 -19.1388 80
      vertex 3.90181 -19.6157 0
      vertex 5.80569 -19.1388 0
    endloop
  endfacet
  facet normal -0.740928 -0.671584 0
    outer loop
      vertex -14.1421 -14.1421 0
      vertex -15.4602 -12.6879 80
      vertex -15.4602 -12.6879 0
    endloop
  endfacet
  facet normal -0.740928 -0.671584 0
    outer loop
      vertex -15.4602 -12.6879 80
      vertex -14.1421 -14.1421 0
      vertex -14.1421 -14.1421 80
    endloop
  endfacet
  facet normal -0.903982 0.427571 0
    outer loop
      vertex -18.4776 7.65367 0
      vertex -17.6384 9.42793 80
      vertex -17.6384 9.42793 0
    endloop
  endfacet
  facet normal -0.903982 0.427571 0
    outer loop
      vertex -17.6384 9.42793 80
      vertex -18.4776 7.65367 0
      vertex -18.4776 7.65367 80
    endloop
  endfacet
  facet normal -0.595695 -0.80321 0
    outer loop
      vertex -12.6879 -15.4602 0
      vertex -11.1114 -16.6294 80
      vertex -12.6879 -15.4602 80
    endloop
  endfacet
  facet normal -0.595695 -0.80321 -0
    outer loop
      vertex -11.1114 -16.6294 80
      vertex -12.6879 -15.4602 0
      vertex -11.1114 -16.6294 0
    endloop
  endfacet
  facet normal 0.903982 -0.427571 0
    outer loop
      vertex 17.6384 -9.42793 80
      vertex 18.4776 -7.65367 0
      vertex 18.4776 -7.65367 80
    endloop
  endfacet
  facet normal 0.903982 -0.427571 0
    outer loop
      vertex 18.4776 -7.65367 0
      vertex 17.6384 -9.42793 80
      vertex 17.6384 -9.42793 0
    endloop
  endfacet
  facet normal 0.857736 -0.51409 0
    outer loop
      vertex 16.6294 -11.1114 80
      vertex 17.6384 -9.42793 0
      vertex 17.6384 -9.42793 80
    endloop
  endfacet
  facet normal 0.857736 -0.51409 0
    outer loop
      vertex 17.6384 -9.42793 0
      vertex 16.6294 -11.1114 80
      vertex 16.6294 -11.1114 0
    endloop
  endfacet
  facet normal -0.049065 -0.998796 0
    outer loop
      vertex -1.96034 -19.9037 0
      vertex 0 -20 80
      vertex -1.96034 -19.9037 80
    endloop
  endfacet
  facet normal -0.049065 -0.998796 -0
    outer loop
      vertex 0 -20 80
      vertex -1.96034 -19.9037 0
      vertex 0 -20 0
    endloop
  endfacet
  facet normal 0 0 1
    outer loop
      vertex 18 0 80
      vertex 20 0 80
      vertex 19.9037 1.96034 80
    endloop
  endfacet
  facet normal 0 0 1
    outer loop
      vertex 17.9133 1.76431 80
      vertex 19.9037 1.96034 80
      vertex 19.6157 3.90181 80
    endloop
  endfacet
  facet normal 0 0 1
    outer loop
      vertex 20 0 80
      vertex 18 0 80
      vertex 19.9037 -1.96034 80
    endloop
  endfacet
  facet normal 0 0 1
    outer loop
      vertex 17.6541 3.51163 80
      vertex 19.6157 3.90181 80
      vertex 19.1388 5.80569 80
    endloop
  endfacet
  facet normal -0 0 1
    outer loop
      vertex 17.9133 -1.76431 80
      vertex 19.9037 -1.96034 80
      vertex 18 0 80
    endloop
  endfacet
  facet normal 0 0 1
    outer loop
      vertex 17.2249 5.22512 80
      vertex 19.1388 5.80569 80
      vertex 18.4776 7.65367 80
    endloop
  endfacet
  facet normal 0 0 1
    outer loop
      vertex 19.9037 -1.96034 80
      vertex 17.9133 -1.76431 80
      vertex 19.6157 -3.90181 80
    endloop
  endfacet
  facet normal -0 0 1
    outer loop
      vertex 17.6541 -3.51163 80
      vertex 19.6157 -3.90181 80
      vertex 17.9133 -1.76431 80
    endloop
  endfacet
  facet normal 0 0 1
    outer loop
      vertex 19.9037 1.96034 80
      vertex 17.9133 1.76431 80
      vertex 18 0 80
    endloop
  endfacet
  facet normal 0 0 1
    outer loop
      vertex 19.6157 3.90181 80
      vertex 17.6541 3.51163 80
      vertex 17.9133 1.76431 80
    endloop
  endfacet
  facet normal 0 0 1
    outer loop
      vertex 16.6298 6.8883 80
      vertex 18.4776 7.65367 80
      vertex 17.6384 9.42793 80
    endloop
  endfacet
  facet normal 0 0 1
    outer loop
      vertex 19.1388 5.80569 80
      vertex 17.2249 5.22512 80
      vertex 17.6541 3.51163 80
    endloop
  endfacet
  facet normal 0 0 1
    outer loop
      vertex 18.4776 7.65367 80
      vertex 16.6298 6.8883 80
      vertex 17.2249 5.22512 80
    endloop
  endfacet
  facet normal 0 0 1
    outer loop
      vertex 15.8746 8.48514 80
      vertex 17.6384 9.42793 80
      vertex 16.6294 11.1114 80
    endloop
  endfacet
  facet normal 0 0 1
    outer loop
      vertex 17.6384 9.42793 80
      vertex 15.8746 8.48514 80
      vertex 16.6298 6.8883 80
    endloop
  endfacet
  facet normal 0 0 1
    outer loop
      vertex 14.9665 10.0003 80
      vertex 16.6294 11.1114 80
      vertex 15.4602 12.6879 80
    endloop
  endfacet
  facet normal 0 0 1
    outer loop
      vertex 16.6294 11.1114 80
      vertex 14.9665 10.0003 80
      vertex 15.8746 8.48514 80
    endloop
  endfacet
  facet normal 0 0 1
    outer loop
      vertex 13.9142 11.4191 80
      vertex 15.4602 12.6879 80
      vertex 14.1421 14.1421 80
    endloop
  endfacet
  facet normal 0 0 1
    outer loop
      vertex 15.4602 12.6879 80
      vertex 13.9142 11.4191 80
      vertex 14.9665 10.0003 80
    endloop
  endfacet
  facet normal 0 0 1
    outer loop
      vertex 14.1421 14.1421 80
      vertex 12.7279 12.7279 80
      vertex 13.9142 11.4191 80
    endloop
  endfacet
  facet normal 0 0 1
    outer loop
      vertex 12.6879 15.4602 80
      vertex 12.7279 12.7279 80
      vertex 14.1421 14.1421 80
    endloop
  endfacet
  facet normal 0 0 1
    outer loop
      vertex 12.6879 15.4602 80
      vertex 11.4191 13.9142 80
      vertex 12.7279 12.7279 80
    endloop
  endfacet
  facet normal 0 0 1
    outer loop
      vertex 11.1114 16.6294 80
      vertex 11.4191 13.9142 80
      vertex 12.6879 15.4602 80
    endloop
  endfacet
  facet normal 0 0 1
    outer loop
      vertex 11.1114 16.6294 80
      vertex 10.0003 14.9665 80
      vertex 11.4191 13.9142 80
    endloop
  endfacet
  facet normal 0 0 1
    outer loop
      vertex 9.42793 17.6384 80
      vertex 10.0003 14.9665 80
      vertex 11.1114 16.6294 80
    endloop
  endfacet
  facet normal 0 0 1
    outer loop
      vertex 9.42793 17.6384 80
      vertex 8.48514 15.8746 80
      vertex 10.0003 14.9665 80
    endloop
  endfacet
  facet normal 0 0 1
    outer loop
      vertex 7.65367 18.4776 80
      vertex 8.48514 15.8746 80
      vertex 9.42793 17.6384 80
    endloop
  endfacet
  facet normal 0 0 1
    outer loop
      vertex 7.65367 18.4776 80
      vertex 6.8883 16.6298 80
      vertex 8.48514 15.8746 80
    endloop
  endfacet
  facet normal 0 0 1
    outer loop
      vertex 5.80569 19.1388 80
      vertex 6.8883 16.6298 80
      vertex 7.65367 18.4776 80
    endloop
  endfacet
  facet normal 0 0 1
    outer loop
      vertex 5.80569 19.1388 80
      vertex 5.22512 17.2249 80
      vertex 6.8883 16.6298 80
    endloop
  endfacet
  facet normal 0 0 1
    outer loop
      vertex 3.90181 19.6157 80
      vertex 5.22512 17.2249 80
      vertex 5.80569 19.1388 80
    endloop
  endfacet
  facet normal 0 0 1
    outer loop
      vertex 3.90181 19.6157 80
      vertex 3.51163 17.6541 80
      vertex 5.22512 17.2249 80
    endloop
  endfacet
  facet normal 0 0 1
    outer loop
      vertex 1.96034 19.9037 80
      vertex 3.51163 17.6541 80
      vertex 3.90181 19.6157 80
    endloop
  endfacet
  facet normal 0 0 1
    outer loop
      vertex 1.96034 19.9037 80
      vertex 1.76431 17.9133 80
      vertex 3.51163 17.6541 80
    endloop
  endfacet
  facet normal 0 0 1
    outer loop
      vertex 0 20 80
      vertex 1.76431 17.9133 80
      vertex 1.96034 19.9037 80
    endloop
  endfacet
  facet normal 0 0 1
    outer loop
      vertex 0 20 80
      vertex 0 18 80
      vertex 1.76431 17.9133 80
    endloop
  endfacet
  facet normal 0 0 1
    outer loop
      vertex 0 20 80
      vertex -1.76431 17.9133 80
      vertex 0 18 80
    endloop
  endfacet
  facet normal -0 0 1
    outer loop
      vertex -1.96034 19.9037 80
      vertex -1.76431 17.9133 80
      vertex 0 20 80
    endloop
  endfacet
  facet normal 0 0 1
    outer loop
      vertex -1.96034 19.9037 80
      vertex -3.51163 17.6541 80
      vertex -1.76431 17.9133 80
    endloop
  endfacet
  facet normal -0 0 1
    outer loop
      vertex -3.90181 19.6157 80
      vertex -3.51163 17.6541 80
      vertex -1.96034 19.9037 80
    endloop
  endfacet
  facet normal 0 0 1
    outer loop
      vertex -3.90181 19.6157 80
      vertex -5.22512 17.2249 80
      vertex -3.51163 17.6541 80
    endloop
  endfacet
  facet normal -0 0 1
    outer loop
      vertex -5.80569 19.1388 80
      vertex -5.22512 17.2249 80
      vertex -3.90181 19.6157 80
    endloop
  endfacet
  facet normal 0 0 1
    outer loop
      vertex -5.80569 19.1388 80
      vertex -6.8883 16.6298 80
      vertex -5.22512 17.2249 80
    endloop
  endfacet
  facet normal -0 0 1
    outer loop
      vertex -7.65367 18.4776 80
      vertex -6.8883 16.6298 80
      vertex -5.80569 19.1388 80
    endloop
  endfacet
  facet normal 0 0 1
    outer loop
      vertex -7.65367 18.4776 80
      vertex -8.48514 15.8746 80
      vertex -6.8883 16.6298 80
    endloop
  endfacet
  facet normal -0 0 1
    outer loop
      vertex -9.42793 17.6384 80
      vertex -8.48514 15.8746 80
      vertex -7.65367 18.4776 80
    endloop
  endfacet
  facet normal 0 0 1
    outer loop
      vertex -9.42793 17.6384 80
      vertex -10.0003 14.9665 80
      vertex -8.48514 15.8746 80
    endloop
  endfacet
  facet normal -0 0 1
    outer loop
      vertex -11.1114 16.6294 80
      vertex -10.0003 14.9665 80
      vertex -9.42793 17.6384 80
    endloop
  endfacet
  facet normal 0 0 1
    outer loop
      vertex -11.1114 16.6294 80
      vertex -11.4191 13.9142 80
      vertex -10.0003 14.9665 80
    endloop
  endfacet
  facet normal -0 0 1
    outer loop
      vertex -12.6879 15.4602 80
      vertex -11.4191 13.9142 80
      vertex -11.1114 16.6294 80
    endloop
  endfacet
  facet normal 0 0 1
    outer loop
      vertex -12.6879 15.4602 80
      vertex -12.7279 12.7279 80
      vertex -11.4191 13.9142 80
    endloop
  endfacet
  facet normal -0 0 1
    outer loop
      vertex -14.1421 14.1421 80
      vertex -12.7279 12.7279 80
      vertex -12.6879 15.4602 80
    endloop
  endfacet
  facet normal 0 0 1
    outer loop
      vertex -12.7279 12.7279 80
      vertex -14.1421 14.1421 80
      vertex -13.9142 11.4191 80
    endloop
  endfacet
  facet normal -0 0 1
    outer loop
      vertex -15.4602 12.6879 80
      vertex -13.9142 11.4191 80
      vertex -14.1421 14.1421 80
    endloop
  endfacet
  facet normal 0 0 1
    outer loop
      vertex -13.9142 11.4191 80
      vertex -15.4602 12.6879 80
      vertex -14.9665 10.0003 80
    endloop
  endfacet
  facet normal -0 0 1
    outer loop
      vertex -16.6294 11.1114 80
      vertex -14.9665 10.0003 80
      vertex -15.4602 12.6879 80
    endloop
  endfacet
  facet normal 0 0 1
    outer loop
      vertex -14.9665 10.0003 80
      vertex -16.6294 11.1114 80
      vertex -15.8746 8.48514 80
    endloop
  endfacet
  facet normal -0 0 1
    outer loop
      vertex -17.6384 9.42793 80
      vertex -15.8746 8.48514 80
      vertex -16.6294 11.1114 80
    endloop
  endfacet
  facet normal 0 0 1
    outer loop
      vertex -15.8746 8.48514 80
      vertex -17.6384 9.42793 80
      vertex -16.6298 6.8883 80
    endloop
  endfacet
  facet normal -0 0 1
    outer loop
      vertex -18.4776 7.65367 80
      vertex -16.6298 6.8883 80
      vertex -17.6384 9.42793 80
    endloop
  endfacet
  facet normal 0 0 1
    outer loop
      vertex -16.6298 6.8883 80
      vertex -18.4776 7.65367 80
      vertex -17.2249 5.22512 80
    endloop
  endfacet
  facet normal -0 0 1
    outer loop
      vertex -19.1388 5.80569 80
      vertex -17.2249 5.22512 80
      vertex -18.4776 7.65367 80
    endloop
  endfacet
  facet normal 0 0 1
    outer loop
      vertex -17.2249 5.22512 80
      vertex -19.1388 5.80569 80
      vertex -17.6541 3.51163 80
    endloop
  endfacet
  facet normal -0 0 1
    outer loop
      vertex -19.6157 3.90181 80
      vertex -17.6541 3.51163 80
      vertex -19.1388 5.80569 80
    endloop
  endfacet
  facet normal 0 0 1
    outer loop
      vertex 19.6157 -3.90181 80
      vertex 17.6541 -3.51163 80
      vertex 19.1388 -5.80569 80
    endloop
  endfacet
  facet normal -0 0 1
    outer loop
      vertex 17.2249 -5.22512 80
      vertex 19.1388 -5.80569 80
      vertex 17.6541 -3.51163 80
    endloop
  endfacet
  facet normal 0 0 1
    outer loop
      vertex 19.1388 -5.80569 80
      vertex 17.2249 -5.22512 80
      vertex 18.4776 -7.65367 80
    endloop
  endfacet
  facet normal -0 0 1
    outer loop
      vertex 16.6298 -6.8883 80
      vertex 18.4776 -7.65367 80
      vertex 17.2249 -5.22512 80
    endloop
  endfacet
  facet normal 0 0 1
    outer loop
      vertex 18.4776 -7.65367 80
      vertex 16.6298 -6.8883 80
      vertex 17.6384 -9.42793 80
    endloop
  endfacet
  facet normal -0 0 1
    outer loop
      vertex 15.8746 -8.48514 80
      vertex 17.6384 -9.42793 80
      vertex 16.6298 -6.8883 80
    endloop
  endfacet
  facet normal 0 0 1
    outer loop
      vertex 17.6384 -9.42793 80
      vertex 15.8746 -8.48514 80
      vertex 16.6294 -11.1114 80
    endloop
  endfacet
  facet normal -0 0 1
    outer loop
      vertex 14.9665 -10.0003 80
      vertex 16.6294 -11.1114 80
      vertex 15.8746 -8.48514 80
    endloop
  endfacet
  facet normal 0 0 1
    outer loop
      vertex 16.6294 -11.1114 80
      vertex 14.9665 -10.0003 80
      vertex 15.4602 -12.6879 80
    endloop
  endfacet
  facet normal -0 0 1
    outer loop
      vertex 13.9142 -11.4191 80
      vertex 15.4602 -12.6879 80
      vertex 14.9665 -10.0003 80
    endloop
  endfacet
  facet normal 0 0 1
    outer loop
      vertex 15.4602 -12.6879 80
      vertex 13.9142 -11.4191 80
      vertex 14.1421 -14.1421 80
    endloop
  endfacet
  facet normal -0 0 1
    outer loop
      vertex 12.7279 -12.7279 80
      vertex 14.1421 -14.1421 80
      vertex 13.9142 -11.4191 80
    endloop
  endfacet
  facet normal 0 0 1
    outer loop
      vertex 12.7279 -12.7279 80
      vertex 12.6879 -15.4602 80
      vertex 14.1421 -14.1421 80
    endloop
  endfacet
  facet normal -0 0 1
    outer loop
      vertex 11.4191 -13.9142 80
      vertex 12.6879 -15.4602 80
      vertex 12.7279 -12.7279 80
    endloop
  endfacet
  facet normal 0 0 1
    outer loop
      vertex 11.4191 -13.9142 80
      vertex 11.1114 -16.6294 80
      vertex 12.6879 -15.4602 80
    endloop
  endfacet
  facet normal -0 0 1
    outer loop
      vertex 10.0003 -14.9665 80
      vertex 11.1114 -16.6294 80
      vertex 11.4191 -13.9142 80
    endloop
  endfacet
  facet normal 0 0 1
    outer loop
      vertex 10.0003 -14.9665 80
      vertex 9.42793 -17.6384 80
      vertex 11.1114 -16.6294 80
    endloop
  endfacet
  facet normal -0 0 1
    outer loop
      vertex 8.48514 -15.8746 80
      vertex 9.42793 -17.6384 80
      vertex 10.0003 -14.9665 80
    endloop
  endfacet
  facet normal 0 0 1
    outer loop
      vertex 8.48514 -15.8746 80
      vertex 7.65367 -18.4776 80
      vertex 9.42793 -17.6384 80
    endloop
  endfacet
  facet normal -0 0 1
    outer loop
      vertex 6.8883 -16.6298 80
      vertex 7.65367 -18.4776 80
      vertex 8.48514 -15.8746 80
    endloop
  endfacet
  facet normal 0 0 1
    outer loop
      vertex 6.8883 -16.6298 80
      vertex 5.80569 -19.1388 80
      vertex 7.65367 -18.4776 80
    endloop
  endfacet
  facet normal -0 0 1
    outer loop
      vertex 5.22512 -17.2249 80
      vertex 5.80569 -19.1388 80
      vertex 6.8883 -16.6298 80
    endloop
  endfacet
  facet normal 0 0 1
    outer loop
      vertex 5.22512 -17.2249 80
      vertex 3.90181 -19.6157 80
      vertex 5.80569 -19.1388 80
    endloop
  endfacet
  facet normal -0 0 1
    outer loop
      vertex 3.51163 -17.6541 80
      vertex 3.90181 -19.6157 80
      vertex 5.22512 -17.2249 80
    endloop
  endfacet
  facet normal 0 0 1
    outer loop
      vertex 3.51163 -17.6541 80
      vertex 1.96034 -19.9037 80
      vertex 3.90181 -19.6157 80
    endloop
  endfacet
  facet normal -0 0 1
    outer loop
      vertex 1.76431 -17.9133 80
      vertex 1.96034 -19.9037 80
      vertex 3.51163 -17.6541 80
    endloop
  endfacet
  facet normal -0 0 1
    outer loop
      vertex 0 -18 80
      vertex 1.96034 -19.9037 80
      vertex 1.76431 -17.9133 80
    endloop
  endfacet
  facet normal 0 0 1
    outer loop
      vertex 0 -18 80
      vertex 0 -20 80
      vertex 1.96034 -19.9037 80
    endloop
  endfacet
  facet normal 0 0 1
    outer loop
      vertex -1.76431 -17.9133 80
      vertex 0 -20 80
      vertex 0 -18 80
    endloop
  endfacet
  facet normal 0 0 1
    outer loop
      vertex -1.76431 -17.9133 80
      vertex -1.96034 -19.9037 80
      vertex 0 -20 80
    endloop
  endfacet
  facet normal 0 0 1
    outer loop
      vertex -3.51163 -17.6541 80
      vertex -1.96034 -19.9037 80
      vertex -1.76431 -17.9133 80
    endloop
  endfacet
  facet normal 0 0 1
    outer loop
      vertex -3.51163 -17.6541 80
      vertex -3.90181 -19.6157 80
      vertex -1.96034 -19.9037 80
    endloop
  endfacet
  facet normal 0 0 1
    outer loop
      vertex -5.22512 -17.2249 80
      vertex -3.90181 -19.6157 80
      vertex -3.51163 -17.6541 80
    endloop
  endfacet
  facet normal 0 0 1
    outer loop
      vertex -5.22512 -17.2249 80
      vertex -5.80569 -19.1388 80
      vertex -3.90181 -19.6157 80
    endloop
  endfacet
  facet normal 0 0 1
    outer loop
      vertex -6.8883 -16.6298 80
      vertex -5.80569 -19.1388 80
      vertex -5.22512 -17.2249 80
    endloop
  endfacet
  facet normal 0 0 1
    outer loop
      vertex -6.8883 -16.6298 80
      vertex -7.65367 -18.4776 80
      vertex -5.80569 -19.1388 80
    endloop
  endfacet
  facet normal 0 0 1
    outer loop
      vertex -8.48514 -15.8746 80
      vertex -7.65367 -18.4776 80
      vertex -6.8883 -16.6298 80
    endloop
  endfacet
  facet normal 0 0 1
    outer loop
      vertex -8.48514 -15.8746 80
      vertex -9.42793 -17.6384 80
      vertex -7.65367 -18.4776 80
    endloop
  endfacet
  facet normal 0 0 1
    outer loop
      vertex -10.0003 -14.9665 80
      vertex -9.42793 -17.6384 80
      vertex -8.48514 -15.8746 80
    endloop
  endfacet
  facet normal 0 0 1
    outer loop
      vertex -10.0003 -14.9665 80
      vertex -11.1114 -16.6294 80
      vertex -9.42793 -17.6384 80
    endloop
  endfacet
  facet normal 0 0 1
    outer loop
      vertex -11.4191 -13.9142 80
      vertex -11.1114 -16.6294 80
      vertex -10.0003 -14.9665 80
    endloop
  endfacet
  facet normal 0 0 1
    outer loop
      vertex -11.4191 -13.9142 80
      vertex -12.6879 -15.4602 80
      vertex -11.1114 -16.6294 80
    endloop
  endfacet
  facet normal 0 0 1
    outer loop
      vertex -12.7279 -12.7279 80
      vertex -12.6879 -15.4602 80
      vertex -11.4191 -13.9142 80
    endloop
  endfacet
  facet normal 0 0 1
    outer loop
      vertex -14.1421 -14.1421 80
      vertex -12.7279 -12.7279 80
      vertex -13.9142 -11.4191 80
    endloop
  endfacet
  facet normal 0 0 1
    outer loop
      vertex -12.7279 -12.7279 80
      vertex -14.1421 -14.1421 80
      vertex -12.6879 -15.4602 80
    endloop
  endfacet
  facet normal 0 0 1
    outer loop
      vertex -15.4602 -12.6879 80
      vertex -13.9142 -11.4191 80
      vertex -14.9665 -10.0003 80
    endloop
  endfacet
  facet normal 0 0 1
    outer loop
      vertex -13.9142 -11.4191 80
      vertex -15.4602 -12.6879 80
      vertex -14.1421 -14.1421 80
    endloop
  endfacet
  facet normal 0 0 1
    outer loop
      vertex -16.6294 -11.1114 80
      vertex -14.9665 -10.0003 80
      vertex -15.8746 -8.48514 80
    endloop
  endfacet
  facet normal 0 0 1
    outer loop
      vertex -14.9665 -10.0003 80
      vertex -16.6294 -11.1114 80
      vertex -15.4602 -12.6879 80
    endloop
  endfacet
  facet normal 0 0 1
    outer loop
      vertex -17.6384 -9.42793 80
      vertex -15.8746 -8.48514 80
      vertex -16.6298 -6.8883 80
    endloop
  endfacet
  facet normal 0 0 1
    outer loop
      vertex -18.4776 -7.65367 80
      vertex -16.6298 -6.8883 80
      vertex -17.2249 -5.22512 80
    endloop
  endfacet
  facet normal 0 0 1
    outer loop
      vertex -15.8746 -8.48514 80
      vertex -17.6384 -9.42793 80
      vertex -16.6294 -11.1114 80
    endloop
  endfacet
  facet normal 0 0 1
    outer loop
      vertex -19.1388 -5.80569 80
      vertex -17.2249 -5.22512 80
      vertex -17.6541 -3.51163 80
    endloop
  endfacet
  facet normal 0 0 1
    outer loop
      vertex -19.6157 -3.90181 80
      vertex -17.6541 -3.51163 80
      vertex -17.9133 -1.76431 80
    endloop
  endfacet
  facet normal 0 0 1
    outer loop
      vertex -19.9037 -1.96034 80
      vertex -17.9133 -1.76431 80
      vertex -18 0 80
    endloop
  endfacet
  facet normal 0 0 1
    outer loop
      vertex -17.6541 3.51163 80
      vertex -19.6157 3.90181 80
      vertex -17.9133 1.76431 80
    endloop
  endfacet
  facet normal 0 0 1
    outer loop
      vertex -16.6298 -6.8883 80
      vertex -18.4776 -7.65367 80
      vertex -17.6384 -9.42793 80
    endloop
  endfacet
  facet normal -0 0 1
    outer loop
      vertex -19.9037 1.96034 80
      vertex -17.9133 1.76431 80
      vertex -19.6157 3.90181 80
    endloop
  endfacet
  facet normal 0 0 1
    outer loop
      vertex -17.2249 -5.22512 80
      vertex -19.1388 -5.80569 80
      vertex -18.4776 -7.65367 80
    endloop
  endfacet
  facet normal 0 0 1
    outer loop
      vertex -17.9133 1.76431 80
      vertex -19.9037 1.96034 80
      vertex -18 0 80
    endloop
  endfacet
  facet normal 0 0 1
    outer loop
      vertex -17.6541 -3.51163 80
      vertex -19.6157 -3.90181 80
      vertex -19.1388 -5.80569 80
    endloop
  endfacet
  facet normal 0 0 1
    outer loop
      vertex -20 0 80
      vertex -18 0 80
      vertex -19.9037 1.96034 80
    endloop
  endfacet
  facet normal 0 0 1
    outer loop
      vertex -17.9133 -1.76431 80
      vertex -19.9037 -1.96034 80
      vertex -19.6157 -3.90181 80
    endloop
  endfacet
  facet normal 0 0 1
    outer loop
      vertex -18 0 80
      vertex -20 0 80
      vertex -19.9037 -1.96034 80
    endloop
  endfacet
  facet normal -0.998796 0.049065 0
    outer loop
      vertex -20 0 0
      vertex -19.9037 1.96034 80
      vertex -19.9037 1.96034 0
    endloop
  endfacet
  facet normal -0.998796 0.049065 0
    outer loop
      vertex -19.9037 1.96034 80
      vertex -20 0 0
      vertex -20 0 80
    endloop
  endfacet
  facet normal 0.671584 -0.740928 0
    outer loop
      vertex 12.6879 -15.4602 0
      vertex 14.1421 -14.1421 80
      vertex 12.6879 -15.4602 80
    endloop
  endfacet
  facet normal 0.671584 -0.740928 0
    outer loop
      vertex 14.1421 -14.1421 80
      vertex 12.6879 -15.4602 0
      vertex 14.1421 -14.1421 0
    endloop
  endfacet
  facet normal 0.989176 0.146736 0
    outer loop
      vertex 17.9133 1.76431 115
      vertex 17.6541 3.51163 80
      vertex 17.6541 3.51163 115
    endloop
  endfacet
  facet normal 0.989176 0.146736 0
    outer loop
      vertex 17.6541 3.51163 80
      vertex 17.9133 1.76431 115
      vertex 17.9133 1.76431 80
    endloop
  endfacet
  facet normal 0.998795 0.0490818 0
    outer loop
      vertex 18 0 115
      vertex 17.9133 1.76431 80
      vertex 17.9133 1.76431 115
    endloop
  endfacet
  facet normal 0.998795 0.0490818 0
    outer loop
      vertex 17.9133 1.76431 80
      vertex 18 0 115
      vertex 18 0 80
    endloop
  endfacet
  facet normal 0.970032 0.242977 0
    outer loop
      vertex 17.6541 3.51163 115
      vertex 17.2249 5.22512 80
      vertex 17.2249 5.22512 115
    endloop
  endfacet
  facet normal 0.970032 0.242977 0
    outer loop
      vertex 17.2249 5.22512 80
      vertex 17.6541 3.51163 115
      vertex 17.6541 3.51163 80
    endloop
  endfacet
  facet normal 0.336892 -0.941543 0
    outer loop
      vertex 5.22512 -17.2249 80
      vertex 6.8883 -16.6298 115
      vertex 5.22512 -17.2249 115
    endloop
  endfacet
  facet normal 0.336892 -0.941543 0
    outer loop
      vertex 6.8883 -16.6298 115
      vertex 5.22512 -17.2249 80
      vertex 6.8883 -16.6298 80
    endloop
  endfacet
  facet normal 0.671582 0.740931 -0
    outer loop
      vertex 12.7279 12.7279 80
      vertex 11.4191 13.9142 115
      vertex 12.7279 12.7279 115
    endloop
  endfacet
  facet normal 0.671582 0.740931 0
    outer loop
      vertex 11.4191 13.9142 115
      vertex 12.7279 12.7279 80
      vertex 11.4191 13.9142 80
    endloop
  endfacet
  facet normal 0.941543 0.336892 0
    outer loop
      vertex 17.2249 5.22512 115
      vertex 16.6298 6.8883 80
      vertex 16.6298 6.8883 115
    endloop
  endfacet
  facet normal 0.941543 0.336892 0
    outer loop
      vertex 16.6298 6.8883 80
      vertex 17.2249 5.22512 115
      vertex 17.2249 5.22512 80
    endloop
  endfacet
  facet normal -0.514081 -0.857742 0
    outer loop
      vertex -10.0003 -14.9665 80
      vertex -8.48514 -15.8746 115
      vertex -10.0003 -14.9665 115
    endloop
  endfacet
  facet normal -0.514081 -0.857742 -0
    outer loop
      vertex -8.48514 -15.8746 115
      vertex -10.0003 -14.9665 80
      vertex -8.48514 -15.8746 80
    endloop
  endfacet
  facet normal 0.740931 0.671582 0
    outer loop
      vertex 13.9142 11.4191 115
      vertex 12.7279 12.7279 80
      vertex 12.7279 12.7279 115
    endloop
  endfacet
  facet normal 0.740931 0.671582 0
    outer loop
      vertex 12.7279 12.7279 80
      vertex 13.9142 11.4191 115
      vertex 13.9142 11.4191 80
    endloop
  endfacet
  facet normal 0.514081 -0.857742 0
    outer loop
      vertex 8.48514 -15.8746 80
      vertex 10.0003 -14.9665 115
      vertex 8.48514 -15.8746 115
    endloop
  endfacet
  facet normal 0.514081 -0.857742 0
    outer loop
      vertex 10.0003 -14.9665 115
      vertex 8.48514 -15.8746 80
      vertex 10.0003 -14.9665 80
    endloop
  endfacet
  facet normal -0.427532 0.904 0
    outer loop
      vertex -6.8883 16.6298 80
      vertex -8.48514 15.8746 115
      vertex -6.8883 16.6298 115
    endloop
  endfacet
  facet normal -0.427532 0.904 0
    outer loop
      vertex -8.48514 15.8746 115
      vertex -6.8883 16.6298 80
      vertex -8.48514 15.8746 80
    endloop
  endfacet
  facet normal 0.989176 -0.146736 0
    outer loop
      vertex 17.6541 -3.51163 115
      vertex 17.9133 -1.76431 80
      vertex 17.9133 -1.76431 115
    endloop
  endfacet
  facet normal 0.989176 -0.146736 0
    outer loop
      vertex 17.9133 -1.76431 80
      vertex 17.6541 -3.51163 115
      vertex 17.6541 -3.51163 80
    endloop
  endfacet
  facet normal 0.242977 -0.970032 0
    outer loop
      vertex 3.51163 -17.6541 80
      vertex 5.22512 -17.2249 115
      vertex 3.51163 -17.6541 115
    endloop
  endfacet
  facet normal 0.242977 -0.970032 0
    outer loop
      vertex 5.22512 -17.2249 115
      vertex 3.51163 -17.6541 80
      vertex 5.22512 -17.2249 80
    endloop
  endfacet
  facet normal -0.242977 0.970032 0
    outer loop
      vertex -3.51163 17.6541 80
      vertex -5.22512 17.2249 115
      vertex -3.51163 17.6541 115
    endloop
  endfacet
  facet normal -0.242977 0.970032 0
    outer loop
      vertex -5.22512 17.2249 115
      vertex -3.51163 17.6541 80
      vertex -5.22512 17.2249 80
    endloop
  endfacet
  facet normal -0.941543 -0.336892 0
    outer loop
      vertex -16.6298 -6.8883 80
      vertex -17.2249 -5.22512 115
      vertex -17.2249 -5.22512 80
    endloop
  endfacet
  facet normal -0.941543 -0.336892 0
    outer loop
      vertex -17.2249 -5.22512 115
      vertex -16.6298 -6.8883 80
      vertex -16.6298 -6.8883 115
    endloop
  endfacet
  facet normal 0.803195 -0.595716 0
    outer loop
      vertex 13.9142 -11.4191 115
      vertex 14.9665 -10.0003 80
      vertex 14.9665 -10.0003 115
    endloop
  endfacet
  facet normal 0.803195 -0.595716 0
    outer loop
      vertex 14.9665 -10.0003 80
      vertex 13.9142 -11.4191 115
      vertex 13.9142 -11.4191 80
    endloop
  endfacet
  facet normal -0.514081 0.857742 0
    outer loop
      vertex -8.48514 15.8746 80
      vertex -10.0003 14.9665 115
      vertex -8.48514 15.8746 115
    endloop
  endfacet
  facet normal -0.514081 0.857742 0
    outer loop
      vertex -10.0003 14.9665 115
      vertex -8.48514 15.8746 80
      vertex -10.0003 14.9665 80
    endloop
  endfacet
  facet normal -0.146736 -0.989176 0
    outer loop
      vertex -3.51163 -17.6541 80
      vertex -1.76431 -17.9133 115
      vertex -3.51163 -17.6541 115
    endloop
  endfacet
  facet normal -0.146736 -0.989176 -0
    outer loop
      vertex -1.76431 -17.9133 115
      vertex -3.51163 -17.6541 80
      vertex -1.76431 -17.9133 80
    endloop
  endfacet
  facet normal 0.595716 -0.803195 0
    outer loop
      vertex 10.0003 -14.9665 80
      vertex 11.4191 -13.9142 115
      vertex 10.0003 -14.9665 115
    endloop
  endfacet
  facet normal 0.595716 -0.803195 0
    outer loop
      vertex 11.4191 -13.9142 115
      vertex 10.0003 -14.9665 80
      vertex 11.4191 -13.9142 80
    endloop
  endfacet
  facet normal -0.242977 -0.970032 0
    outer loop
      vertex -5.22512 -17.2249 80
      vertex -3.51163 -17.6541 115
      vertex -5.22512 -17.2249 115
    endloop
  endfacet
  facet normal -0.242977 -0.970032 -0
    outer loop
      vertex -3.51163 -17.6541 115
      vertex -5.22512 -17.2249 80
      vertex -3.51163 -17.6541 80
    endloop
  endfacet
  facet normal 0.904 -0.427532 0
    outer loop
      vertex 15.8746 -8.48514 115
      vertex 16.6298 -6.8883 80
      vertex 16.6298 -6.8883 115
    endloop
  endfacet
  facet normal 0.904 -0.427532 0
    outer loop
      vertex 16.6298 -6.8883 80
      vertex 15.8746 -8.48514 115
      vertex 15.8746 -8.48514 80
    endloop
  endfacet
  facet normal 0.514081 0.857742 -0
    outer loop
      vertex 10.0003 14.9665 80
      vertex 8.48514 15.8746 115
      vertex 10.0003 14.9665 115
    endloop
  endfacet
  facet normal 0.514081 0.857742 0
    outer loop
      vertex 8.48514 15.8746 115
      vertex 10.0003 14.9665 80
      vertex 8.48514 15.8746 80
    endloop
  endfacet
  facet normal -0.857742 -0.514081 0
    outer loop
      vertex -14.9665 -10.0003 80
      vertex -15.8746 -8.48514 115
      vertex -15.8746 -8.48514 80
    endloop
  endfacet
  facet normal -0.857742 -0.514081 0
    outer loop
      vertex -15.8746 -8.48514 115
      vertex -14.9665 -10.0003 80
      vertex -14.9665 -10.0003 115
    endloop
  endfacet
  facet normal 0.970032 -0.242977 0
    outer loop
      vertex 17.2249 -5.22512 115
      vertex 17.6541 -3.51163 80
      vertex 17.6541 -3.51163 115
    endloop
  endfacet
  facet normal 0.970032 -0.242977 0
    outer loop
      vertex 17.6541 -3.51163 80
      vertex 17.2249 -5.22512 115
      vertex 17.2249 -5.22512 80
    endloop
  endfacet
  facet normal -0.857742 0.514081 0
    outer loop
      vertex -15.8746 8.48514 80
      vertex -14.9665 10.0003 115
      vertex -14.9665 10.0003 80
    endloop
  endfacet
  facet normal -0.857742 0.514081 0
    outer loop
      vertex -14.9665 10.0003 115
      vertex -15.8746 8.48514 80
      vertex -15.8746 8.48514 115
    endloop
  endfacet
  facet normal -0.595716 0.803195 0
    outer loop
      vertex -10.0003 14.9665 80
      vertex -11.4191 13.9142 115
      vertex -10.0003 14.9665 115
    endloop
  endfacet
  facet normal -0.595716 0.803195 0
    outer loop
      vertex -11.4191 13.9142 115
      vertex -10.0003 14.9665 80
      vertex -11.4191 13.9142 80
    endloop
  endfacet
  facet normal -0.803195 -0.595716 0
    outer loop
      vertex -13.9142 -11.4191 80
      vertex -14.9665 -10.0003 115
      vertex -14.9665 -10.0003 80
    endloop
  endfacet
  facet normal -0.803195 -0.595716 0
    outer loop
      vertex -14.9665 -10.0003 115
      vertex -13.9142 -11.4191 80
      vertex -13.9142 -11.4191 115
    endloop
  endfacet
  facet normal 0.427532 0.904 -0
    outer loop
      vertex 8.48514 15.8746 80
      vertex 6.8883 16.6298 115
      vertex 8.48514 15.8746 115
    endloop
  endfacet
  facet normal 0.427532 0.904 0
    outer loop
      vertex 6.8883 16.6298 115
      vertex 8.48514 15.8746 80
      vertex 6.8883 16.6298 80
    endloop
  endfacet
  facet normal 0.146736 -0.989176 0
    outer loop
      vertex 1.76431 -17.9133 80
      vertex 3.51163 -17.6541 115
      vertex 1.76431 -17.9133 115
    endloop
  endfacet
  facet normal 0.146736 -0.989176 0
    outer loop
      vertex 3.51163 -17.6541 115
      vertex 1.76431 -17.9133 80
      vertex 3.51163 -17.6541 80
    endloop
  endfacet
  facet normal -0.146736 0.989176 0
    outer loop
      vertex -1.76431 17.9133 80
      vertex -3.51163 17.6541 115
      vertex -1.76431 17.9133 115
    endloop
  endfacet
  facet normal -0.146736 0.989176 0
    outer loop
      vertex -3.51163 17.6541 115
      vertex -1.76431 17.9133 80
      vertex -3.51163 17.6541 80
    endloop
  endfacet
  facet normal -0.904 -0.427532 0
    outer loop
      vertex -15.8746 -8.48514 80
      vertex -16.6298 -6.8883 115
      vertex -16.6298 -6.8883 80
    endloop
  endfacet
  facet normal -0.904 -0.427532 0
    outer loop
      vertex -16.6298 -6.8883 115
      vertex -15.8746 -8.48514 80
      vertex -15.8746 -8.48514 115
    endloop
  endfacet
  facet normal 0.595716 0.803195 -0
    outer loop
      vertex 11.4191 13.9142 80
      vertex 10.0003 14.9665 115
      vertex 11.4191 13.9142 115
    endloop
  endfacet
  facet normal 0.595716 0.803195 0
    outer loop
      vertex 10.0003 14.9665 115
      vertex 11.4191 13.9142 80
      vertex 10.0003 14.9665 80
    endloop
  endfacet
  facet normal 0.998795 -0.0490818 0
    outer loop
      vertex 17.9133 -1.76431 115
      vertex 18 0 80
      vertex 18 0 115
    endloop
  endfacet
  facet normal 0.998795 -0.0490818 0
    outer loop
      vertex 18 0 80
      vertex 17.9133 -1.76431 115
      vertex 17.9133 -1.76431 80
    endloop
  endfacet
  facet normal 0.242977 0.970032 -0
    outer loop
      vertex 5.22512 17.2249 80
      vertex 3.51163 17.6541 115
      vertex 5.22512 17.2249 115
    endloop
  endfacet
  facet normal 0.242977 0.970032 0
    outer loop
      vertex 3.51163 17.6541 115
      vertex 5.22512 17.2249 80
      vertex 3.51163 17.6541 80
    endloop
  endfacet
  facet normal -0.970032 0.242977 0
    outer loop
      vertex -17.6541 3.51163 80
      vertex -17.2249 5.22512 115
      vertex -17.2249 5.22512 80
    endloop
  endfacet
  facet normal -0.970032 0.242977 0
    outer loop
      vertex -17.2249 5.22512 115
      vertex -17.6541 3.51163 80
      vertex -17.6541 3.51163 115
    endloop
  endfacet
  facet normal -0.595716 -0.803195 0
    outer loop
      vertex -11.4191 -13.9142 80
      vertex -10.0003 -14.9665 115
      vertex -11.4191 -13.9142 115
    endloop
  endfacet
  facet normal -0.595716 -0.803195 -0
    outer loop
      vertex -10.0003 -14.9665 115
      vertex -11.4191 -13.9142 80
      vertex -10.0003 -14.9665 80
    endloop
  endfacet
  facet normal -0.740931 0.671582 0
    outer loop
      vertex -13.9142 11.4191 80
      vertex -12.7279 12.7279 115
      vertex -12.7279 12.7279 80
    endloop
  endfacet
  facet normal -0.740931 0.671582 0
    outer loop
      vertex -12.7279 12.7279 115
      vertex -13.9142 11.4191 80
      vertex -13.9142 11.4191 115
    endloop
  endfacet
  facet normal 0.857742 -0.514081 0
    outer loop
      vertex 14.9665 -10.0003 115
      vertex 15.8746 -8.48514 80
      vertex 15.8746 -8.48514 115
    endloop
  endfacet
  facet normal 0.857742 -0.514081 0
    outer loop
      vertex 15.8746 -8.48514 80
      vertex 14.9665 -10.0003 115
      vertex 14.9665 -10.0003 80
    endloop
  endfacet
  facet normal 0.941543 -0.336892 0
    outer loop
      vertex 16.6298 -6.8883 115
      vertex 17.2249 -5.22512 80
      vertex 17.2249 -5.22512 115
    endloop
  endfacet
  facet normal 0.941543 -0.336892 0
    outer loop
      vertex 17.2249 -5.22512 80
      vertex 16.6298 -6.8883 115
      vertex 16.6298 -6.8883 80
    endloop
  endfacet
  facet normal 0.336892 0.941543 -0
    outer loop
      vertex 6.8883 16.6298 80
      vertex 5.22512 17.2249 115
      vertex 6.8883 16.6298 115
    endloop
  endfacet
  facet normal 0.336892 0.941543 0
    outer loop
      vertex 5.22512 17.2249 115
      vertex 6.8883 16.6298 80
      vertex 5.22512 17.2249 80
    endloop
  endfacet
  facet normal 0.803195 0.595716 0
    outer loop
      vertex 14.9665 10.0003 115
      vertex 13.9142 11.4191 80
      vertex 13.9142 11.4191 115
    endloop
  endfacet
  facet normal 0.803195 0.595716 0
    outer loop
      vertex 13.9142 11.4191 80
      vertex 14.9665 10.0003 115
      vertex 14.9665 10.0003 80
    endloop
  endfacet
  facet normal 0.857742 0.514081 0
    outer loop
      vertex 15.8746 8.48514 115
      vertex 14.9665 10.0003 80
      vertex 14.9665 10.0003 115
    endloop
  endfacet
  facet normal 0.857742 0.514081 0
    outer loop
      vertex 14.9665 10.0003 80
      vertex 15.8746 8.48514 115
      vertex 15.8746 8.48514 80
    endloop
  endfacet
  facet normal -0.427532 -0.904 0
    outer loop
      vertex -8.48514 -15.8746 80
      vertex -6.8883 -16.6298 115
      vertex -8.48514 -15.8746 115
    endloop
  endfacet
  facet normal -0.427532 -0.904 -0
    outer loop
      vertex -6.8883 -16.6298 115
      vertex -8.48514 -15.8746 80
      vertex -6.8883 -16.6298 80
    endloop
  endfacet
  facet normal -0.970032 -0.242977 0
    outer loop
      vertex -17.2249 -5.22512 80
      vertex -17.6541 -3.51163 115
      vertex -17.6541 -3.51163 80
    endloop
  endfacet
  facet normal -0.970032 -0.242977 0
    outer loop
      vertex -17.6541 -3.51163 115
      vertex -17.2249 -5.22512 80
      vertex -17.2249 -5.22512 115
    endloop
  endfacet
  facet normal 0.904 0.427532 0
    outer loop
      vertex 16.6298 6.8883 115
      vertex 15.8746 8.48514 80
      vertex 15.8746 8.48514 115
    endloop
  endfacet
  facet normal 0.904 0.427532 0
    outer loop
      vertex 15.8746 8.48514 80
      vertex 16.6298 6.8883 115
      vertex 16.6298 6.8883 80
    endloop
  endfacet
  facet normal 0 0 1
    outer loop
      vertex 17.9133 1.76431 115
      vertex 17.9133 -1.76431 115
      vertex 18 0 115
    endloop
  endfacet
  facet normal 0 0 1
    outer loop
      vertex 17.6541 3.51163 115
      vertex 17.9133 -1.76431 115
      vertex 17.9133 1.76431 115
    endloop
  endfacet
  facet normal 0 0 1
    outer loop
      vertex 17.6541 3.51163 115
      vertex 17.6541 -3.51163 115
      vertex 17.9133 -1.76431 115
    endloop
  endfacet
  facet normal 0 0 1
    outer loop
      vertex 17.2249 5.22512 115
      vertex 17.6541 -3.51163 115
      vertex 17.6541 3.51163 115
    endloop
  endfacet
  facet normal 0 0 1
    outer loop
      vertex 17.2249 5.22512 115
      vertex 17.2249 -5.22512 115
      vertex 17.6541 -3.51163 115
    endloop
  endfacet
  facet normal 0 0 1
    outer loop
      vertex 16.6298 6.8883 115
      vertex 17.2249 -5.22512 115
      vertex 17.2249 5.22512 115
    endloop
  endfacet
  facet normal 0 0 1
    outer loop
      vertex 16.6298 6.8883 115
      vertex 16.6298 -6.8883 115
      vertex 17.2249 -5.22512 115
    endloop
  endfacet
  facet normal 0 0 1
    outer loop
      vertex 15.8746 8.48514 115
      vertex 16.6298 -6.8883 115
      vertex 16.6298 6.8883 115
    endloop
  endfacet
  facet normal 0 0 1
    outer loop
      vertex 15.8746 8.48514 115
      vertex 15.8746 -8.48514 115
      vertex 16.6298 -6.8883 115
    endloop
  endfacet
  facet normal 0 0 1
    outer loop
      vertex 14.9665 10.0003 115
      vertex 15.8746 -8.48514 115
      vertex 15.8746 8.48514 115
    endloop
  endfacet
  facet normal 0 0 1
    outer loop
      vertex 14.9665 10.0003 115
      vertex 14.9665 -10.0003 115
      vertex 15.8746 -8.48514 115
    endloop
  endfacet
  facet normal 0 0 1
    outer loop
      vertex 13.9142 11.4191 115
      vertex 14.9665 -10.0003 115
      vertex 14.9665 10.0003 115
    endloop
  endfacet
  facet normal 0 0 1
    outer loop
      vertex 13.9142 11.4191 115
      vertex 13.9142 -11.4191 115
      vertex 14.9665 -10.0003 115
    endloop
  endfacet
  facet normal 0 0 1
    outer loop
      vertex 12.7279 12.7279 115
      vertex 13.9142 -11.4191 115
      vertex 13.9142 11.4191 115
    endloop
  endfacet
  facet normal 0 0 1
    outer loop
      vertex 12.7279 12.7279 115
      vertex 12.7279 -12.7279 115
      vertex 13.9142 -11.4191 115
    endloop
  endfacet
  facet normal 0 0 1
    outer loop
      vertex 11.4191 13.9142 115
      vertex 12.7279 -12.7279 115
      vertex 12.7279 12.7279 115
    endloop
  endfacet
  facet normal 0 0 1
    outer loop
      vertex 11.4191 13.9142 115
      vertex 11.4191 -13.9142 115
      vertex 12.7279 -12.7279 115
    endloop
  endfacet
  facet normal 0 0 1
    outer loop
      vertex 10.0003 14.9665 115
      vertex 11.4191 -13.9142 115
      vertex 11.4191 13.9142 115
    endloop
  endfacet
  facet normal 0 0 1
    outer loop
      vertex 10.0003 14.9665 115
      vertex 10.0003 -14.9665 115
      vertex 11.4191 -13.9142 115
    endloop
  endfacet
  facet normal 0 0 1
    outer loop
      vertex 8.48514 15.8746 115
      vertex 10.0003 -14.9665 115
      vertex 10.0003 14.9665 115
    endloop
  endfacet
  facet normal 0 0 1
    outer loop
      vertex 8.48514 15.8746 115
      vertex 8.48514 -15.8746 115
      vertex 10.0003 -14.9665 115
    endloop
  endfacet
  facet normal 0 0 1
    outer loop
      vertex 6.8883 16.6298 115
      vertex 8.48514 -15.8746 115
      vertex 8.48514 15.8746 115
    endloop
  endfacet
  facet normal 0 0 1
    outer loop
      vertex 6.8883 16.6298 115
      vertex 6.8883 -16.6298 115
      vertex 8.48514 -15.8746 115
    endloop
  endfacet
  facet normal 0 0 1
    outer loop
      vertex 5.22512 17.2249 115
      vertex 6.8883 -16.6298 115
      vertex 6.8883 16.6298 115
    endloop
  endfacet
  facet normal 0 0 1
    outer loop
      vertex 5.22512 17.2249 115
      vertex 5.22512 -17.2249 115
      vertex 6.8883 -16.6298 115
    endloop
  endfacet
  facet normal 0 0 1
    outer loop
      vertex 3.51163 17.6541 115
      vertex 5.22512 -17.2249 115
      vertex 5.22512 17.2249 115
    endloop
  endfacet
  facet normal 0 0 1
    outer loop
      vertex 3.51163 17.6541 115
      vertex 3.51163 -17.6541 115
      vertex 5.22512 -17.2249 115
    endloop
  endfacet
  facet normal 0 0 1
    outer loop
      vertex 1.76431 17.9133 115
      vertex 3.51163 -17.6541 115
      vertex 3.51163 17.6541 115
    endloop
  endfacet
  facet normal 0 0 1
    outer loop
      vertex 1.76431 17.9133 115
      vertex 1.76431 -17.9133 115
      vertex 3.51163 -17.6541 115
    endloop
  endfacet
  facet normal 0 0 1
    outer loop
      vertex 0 18 115
      vertex 1.76431 -17.9133 115
      vertex 1.76431 17.9133 115
    endloop
  endfacet
  facet normal 0 0 1
    outer loop
      vertex 0 18 115
      vertex 0 -18 115
      vertex 1.76431 -17.9133 115
    endloop
  endfacet
  facet normal -0 0 1
    outer loop
      vertex -1.76431 17.9133 115
      vertex 0 -18 115
      vertex 0 18 115
    endloop
  endfacet
  facet normal 0 0 1
    outer loop
      vertex -1.76431 17.9133 115
      vertex -1.76431 -17.9133 115
      vertex 0 -18 115
    endloop
  endfacet
  facet normal -0 0 1
    outer loop
      vertex -3.51163 17.6541 115
      vertex -1.76431 -17.9133 115
      vertex -1.76431 17.9133 115
    endloop
  endfacet
  facet normal 0 0 1
    outer loop
      vertex -3.51163 17.6541 115
      vertex -3.51163 -17.6541 115
      vertex -1.76431 -17.9133 115
    endloop
  endfacet
  facet normal -0 0 1
    outer loop
      vertex -5.22512 17.2249 115
      vertex -3.51163 -17.6541 115
      vertex -3.51163 17.6541 115
    endloop
  endfacet
  facet normal 0 0 1
    outer loop
      vertex -5.22512 17.2249 115
      vertex -5.22512 -17.2249 115
      vertex -3.51163 -17.6541 115
    endloop
  endfacet
  facet normal -0 0 1
    outer loop
      vertex -6.8883 16.6298 115
      vertex -5.22512 -17.2249 115
      vertex -5.22512 17.2249 115
    endloop
  endfacet
  facet normal 0 0 1
    outer loop
      vertex -6.8883 16.6298 115
      vertex -6.8883 -16.6298 115
      vertex -5.22512 -17.2249 115
    endloop
  endfacet
  facet normal -0 0 1
    outer loop
      vertex -8.48514 15.8746 115
      vertex -6.8883 -16.6298 115
      vertex -6.8883 16.6298 115
    endloop
  endfacet
  facet normal 0 0 1
    outer loop
      vertex -8.48514 15.8746 115
      vertex -8.48514 -15.8746 115
      vertex -6.8883 -16.6298 115
    endloop
  endfacet
  facet normal -0 0 1
    outer loop
      vertex -10.0003 14.9665 115
      vertex -8.48514 -15.8746 115
      vertex -8.48514 15.8746 115
    endloop
  endfacet
  facet normal 0 0 1
    outer loop
      vertex -10.0003 14.9665 115
      vertex -10.0003 -14.9665 115
      vertex -8.48514 -15.8746 115
    endloop
  endfacet
  facet normal -0 0 1
    outer loop
      vertex -11.4191 13.9142 115
      vertex -10.0003 -14.9665 115
      vertex -10.0003 14.9665 115
    endloop
  endfacet
  facet normal 0 0 1
    outer loop
      vertex -11.4191 13.9142 115
      vertex -11.4191 -13.9142 115
      vertex -10.0003 -14.9665 115
    endloop
  endfacet
  facet normal -0 0 1
    outer loop
      vertex -12.7279 12.7279 115
      vertex -11.4191 -13.9142 115
      vertex -11.4191 13.9142 115
    endloop
  endfacet
  facet normal 0 0 1
    outer loop
      vertex -12.7279 12.7279 115
      vertex -12.7279 -12.7279 115
      vertex -11.4191 -13.9142 115
    endloop
  endfacet
  facet normal -0 0 1
    outer loop
      vertex -13.9142 11.4191 115
      vertex -12.7279 -12.7279 115
      vertex -12.7279 12.7279 115
    endloop
  endfacet
  facet normal 0 0 1
    outer loop
      vertex -13.9142 11.4191 115
      vertex -13.9142 -11.4191 115
      vertex -12.7279 -12.7279 115
    endloop
  endfacet
  facet normal -0 0 1
    outer loop
      vertex -14.9665 10.0003 115
      vertex -13.9142 -11.4191 115
      vertex -13.9142 11.4191 115
    endloop
  endfacet
  facet normal 0 0 1
    outer loop
      vertex -14.9665 10.0003 115
      vertex -14.9665 -10.0003 115
      vertex -13.9142 -11.4191 115
    endloop
  endfacet
  facet normal -0 0 1
    outer loop
      vertex -15.8746 8.48514 115
      vertex -14.9665 -10.0003 115
      vertex -14.9665 10.0003 115
    endloop
  endfacet
  facet normal 0 0 1
    outer loop
      vertex -15.8746 8.48514 115
      vertex -15.8746 -8.48514 115
      vertex -14.9665 -10.0003 115
    endloop
  endfacet
  facet normal -0 0 1
    outer loop
      vertex -16.6298 6.8883 115
      vertex -15.8746 -8.48514 115
      vertex -15.8746 8.48514 115
    endloop
  endfacet
  facet normal 0 0 1
    outer loop
      vertex -16.6298 6.8883 115
      vertex -16.6298 -6.8883 115
      vertex -15.8746 -8.48514 115
    endloop
  endfacet
  facet normal -0 0 1
    outer loop
      vertex -17.2249 5.22512 115
      vertex -16.6298 -6.8883 115
      vertex -16.6298 6.8883 115
    endloop
  endfacet
  facet normal 0 0 1
    outer loop
      vertex -17.2249 5.22512 115
      vertex -17.2249 -5.22512 115
      vertex -16.6298 -6.8883 115
    endloop
  endfacet
  facet normal -0 0 1
    outer loop
      vertex -17.6541 3.51163 115
      vertex -17.2249 -5.22512 115
      vertex -17.2249 5.22512 115
    endloop
  endfacet
  facet normal 0 0 1
    outer loop
      vertex -17.6541 3.51163 115
      vertex -17.6541 -3.51163 115
      vertex -17.2249 -5.22512 115
    endloop
  endfacet
  facet normal -0 0 1
    outer loop
      vertex -17.9133 1.76431 115
      vertex -17.6541 -3.51163 115
      vertex -17.6541 3.51163 115
    endloop
  endfacet
  facet normal 0 0 1
    outer loop
      vertex -17.9133 1.76431 115
      vertex -17.9133 -1.76431 115
      vertex -17.6541 -3.51163 115
    endloop
  endfacet
  facet normal 0 -0 1
    outer loop
      vertex -17.9133 -1.76431 115
      vertex -17.9133 1.76431 115
      vertex -18 0 115
    endloop
  endfacet
  facet normal 0.427532 -0.904 0
    outer loop
      vertex 6.8883 -16.6298 80
      vertex 8.48514 -15.8746 115
      vertex 6.8883 -16.6298 115
    endloop
  endfacet
  facet normal 0.427532 -0.904 0
    outer loop
      vertex 8.48514 -15.8746 115
      vertex 6.8883 -16.6298 80
      vertex 8.48514 -15.8746 80
    endloop
  endfacet
  facet normal 0.146736 0.989176 -0
    outer loop
      vertex 3.51163 17.6541 80
      vertex 1.76431 17.9133 115
      vertex 3.51163 17.6541 115
    endloop
  endfacet
  facet normal 0.146736 0.989176 0
    outer loop
      vertex 1.76431 17.9133 115
      vertex 3.51163 17.6541 80
      vertex 1.76431 17.9133 80
    endloop
  endfacet
  facet normal -0.671582 0.740931 0
    outer loop
      vertex -11.4191 13.9142 80
      vertex -12.7279 12.7279 115
      vertex -11.4191 13.9142 115
    endloop
  endfacet
  facet normal -0.671582 0.740931 0
    outer loop
      vertex -12.7279 12.7279 115
      vertex -11.4191 13.9142 80
      vertex -12.7279 12.7279 80
    endloop
  endfacet
  facet normal -0.989176 0.146736 0
    outer loop
      vertex -17.9133 1.76431 80
      vertex -17.6541 3.51163 115
      vertex -17.6541 3.51163 80
    endloop
  endfacet
  facet normal -0.989176 0.146736 0
    outer loop
      vertex -17.6541 3.51163 115
      vertex -17.9133 1.76431 80
      vertex -17.9133 1.76431 115
    endloop
  endfacet
  facet normal -0.941543 0.336892 0
    outer loop
      vertex -17.2249 5.22512 80
      vertex -16.6298 6.8883 115
      vertex -16.6298 6.8883 80
    endloop
  endfacet
  facet normal -0.941543 0.336892 0
    outer loop
      vertex -16.6298 6.8883 115
      vertex -17.2249 5.22512 80
      vertex -17.2249 5.22512 115
    endloop
  endfacet
  facet normal -0.336892 0.941543 0
    outer loop
      vertex -5.22512 17.2249 80
      vertex -6.8883 16.6298 115
      vertex -5.22512 17.2249 115
    endloop
  endfacet
  facet normal -0.336892 0.941543 0
    outer loop
      vertex -6.8883 16.6298 115
      vertex -5.22512 17.2249 80
      vertex -6.8883 16.6298 80
    endloop
  endfacet
  facet normal -0.998795 -0.0490818 0
    outer loop
      vertex -17.9133 -1.76431 80
      vertex -18 0 115
      vertex -18 0 80
    endloop
  endfacet
  facet normal -0.998795 -0.0490818 0
    outer loop
      vertex -18 0 115
      vertex -17.9133 -1.76431 80
      vertex -17.9133 -1.76431 115
    endloop
  endfacet
  facet normal -0.0490818 0.998795 0
    outer loop
      vertex 0 18 80
      vertex -1.76431 17.9133 115
      vertex 0 18 115
    endloop
  endfacet
  facet normal -0.0490818 0.998795 0
    outer loop
      vertex -1.76431 17.9133 115
      vertex 0 18 80
      vertex -1.76431 17.9133 80
    endloop
  endfacet
  facet normal -0.803195 0.595716 0
    outer loop
      vertex -14.9665 10.0003 80
      vertex -13.9142 11.4191 115
      vertex -13.9142 11.4191 80
    endloop
  endfacet
  facet normal -0.803195 0.595716 0
    outer loop
      vertex -13.9142 11.4191 115
      vertex -14.9665 10.0003 80
      vertex -14.9665 10.0003 115
    endloop
  endfacet
  facet normal -0.740931 -0.671582 0
    outer loop
      vertex -12.7279 -12.7279 80
      vertex -13.9142 -11.4191 115
      vertex -13.9142 -11.4191 80
    endloop
  endfacet
  facet normal -0.740931 -0.671582 0
    outer loop
      vertex -13.9142 -11.4191 115
      vertex -12.7279 -12.7279 80
      vertex -12.7279 -12.7279 115
    endloop
  endfacet
  facet normal 0.0490818 -0.998795 0
    outer loop
      vertex 0 -18 80
      vertex 1.76431 -17.9133 115
      vertex 0 -18 115
    endloop
  endfacet
  facet normal 0.0490818 -0.998795 0
    outer loop
      vertex 1.76431 -17.9133 115
      vertex 0 -18 80
      vertex 1.76431 -17.9133 80
    endloop
  endfacet
  facet normal -0.989176 -0.146736 0
    outer loop
      vertex -17.6541 -3.51163 80
      vertex -17.9133 -1.76431 115
      vertex -17.9133 -1.76431 80
    endloop
  endfacet
  facet normal -0.989176 -0.146736 0
    outer loop
      vertex -17.9133 -1.76431 115
      vertex -17.6541 -3.51163 80
      vertex -17.6541 -3.51163 115
    endloop
  endfacet
  facet normal 0.0490818 0.998795 -0
    outer loop
      vertex 1.76431 17.9133 80
      vertex 0 18 115
      vertex 1.76431 17.9133 115
    endloop
  endfacet
  facet normal 0.0490818 0.998795 0
    outer loop
      vertex 0 18 115
      vertex 1.76431 17.9133 80
      vertex 0 18 80
    endloop
  endfacet
  facet normal -0.904 0.427532 0
    outer loop
      vertex -16.6298 6.8883 80
      vertex -15.8746 8.48514 115
      vertex -15.8746 8.48514 80
    endloop
  endfacet
  facet normal -0.904 0.427532 0
    outer loop
      vertex -15.8746 8.48514 115
      vertex -16.6298 6.8883 80
      vertex -16.6298 6.8883 115
    endloop
  endfacet
  facet normal -0.671582 -0.740931 0
    outer loop
      vertex -12.7279 -12.7279 80
      vertex -11.4191 -13.9142 115
      vertex -12.7279 -12.7279 115
    endloop
  endfacet
  facet normal -0.671582 -0.740931 -0
    outer loop
      vertex -11.4191 -13.9142 115
      vertex -12.7279 -12.7279 80
      vertex -11.4191 -13.9142 80
    endloop
  endfacet
  facet normal -0.0490818 -0.998795 0
    outer loop
      vertex -1.76431 -17.9133 80
      vertex 0 -18 115
      vertex -1.76431 -17.9133 115
    endloop
  endfacet
  facet normal -0.0490818 -0.998795 -0
    outer loop
      vertex 0 -18 115
      vertex -1.76431 -17.9133 80
      vertex 0 -18 80
    endloop
  endfacet
  facet normal -0.998795 0.0490818 0
    outer loop
      vertex -18 0 80
      vertex -17.9133 1.76431 115
      vertex -17.9133 1.76431 80
    endloop
  endfacet
  facet normal -0.998795 0.0490818 0
    outer loop
      vertex -17.9133 1.76431 115
      vertex -18 0 80
      vertex -18 0 115
    endloop
  endfacet
  facet normal -0.336892 -0.941543 0
    outer loop
      vertex -6.8883 -16.6298 80
      vertex -5.22512 -17.2249 115
      vertex -6.8883 -16.6298 115
    endloop
  endfacet
  facet normal -0.336892 -0.941543 -0
    outer loop
      vertex -5.22512 -17.2249 115
      vertex -6.8883 -16.6298 80
      vertex -5.22512 -17.2249 80
    endloop
  endfacet
  facet normal 0.740931 -0.671582 0
    outer loop
      vertex 12.7279 -12.7279 115
      vertex 13.9142 -11.4191 80
      vertex 13.9142 -11.4191 115
    endloop
  endfacet
  facet normal 0.740931 -0.671582 0
    outer loop
      vertex 13.9142 -11.4191 80
      vertex 12.7279 -12.7279 115
      vertex 12.7279 -12.7279 80
    endloop
  endfacet
  facet normal 0.671582 -0.740931 0
    outer loop
      vertex 11.4191 -13.9142 80
      vertex 12.7279 -12.7279 115
      vertex 11.4191 -13.9142 115
    endloop
  endfacet
  facet normal 0.671582 -0.740931 0
    outer loop
      vertex 12.7279 -12.7279 115
      vertex 11.4191 -13.9142 80
      vertex 12.7279 -12.7279 80
    endloop
  endfacet
  facet normal 0.499024 0.0621619 0.864356
    outer loop
      vertex -12.7577 0 0
      vertex -13.3661 0 0.351251
      vertex -12.7048 -0.424671 0
    endloop
  endfacet
  facet normal 0.496764 0.0572509 0.865995
    outer loop
      vertex -12.7048 -0.424671 0
      vertex -13.3017 -1.31011 0.400938
      vertex -12.6106 -1.24204 0
    endloop
  endfacet
  facet normal 0.496751 0.0572622 0.866002
    outer loop
      vertex -13.3017 -1.31011 0.400938
      vertex -12.7048 -0.424671 0
      vertex -13.3661 0 0.351251
    endloop
  endfacet
  facet normal 0.998794 0.0490969 -0
    outer loop
      vertex -13.3017 -1.31011 0.400938
      vertex -13.3661 0 0.748751
      vertex -13.3017 -1.31011 0.798438
    endloop
  endfacet
  facet normal 0.998794 0.0490969 0
    outer loop
      vertex -13.3661 0 0.748751
      vertex -13.3017 -1.31011 0.400938
      vertex -13.3661 0 0.351251
    endloop
  endfacet
  facet normal 0.499988 -0.00826599 -0.865993
    outer loop
      vertex -13.3017 -1.31011 0.798438
      vertex -13.3661 0 0.748751
      vertex -11.6449 0 1.7425
    endloop
  endfacet
  facet normal 0.50273 -0.0129194 -0.864347
    outer loop
      vertex -11.5888 -1.1414 1.79219
      vertex -13.3017 -1.31011 0.798438
      vertex -11.6449 0 1.7425
    endloop
  endfacet
  facet normal 0.998794 0.0490909 -0
    outer loop
      vertex -11.5888 -1.1414 1.79219
      vertex -11.6449 0 2.5375
      vertex -11.5888 -1.1414 2.58719
    endloop
  endfacet
  facet normal 0.998794 0.0490909 0
    outer loop
      vertex -11.6449 0 2.5375
      vertex -11.5888 -1.1414 1.79219
      vertex -11.6449 0 1.7425
    endloop
  endfacet
  facet normal 0.499039 0.0621566 0.864348
    outer loop
      vertex -11.6449 0 2.5375
      vertex -13.3661 0 3.53125
      vertex -11.5888 -1.1414 2.58719
    endloop
  endfacet
  facet normal 0.49677 0.0572647 0.865991
    outer loop
      vertex -11.5888 -1.1414 2.58719
      vertex -13.3661 0 3.53125
      vertex -13.3017 -1.31011 3.58094
    endloop
  endfacet
  facet normal 0.998794 0.0490969 -0
    outer loop
      vertex -13.3017 -1.31011 3.58094
      vertex -13.3661 0 3.92875
      vertex -13.3017 -1.31011 3.97844
    endloop
  endfacet
  facet normal 0.998794 0.0490969 0
    outer loop
      vertex -13.3661 0 3.92875
      vertex -13.3017 -1.31011 3.58094
      vertex -13.3661 0 3.53125
    endloop
  endfacet
  facet normal 0.499988 -0.00826794 -0.865993
    outer loop
      vertex -13.3017 -1.31011 3.97844
      vertex -13.3661 0 3.92875
      vertex -11.6449 0 4.9225
    endloop
  endfacet
  facet normal 0.502729 -0.0129195 -0.864347
    outer loop
      vertex -11.5888 -1.1414 4.97219
      vertex -13.3017 -1.31011 3.97844
      vertex -11.6449 0 4.9225
    endloop
  endfacet
  facet normal 0.998794 0.0490909 -0
    outer loop
      vertex -11.5888 -1.1414 4.97219
      vertex -11.6449 0 5.7175
      vertex -11.5888 -1.1414 5.76719
    endloop
  endfacet
  facet normal 0.998794 0.0490909 0
    outer loop
      vertex -11.6449 0 5.7175
      vertex -11.5888 -1.1414 4.97219
      vertex -11.6449 0 4.9225
    endloop
  endfacet
  facet normal 0.499039 0.0621566 0.864348
    outer loop
      vertex -11.6449 0 5.7175
      vertex -13.3661 0 6.71125
      vertex -11.5888 -1.1414 5.76719
    endloop
  endfacet
  facet normal 0.49677 0.0572647 0.865991
    outer loop
      vertex -11.5888 -1.1414 5.76719
      vertex -13.3661 0 6.71125
      vertex -13.3017 -1.31011 6.76094
    endloop
  endfacet
  facet normal 0.998794 0.0490969 -0
    outer loop
      vertex -13.3017 -1.31011 6.76094
      vertex -13.3661 0 7.6
      vertex -13.3017 -1.31011 7.6
    endloop
  endfacet
  facet normal 0.998794 0.0490969 0
    outer loop
      vertex -13.3661 0 7.6
      vertex -13.3017 -1.31011 6.76094
      vertex -13.3661 0 6.71125
    endloop
  endfacet
  facet normal 0.490538 0.110772 0.864351
    outer loop
      vertex -12.6106 -1.24204 0
      vertex -13.3017 -1.31011 0.400938
      vertex -12.503 -1.71853 0
    endloop
  endfacet
  facet normal 0.488775 0.105609 0.865994
    outer loop
      vertex -12.503 -1.71853 0
      vertex -13.1093 -2.6076 0.450625
      vertex -12.3438 -2.45533 0
    endloop
  endfacet
  facet normal 0.488744 0.105638 0.866008
    outer loop
      vertex -13.1093 -2.6076 0.450625
      vertex -12.503 -1.71853 0
      vertex -13.3017 -1.31011 0.400938
    endloop
  endfacet
  facet normal 0.989184 0.146682 -0
    outer loop
      vertex -13.1093 -2.6076 0.450625
      vertex -13.3017 -1.31011 0.798438
      vertex -13.1093 -2.6076 0.848125
    endloop
  endfacet
  facet normal 0.989184 0.146682 0
    outer loop
      vertex -13.3017 -1.31011 0.798438
      vertex -13.1093 -2.6076 0.450625
      vertex -13.3017 -1.31011 0.400938
    endloop
  endfacet
  facet normal 0.498398 0.0407428 -0.86599
    outer loop
      vertex -13.1093 -2.6076 0.848125
      vertex -13.3017 -1.31011 0.798438
      vertex -11.5888 -1.1414 1.79219
    endloop
  endfacet
  facet normal 0.501559 0.0364132 -0.864357
    outer loop
      vertex -11.4211 -2.2718 1.84188
      vertex -13.1093 -2.6076 0.848125
      vertex -11.5888 -1.1414 1.79219
    endloop
  endfacet
  facet normal 0.989174 0.146748 -0
    outer loop
      vertex -11.4211 -2.2718 1.84188
      vertex -11.5888 -1.1414 2.58719
      vertex -11.4211 -2.2718 2.63688
    endloop
  endfacet
  facet normal 0.989174 0.146748 0
    outer loop
      vertex -11.5888 -1.1414 2.58719
      vertex -11.4211 -2.2718 1.84188
      vertex -11.5888 -1.1414 1.79219
    endloop
  endfacet
  facet normal 0.490546 0.11077 0.864346
    outer loop
      vertex -11.5888 -1.1414 2.58719
      vertex -13.3017 -1.31011 3.58094
      vertex -11.4211 -2.2718 2.63688
    endloop
  endfacet
  facet normal 0.488754 0.105641 0.866002
    outer loop
      vertex -11.4211 -2.2718 2.63688
      vertex -13.3017 -1.31011 3.58094
      vertex -13.1093 -2.6076 3.63063
    endloop
  endfacet
  facet normal 0.989184 0.146682 -0
    outer loop
      vertex -13.1093 -2.6076 3.63063
      vertex -13.3017 -1.31011 3.97844
      vertex -13.1093 -2.6076 4.02813
    endloop
  endfacet
  facet normal 0.989184 0.146682 0
    outer loop
      vertex -13.3017 -1.31011 3.97844
      vertex -13.1093 -2.6076 3.63063
      vertex -13.3017 -1.31011 3.58094
    endloop
  endfacet
  facet normal 0.498397 0.0407407 -0.865991
    outer loop
      vertex -13.1093 -2.6076 4.02813
      vertex -13.3017 -1.31011 3.97844
      vertex -11.5888 -1.1414 4.97219
    endloop
  endfacet
  facet normal 0.501557 0.0364129 -0.864358
    outer loop
      vertex -11.4211 -2.2718 5.02188
      vertex -13.1093 -2.6076 4.02813
      vertex -11.5888 -1.1414 4.97219
    endloop
  endfacet
  facet normal 0.989174 0.146748 -0
    outer loop
      vertex -11.4211 -2.2718 5.02188
      vertex -11.5888 -1.1414 5.76719
      vertex -11.4211 -2.2718 5.81688
    endloop
  endfacet
  facet normal 0.989174 0.146748 0
    outer loop
      vertex -11.5888 -1.1414 5.76719
      vertex -11.4211 -2.2718 5.02188
      vertex -11.5888 -1.1414 4.97219
    endloop
  endfacet
  facet normal 0.490546 0.11077 0.864346
    outer loop
      vertex -11.5888 -1.1414 5.76719
      vertex -13.3017 -1.31011 6.76094
      vertex -11.4211 -2.2718 5.81688
    endloop
  endfacet
  facet normal 0.488754 0.105641 0.866002
    outer loop
      vertex -11.4211 -2.2718 5.81688
      vertex -13.3017 -1.31011 6.76094
      vertex -13.1093 -2.6076 6.81063
    endloop
  endfacet
  facet normal 0.989184 0.146682 -0
    outer loop
      vertex -13.1093 -2.6076 6.81063
      vertex -13.3017 -1.31011 7.6
      vertex -13.1093 -2.6076 7.6
    endloop
  endfacet
  facet normal 0.989184 0.146682 0
    outer loop
      vertex -13.3017 -1.31011 7.6
      vertex -13.1093 -2.6076 6.81063
      vertex -13.3017 -1.31011 6.76094
    endloop
  endfacet
  facet normal 0.477311 0.158368 0.864346
    outer loop
      vertex -12.3438 -2.45533 0
      vertex -13.1093 -2.6076 0.450625
      vertex -12.1709 -2.97644 0
    endloop
  endfacet
  facet normal 0.476037 0.153038 0.866007
    outer loop
      vertex -12.1709 -2.97644 0
      vertex -12.7906 -3.87997 0.500313
      vertex -11.9613 -3.62842 0
    endloop
  endfacet
  facet normal 0.476022 0.153052 0.866013
    outer loop
      vertex -12.7906 -3.87997 0.500313
      vertex -12.1709 -2.97644 0
      vertex -13.1093 -2.6076 0.450625
    endloop
  endfacet
  facet normal 0.970033 0.242972 -0
    outer loop
      vertex -12.7906 -3.87997 0.500313
      vertex -13.1093 -2.6076 0.848125
      vertex -12.7906 -3.87997 0.897813
    endloop
  endfacet
  facet normal 0.970033 0.242972 0
    outer loop
      vertex -13.1093 -2.6076 0.848125
      vertex -12.7906 -3.87997 0.500313
      vertex -13.1093 -2.6076 0.450625
    endloop
  endfacet
  facet normal 0.491984 0.0894123 -0.866001
    outer loop
      vertex -12.7906 -3.87997 0.897813
      vertex -13.1093 -2.6076 0.848125
      vertex -11.4211 -2.2718 1.84188
    endloop
  endfacet
  facet normal 0.49556 0.0854063 -0.864364
    outer loop
      vertex -11.1434 -3.38033 1.89156
      vertex -12.7906 -3.87997 0.897813
      vertex -11.4211 -2.2718 1.84188
    endloop
  endfacet
  facet normal 0.970026 0.243003 -0
    outer loop
      vertex -11.1434 -3.38033 1.89156
      vertex -11.4211 -2.2718 2.63688
      vertex -11.1434 -3.38033 2.68656
    endloop
  endfacet
  facet normal 0.970026 0.243003 0
    outer loop
      vertex -11.4211 -2.2718 2.63688
      vertex -11.1434 -3.38033 1.89156
      vertex -11.4211 -2.2718 1.84188
    endloop
  endfacet
  facet normal 0.47731 0.158309 0.864357
    outer loop
      vertex -11.4211 -2.2718 2.63688
      vertex -13.1093 -2.6076 3.63063
      vertex -11.1434 -3.38033 2.68656
    endloop
  endfacet
  facet normal 0.476035 0.153049 0.866006
    outer loop
      vertex -11.1434 -3.38033 2.68656
      vertex -13.1093 -2.6076 3.63063
      vertex -12.7906 -3.87997 3.68031
    endloop
  endfacet
  facet normal 0.970033 0.242972 -0
    outer loop
      vertex -12.7906 -3.87997 3.68031
      vertex -13.1093 -2.6076 4.02813
      vertex -12.7906 -3.87997 4.07781
    endloop
  endfacet
  facet normal 0.970033 0.242972 0
    outer loop
      vertex -13.1093 -2.6076 4.02813
      vertex -12.7906 -3.87997 3.68031
      vertex -13.1093 -2.6076 3.63063
    endloop
  endfacet
  facet normal 0.491981 0.089417 -0.866002
    outer loop
      vertex -12.7906 -3.87997 4.07781
      vertex -13.1093 -2.6076 4.02813
      vertex -11.4211 -2.2718 5.02188
    endloop
  endfacet
  facet normal 0.495561 0.0854066 -0.864364
    outer loop
      vertex -11.1434 -3.38033 5.07156
      vertex -12.7906 -3.87997 4.07781
      vertex -11.4211 -2.2718 5.02188
    endloop
  endfacet
  facet normal 0.970026 0.243003 -0
    outer loop
      vertex -11.1434 -3.38033 5.07156
      vertex -11.4211 -2.2718 5.81688
      vertex -11.1434 -3.38033 5.86656
    endloop
  endfacet
  facet normal 0.970026 0.243003 0
    outer loop
      vertex -11.4211 -2.2718 5.81688
      vertex -11.1434 -3.38033 5.07156
      vertex -11.4211 -2.2718 5.02188
    endloop
  endfacet
  facet normal 0.47731 0.158309 0.864357
    outer loop
      vertex -11.4211 -2.2718 5.81688
      vertex -13.1093 -2.6076 6.81063
      vertex -11.1434 -3.38033 5.86656
    endloop
  endfacet
  facet normal 0.476035 0.153049 0.866006
    outer loop
      vertex -11.1434 -3.38033 5.86656
      vertex -13.1093 -2.6076 6.81063
      vertex -12.7906 -3.87997 6.86031
    endloop
  endfacet
  facet normal 0.970033 0.242972 -0
    outer loop
      vertex -12.7906 -3.87997 6.86031
      vertex -13.1093 -2.6076 7.6
      vertex -12.7906 -3.87997 7.6
    endloop
  endfacet
  facet normal 0.970033 0.242972 0
    outer loop
      vertex -13.1093 -2.6076 7.6
      vertex -12.7906 -3.87997 6.86031
      vertex -13.1093 -2.6076 6.81063
    endloop
  endfacet
  facet normal 0.459483 0.204341 0.864361
    outer loop
      vertex -11.9613 -3.62842 0
      vertex -12.7906 -3.87997 0.500313
      vertex -11.7136 -4.1854 0
    endloop
  endfacet
  facet normal 0.458784 0.198931 0.865993
    outer loop
      vertex -11.7136 -4.1854 0
      vertex -12.3487 -5.11498 0.55
      vertex -11.4686 -4.75043 0
    endloop
  endfacet
  facet normal 0.458729 0.19898 0.866011
    outer loop
      vertex -12.3487 -5.11498 0.55
      vertex -11.7136 -4.1854 0
      vertex -12.7906 -3.87997 0.500313
    endloop
  endfacet
  facet normal 0.941543 0.336894 -0
    outer loop
      vertex -12.3487 -5.11498 0.55
      vertex -12.7906 -3.87997 0.897813
      vertex -12.3487 -5.11498 0.9475
    endloop
  endfacet
  facet normal 0.941543 0.336894 0
    outer loop
      vertex -12.7906 -3.87997 0.897813
      vertex -12.3487 -5.11498 0.55
      vertex -12.7906 -3.87997 0.500313
    endloop
  endfacet
  facet normal 0.480839 0.137208 -0.866007
    outer loop
      vertex -12.3487 -5.11498 0.9475
      vertex -12.7906 -3.87997 0.897813
      vertex -11.1434 -3.38033 1.89156
    endloop
  endfacet
  facet normal 0.484843 0.133523 -0.864349
    outer loop
      vertex -10.7585 -4.4563 1.94125
      vertex -12.3487 -5.11498 0.9475
      vertex -11.1434 -3.38033 1.89156
    endloop
  endfacet
  facet normal 0.941569 0.336821 -0
    outer loop
      vertex -10.7585 -4.4563 1.94125
      vertex -11.1434 -3.38033 2.68656
      vertex -10.7585 -4.4563 2.73625
    endloop
  endfacet
  facet normal 0.941569 0.336821 0
    outer loop
      vertex -11.1434 -3.38033 2.68656
      vertex -10.7585 -4.4563 1.94125
      vertex -11.1434 -3.38033 1.89156
    endloop
  endfacet
  facet normal 0.4595 0.204292 0.864364
    outer loop
      vertex -11.1434 -3.38033 2.68656
      vertex -12.7906 -3.87997 3.68031
      vertex -10.7585 -4.4563 2.73625
    endloop
  endfacet
  facet normal 0.458755 0.19899 0.865995
    outer loop
      vertex -10.7585 -4.4563 2.73625
      vertex -12.7906 -3.87997 3.68031
      vertex -12.3487 -5.11498 3.73
    endloop
  endfacet
  facet normal 0.941543 0.336894 -0
    outer loop
      vertex -12.3487 -5.11498 3.73
      vertex -12.7906 -3.87997 4.07781
      vertex -12.3487 -5.11498 4.1275
    endloop
  endfacet
  facet normal 0.941543 0.336894 0
    outer loop
      vertex -12.7906 -3.87997 4.07781
      vertex -12.3487 -5.11498 3.73
      vertex -12.7906 -3.87997 3.68031
    endloop
  endfacet
  facet normal 0.48084 0.137207 -0.866006
    outer loop
      vertex -12.3487 -5.11498 4.1275
      vertex -12.7906 -3.87997 4.07781
      vertex -11.1434 -3.38033 5.07156
    endloop
  endfacet
  facet normal 0.484843 0.133523 -0.864349
    outer loop
      vertex -10.7585 -4.4563 5.12125
      vertex -12.3487 -5.11498 4.1275
      vertex -11.1434 -3.38033 5.07156
    endloop
  endfacet
  facet normal 0.941569 0.336821 -0
    outer loop
      vertex -10.7585 -4.4563 5.12125
      vertex -11.1434 -3.38033 5.86656
      vertex -10.7585 -4.4563 5.91625
    endloop
  endfacet
  facet normal 0.941569 0.336821 0
    outer loop
      vertex -11.1434 -3.38033 5.86656
      vertex -10.7585 -4.4563 5.12125
      vertex -11.1434 -3.38033 5.07156
    endloop
  endfacet
  facet normal 0.4595 0.204292 0.864364
    outer loop
      vertex -11.1434 -3.38033 5.86656
      vertex -12.7906 -3.87997 6.86031
      vertex -10.7585 -4.4563 5.91625
    endloop
  endfacet
  facet normal 0.458755 0.19899 0.865995
    outer loop
      vertex -10.7585 -4.4563 5.91625
      vertex -12.7906 -3.87997 6.86031
      vertex -12.3487 -5.11498 6.91
    endloop
  endfacet
  facet normal 0.941543 0.336894 -0
    outer loop
      vertex -12.3487 -5.11498 6.91
      vertex -12.7906 -3.87997 7.6
      vertex -12.3487 -5.11498 7.6
    endloop
  endfacet
  facet normal 0.941543 0.336894 0
    outer loop
      vertex -12.7906 -3.87997 7.6
      vertex -12.3487 -5.11498 6.91
      vertex -12.7906 -3.87997 6.86031
    endloop
  endfacet
  facet normal 0.437264 0.248403 0.864347
    outer loop
      vertex -11.4686 -4.75043 0
      vertex -12.3487 -5.11498 0.55
      vertex -11.1376 -5.33309 0
    endloop
  endfacet
  facet normal 0.437042 0.24302 0.865988
    outer loop
      vertex -11.1376 -5.33309 0
      vertex -11.7878 -6.30074 0.599688
      vertex -10.8718 -5.8111 0
    endloop
  endfacet
  facet normal 0.43704 0.243021 0.865989
    outer loop
      vertex -11.7878 -6.30074 0.599688
      vertex -11.1376 -5.33309 0
      vertex -12.3487 -5.11498 0.55
    endloop
  endfacet
  facet normal 0.903967 0.427603 -0
    outer loop
      vertex -11.7878 -6.30074 0.599688
      vertex -12.3487 -5.11498 0.9475
      vertex -11.7878 -6.30074 0.997188
    endloop
  endfacet
  facet normal 0.903967 0.427603 0
    outer loop
      vertex -12.3487 -5.11498 0.9475
      vertex -11.7878 -6.30074 0.599688
      vertex -12.3487 -5.11498 0.55
    endloop
  endfacet
  facet normal 0.465084 0.18371 -0.865995
    outer loop
      vertex -11.7878 -6.30074 0.997188
      vertex -12.3487 -5.11498 0.9475
      vertex -10.7585 -4.4563 1.94125
    endloop
  endfacet
  facet normal 0.46942 0.180444 -0.864341
    outer loop
      vertex -10.2699 -5.48936 1.99094
      vertex -11.7878 -6.30074 0.997188
      vertex -10.7585 -4.4563 1.94125
    endloop
  endfacet
  facet normal 0.90399 0.427554 -0
    outer loop
      vertex -10.2699 -5.48936 1.99094
      vertex -10.7585 -4.4563 2.73625
      vertex -10.2699 -5.48936 2.78594
    endloop
  endfacet
  facet normal 0.90399 0.427554 0
    outer loop
      vertex -10.7585 -4.4563 2.73625
      vertex -10.2699 -5.48936 1.99094
      vertex -10.7585 -4.4563 1.94125
    endloop
  endfacet
  facet normal 0.437267 0.248386 0.864351
    outer loop
      vertex -10.7585 -4.4563 2.73625
      vertex -12.3487 -5.11498 3.73
      vertex -10.2699 -5.48936 2.78594
    endloop
  endfacet
  facet normal 0.437044 0.243024 0.865986
    outer loop
      vertex -10.2699 -5.48936 2.78594
      vertex -12.3487 -5.11498 3.73
      vertex -11.7878 -6.30074 3.77969
    endloop
  endfacet
  facet normal 0.903967 0.427603 -0
    outer loop
      vertex -11.7878 -6.30074 3.77969
      vertex -12.3487 -5.11498 4.1275
      vertex -11.7878 -6.30074 4.17719
    endloop
  endfacet
  facet normal 0.903967 0.427603 0
    outer loop
      vertex -12.3487 -5.11498 4.1275
      vertex -11.7878 -6.30074 3.77969
      vertex -12.3487 -5.11498 3.73
    endloop
  endfacet
  facet normal 0.465084 0.183709 -0.865995
    outer loop
      vertex -11.7878 -6.30074 4.17719
      vertex -12.3487 -5.11498 4.1275
      vertex -10.7585 -4.4563 5.12125
    endloop
  endfacet
  facet normal 0.469419 0.180444 -0.864341
    outer loop
      vertex -10.2699 -5.48936 5.17094
      vertex -11.7878 -6.30074 4.17719
      vertex -10.7585 -4.4563 5.12125
    endloop
  endfacet
  facet normal 0.90399 0.427554 -0
    outer loop
      vertex -10.2699 -5.48936 5.17094
      vertex -10.7585 -4.4563 5.91625
      vertex -10.2699 -5.48936 5.96594
    endloop
  endfacet
  facet normal 0.90399 0.427554 0
    outer loop
      vertex -10.7585 -4.4563 5.91625
      vertex -10.2699 -5.48936 5.17094
      vertex -10.7585 -4.4563 5.12125
    endloop
  endfacet
  facet normal 0.437267 0.248386 0.864351
    outer loop
      vertex -10.7585 -4.4563 5.91625
      vertex -12.3487 -5.11498 6.91
      vertex -10.2699 -5.48936 5.96594
    endloop
  endfacet
  facet normal 0.437044 0.243024 0.865986
    outer loop
      vertex -10.2699 -5.48936 5.96594
      vertex -12.3487 -5.11498 6.91
      vertex -11.7878 -6.30074 6.95969
    endloop
  endfacet
  facet normal 0.903967 0.427603 -0
    outer loop
      vertex -11.7878 -6.30074 6.95969
      vertex -12.3487 -5.11498 7.6
      vertex -11.7878 -6.30074 7.6
    endloop
  endfacet
  facet normal 0.903967 0.427603 0
    outer loop
      vertex -12.3487 -5.11498 7.6
      vertex -11.7878 -6.30074 6.95969
      vertex -12.3487 -5.11498 6.91
    endloop
  endfacet
  facet normal 0.410827 0.29005 0.864345
    outer loop
      vertex -10.8718 -5.8111 0
      vertex -11.7878 -6.30074 0.599688
      vertex -10.4504 -6.40797 0
    endloop
  endfacet
  facet normal 0.411113 0.28467 0.865996
    outer loop
      vertex -10.4504 -6.40797 0
      vertex -11.1135 -7.42581 0.649376
      vertex -10.1783 -6.80093 0
    endloop
  endfacet
  facet normal 0.411132 0.284654 0.865992
    outer loop
      vertex -11.1135 -7.42581 0.649376
      vertex -10.4504 -6.40797 0
      vertex -11.7878 -6.30074 0.599688
    endloop
  endfacet
  facet normal 0.857742 0.51408 -0
    outer loop
      vertex -11.1135 -7.42581 0.649376
      vertex -11.7878 -6.30074 0.997188
      vertex -11.1135 -7.42581 1.04688
    endloop
  endfacet
  facet normal 0.857742 0.51408 0
    outer loop
      vertex -11.7878 -6.30074 0.997188
      vertex -11.1135 -7.42581 0.649376
      vertex -11.7878 -6.30074 0.599688
    endloop
  endfacet
  facet normal 0.444872 0.228381 -0.865986
    outer loop
      vertex -11.1135 -7.42581 1.04688
      vertex -11.7878 -6.30074 0.997188
      vertex -10.2699 -5.48936 1.99094
    endloop
  endfacet
  facet normal 0.449451 0.22559 -0.864351
    outer loop
      vertex -9.68236 -6.46955 2.04063
      vertex -11.1135 -7.42581 1.04688
      vertex -10.2699 -5.48936 1.99094
    endloop
  endfacet
  facet normal 0.857714 0.514126 -0
    outer loop
      vertex -9.68236 -6.46955 2.04063
      vertex -10.2699 -5.48936 2.78594
      vertex -9.68236 -6.46955 2.83563
    endloop
  endfacet
  facet normal 0.857714 0.514126 0
    outer loop
      vertex -10.2699 -5.48936 2.78594
      vertex -9.68236 -6.46955 2.04063
      vertex -10.2699 -5.48936 1.99094
    endloop
  endfacet
  facet normal 0.41082 0.290069 0.864342
    outer loop
      vertex -10.2699 -5.48936 2.78594
      vertex -11.7878 -6.30074 3.77969
      vertex -9.68236 -6.46955 2.83563
    endloop
  endfacet
  facet normal 0.411127 0.284653 0.865995
    outer loop
      vertex -9.68236 -6.46955 2.83563
      vertex -11.7878 -6.30074 3.77969
      vertex -11.1135 -7.42581 3.82938
    endloop
  endfacet
  facet normal 0.857742 0.51408 -0
    outer loop
      vertex -11.1135 -7.42581 3.82938
      vertex -11.7878 -6.30074 4.17719
      vertex -11.1135 -7.42581 4.22688
    endloop
  endfacet
  facet normal 0.857742 0.51408 0
    outer loop
      vertex -11.7878 -6.30074 4.17719
      vertex -11.1135 -7.42581 3.82938
      vertex -11.7878 -6.30074 3.77969
    endloop
  endfacet
  facet normal 0.444871 0.228382 -0.865986
    outer loop
      vertex -11.1135 -7.42581 4.22688
      vertex -11.7878 -6.30074 4.17719
      vertex -10.2699 -5.48936 5.17094
    endloop
  endfacet
  facet normal 0.449451 0.22559 -0.864351
    outer loop
      vertex -9.68236 -6.46955 5.22063
      vertex -11.1135 -7.42581 4.22688
      vertex -10.2699 -5.48936 5.17094
    endloop
  endfacet
  facet normal 0.857714 0.514126 -0
    outer loop
      vertex -9.68236 -6.46955 5.22063
      vertex -10.2699 -5.48936 5.96594
      vertex -9.68236 -6.46955 6.01562
    endloop
  endfacet
  facet normal 0.857714 0.514126 0
    outer loop
      vertex -10.2699 -5.48936 5.96594
      vertex -9.68236 -6.46955 5.22063
      vertex -10.2699 -5.48936 5.17094
    endloop
  endfacet
  facet normal 0.410824 0.290062 0.864342
    outer loop
      vertex -10.2699 -5.48936 5.96594
      vertex -11.7878 -6.30074 6.95969
      vertex -9.68236 -6.46955 6.01562
    endloop
  endfacet
  facet normal 0.41113 0.284655 0.865993
    outer loop
      vertex -9.68236 -6.46955 6.01562
      vertex -11.7878 -6.30074 6.95969
      vertex -11.1135 -7.42581 7.00938
    endloop
  endfacet
  facet normal 0.857742 0.51408 -0
    outer loop
      vertex -11.1135 -7.42581 7.00938
      vertex -11.7878 -6.30074 7.6
      vertex -11.1135 -7.42581 7.6
    endloop
  endfacet
  facet normal 0.857742 0.51408 0
    outer loop
      vertex -11.7878 -6.30074 7.6
      vertex -11.1135 -7.42581 7.00938
      vertex -11.7878 -6.30074 6.95969
    endloop
  endfacet
  facet normal 0.380407 0.328916 0.864352
    outer loop
      vertex -10.1783 -6.80093 0
      vertex -11.1135 -7.42581 0.649376
      vertex -9.66083 -7.39941 0
    endloop
  endfacet
  facet normal 0.381242 0.323595 0.865991
    outer loop
      vertex -9.66083 -7.39941 0
      vertex -10.3321 -8.47936 0.699063
      vertex -9.39616 -7.71123 0
    endloop
  endfacet
  facet normal 0.381237 0.323598 0.865992
    outer loop
      vertex -10.3321 -8.47936 0.699063
      vertex -9.66083 -7.39941 0
      vertex -11.1135 -7.42581 0.649376
    endloop
  endfacet
  facet normal 0.803195 0.595716 -0
    outer loop
      vertex -10.3321 -8.47936 0.699063
      vertex -11.1135 -7.42581 1.04688
      vertex -10.3321 -8.47936 1.09656
    endloop
  endfacet
  facet normal 0.803195 0.595716 0
    outer loop
      vertex -11.1135 -7.42581 1.04688
      vertex -10.3321 -8.47936 0.699063
      vertex -11.1135 -7.42581 0.649376
    endloop
  endfacet
  facet normal 0.420314 0.270904 -0.865995
    outer loop
      vertex -10.3321 -8.47936 1.09656
      vertex -11.1135 -7.42581 1.04688
      vertex -9.68236 -6.46955 2.04063
    endloop
  endfacet
  facet normal 0.425183 0.268556 -0.864348
    outer loop
      vertex -9.00161 -7.38743 2.09031
      vertex -10.3321 -8.47936 1.09656
      vertex -9.68236 -6.46955 2.04063
    endloop
  endfacet
  facet normal 0.803206 0.595701 -0
    outer loop
      vertex -9.00161 -7.38743 2.09031
      vertex -9.68236 -6.46955 2.83563
      vertex -9.00161 -7.38743 2.88531
    endloop
  endfacet
  facet normal 0.803206 0.595701 0
    outer loop
      vertex -9.68236 -6.46955 2.83563
      vertex -9.00161 -7.38743 2.09031
      vertex -9.68236 -6.46955 2.04063
    endloop
  endfacet
  facet normal 0.38041 0.328916 0.864351
    outer loop
      vertex -9.68236 -6.46955 2.83563
      vertex -11.1135 -7.42581 3.82938
      vertex -9.00161 -7.38743 2.88531
    endloop
  endfacet
  facet normal 0.38124 0.323595 0.865992
    outer loop
      vertex -9.00161 -7.38743 2.88531
      vertex -11.1135 -7.42581 3.82938
      vertex -10.3321 -8.47936 3.87906
    endloop
  endfacet
  facet normal 0.803195 0.595716 -0
    outer loop
      vertex -10.3321 -8.47936 3.87906
      vertex -11.1135 -7.42581 4.22688
      vertex -10.3321 -8.47936 4.27656
    endloop
  endfacet
  facet normal 0.803195 0.595716 0
    outer loop
      vertex -11.1135 -7.42581 4.22688
      vertex -10.3321 -8.47936 3.87906
      vertex -11.1135 -7.42581 3.82938
    endloop
  endfacet
  facet normal 0.420314 0.270904 -0.865995
    outer loop
      vertex -10.3321 -8.47936 4.27656
      vertex -11.1135 -7.42581 4.22688
      vertex -9.68236 -6.46955 5.22063
    endloop
  endfacet
  facet normal 0.425183 0.268556 -0.864348
    outer loop
      vertex -9.00161 -7.38743 5.27031
      vertex -10.3321 -8.47936 4.27656
      vertex -9.68236 -6.46955 5.22063
    endloop
  endfacet
  facet normal 0.803206 0.595701 -0
    outer loop
      vertex -9.00161 -7.38743 5.27031
      vertex -9.68236 -6.46955 6.01562
      vertex -9.00161 -7.38743 6.06531
    endloop
  endfacet
  facet normal 0.803206 0.595701 0
    outer loop
      vertex -9.68236 -6.46955 6.01562
      vertex -9.00161 -7.38743 5.27031
      vertex -9.68236 -6.46955 5.22063
    endloop
  endfacet
  facet normal 0.380409 0.328924 0.864348
    outer loop
      vertex -9.68236 -6.46955 6.01562
      vertex -11.1135 -7.42581 7.00938
      vertex -9.00161 -7.38743 6.06531
    endloop
  endfacet
  facet normal 0.38124 0.323595 0.865992
    outer loop
      vertex -9.00161 -7.38743 6.06531
      vertex -11.1135 -7.42581 7.00938
      vertex -10.3321 -8.47936 7.05906
    endloop
  endfacet
  facet normal 0.803195 0.595716 -0
    outer loop
      vertex -10.3321 -8.47936 7.05906
      vertex -11.1135 -7.42581 7.6
      vertex -10.3321 -8.47936 7.6
    endloop
  endfacet
  facet normal 0.803195 0.595716 0
    outer loop
      vertex -11.1135 -7.42581 7.6
      vertex -10.3321 -8.47936 7.05906
      vertex -11.1135 -7.42581 7.00938
    endloop
  endfacet
  facet normal 0.346342 0.364623 0.864348
    outer loop
      vertex -9.39616 -7.71123 0
      vertex -10.3321 -8.47936 0.699063
      vertex -8.77863 -8.2978 0
    endloop
  endfacet
  facet normal 0.347681 0.359401 0.865996
    outer loop
      vertex -8.77863 -8.2978 0
      vertex -9.45126 -9.45126 0.748751
      vertex -8.53423 -8.53423 0
    endloop
  endfacet
  facet normal 0.347695 0.359392 0.865994
    outer loop
      vertex -9.45126 -9.45126 0.748751
      vertex -8.77863 -8.2978 0
      vertex -10.3321 -8.47936 0.699063
    endloop
  endfacet
  facet normal 0.740966 0.671543 -0
    outer loop
      vertex -9.45126 -9.45126 0.748751
      vertex -10.3321 -8.47936 1.09656
      vertex -9.45126 -9.45126 1.14625
    endloop
  endfacet
  facet normal 0.740966 0.671543 0
    outer loop
      vertex -10.3321 -8.47936 1.09656
      vertex -9.45126 -9.45126 0.748751
      vertex -10.3321 -8.47936 0.699063
    endloop
  endfacet
  facet normal 0.391759 0.310778 -0.865992
    outer loop
      vertex -9.45126 -9.45126 1.14625
      vertex -10.3321 -8.47936 1.09656
      vertex -9.00161 -7.38743 2.09031
    endloop
  endfacet
  facet normal 0.396813 0.308927 -0.864351
    outer loop
      vertex -8.23417 -8.23417 2.14
      vertex -9.45126 -9.45126 1.14625
      vertex -9.00161 -7.38743 2.09031
    endloop
  endfacet
  facet normal 0.740951 0.671559 -0
    outer loop
      vertex -8.23417 -8.23417 2.14
      vertex -9.00161 -7.38743 2.88531
      vertex -8.23417 -8.23417 2.935
    endloop
  endfacet
  facet normal 0.740951 0.671559 0
    outer loop
      vertex -9.00161 -7.38743 2.88531
      vertex -8.23417 -8.23417 2.14
      vertex -9.00161 -7.38743 2.09031
    endloop
  endfacet
  facet normal 0.346338 0.364626 0.864348
    outer loop
      vertex -9.00161 -7.38743 2.88531
      vertex -10.3321 -8.47936 3.87906
      vertex -8.23417 -8.23417 2.935
    endloop
  endfacet
  facet normal 0.347692 0.359391 0.865996
    outer loop
      vertex -8.23417 -8.23417 2.935
      vertex -10.3321 -8.47936 3.87906
      vertex -9.45126 -9.45126 3.92875
    endloop
  endfacet
  facet normal 0.740966 0.671543 -0
    outer loop
      vertex -9.45126 -9.45126 3.92875
      vertex -10.3321 -8.47936 4.27656
      vertex -9.45126 -9.45126 4.32625
    endloop
  endfacet
  facet normal 0.740966 0.671543 0
    outer loop
      vertex -10.3321 -8.47936 4.27656
      vertex -9.45126 -9.45126 3.92875
      vertex -10.3321 -8.47936 3.87906
    endloop
  endfacet
  facet normal 0.391759 0.310778 -0.865992
    outer loop
      vertex -9.45126 -9.45126 4.32625
      vertex -10.3321 -8.47936 4.27656
      vertex -9.00161 -7.38743 5.27031
    endloop
  endfacet
  facet normal 0.396813 0.308927 -0.864351
    outer loop
      vertex -8.23417 -8.23417 5.32
      vertex -9.45126 -9.45126 4.32625
      vertex -9.00161 -7.38743 5.27031
    endloop
  endfacet
  facet normal 0.740951 0.671559 -0
    outer loop
      vertex -8.23417 -8.23417 5.32
      vertex -9.00161 -7.38743 6.06531
      vertex -8.23417 -8.23417 6.115
    endloop
  endfacet
  facet normal 0.740951 0.671559 0
    outer loop
      vertex -9.00161 -7.38743 6.06531
      vertex -8.23417 -8.23417 5.32
      vertex -9.00161 -7.38743 5.27031
    endloop
  endfacet
  facet normal 0.346338 0.364626 0.864348
    outer loop
      vertex -9.00161 -7.38743 6.06531
      vertex -10.3321 -8.47936 7.05906
      vertex -8.23417 -8.23417 6.115
    endloop
  endfacet
  facet normal 0.347692 0.359391 0.865996
    outer loop
      vertex -8.23417 -8.23417 6.115
      vertex -10.3321 -8.47936 7.05906
      vertex -9.45126 -9.45126 7.10875
    endloop
  endfacet
  facet normal 0.740966 0.671543 -0
    outer loop
      vertex -9.45126 -9.45126 7.10875
      vertex -10.3321 -8.47936 7.6
      vertex -9.45126 -9.45126 7.6
    endloop
  endfacet
  facet normal 0.740966 0.671543 0
    outer loop
      vertex -10.3321 -8.47936 7.6
      vertex -9.45126 -9.45126 7.10875
      vertex -10.3321 -8.47936 7.05906
    endloop
  endfacet
  facet normal 0.308932 0.396808 0.864352
    outer loop
      vertex -8.53423 -8.53423 0
      vertex -9.45126 -9.45126 0.748751
      vertex -7.81441 -9.09464 0
    endloop
  endfacet
  facet normal 0.310778 0.391761 0.865991
    outer loop
      vertex -7.81441 -9.09464 0
      vertex -8.47936 -10.3321 0.798438
      vertex -7.60204 -9.26311 0
    endloop
  endfacet
  facet normal 0.310781 0.391759 0.865991
    outer loop
      vertex -8.47936 -10.3321 0.798438
      vertex -7.81441 -9.09464 0
      vertex -9.45126 -9.45126 0.748751
    endloop
  endfacet
  facet normal 0.671543 0.740966 -0
    outer loop
      vertex -8.47936 -10.3321 0.798438
      vertex -9.45126 -9.45126 1.14625
      vertex -8.47936 -10.3321 1.19594
    endloop
  endfacet
  facet normal 0.671543 0.740966 0
    outer loop
      vertex -9.45126 -9.45126 1.14625
      vertex -8.47936 -10.3321 0.798438
      vertex -9.45126 -9.45126 0.748751
    endloop
  endfacet
  facet normal 0.359391 0.347692 -0.865996
    outer loop
      vertex -8.47936 -10.3321 1.19594
      vertex -9.45126 -9.45126 1.14625
      vertex -8.23417 -8.23417 2.14
    endloop
  endfacet
  facet normal 0.364626 0.346338 -0.864348
    outer loop
      vertex -7.38743 -9.00161 2.18969
      vertex -8.47936 -10.3321 1.19594
      vertex -8.23417 -8.23417 2.14
    endloop
  endfacet
  facet normal 0.671559 0.740951 -0
    outer loop
      vertex -7.38743 -9.00161 2.18969
      vertex -8.23417 -8.23417 2.935
      vertex -7.38743 -9.00161 2.98469
    endloop
  endfacet
  facet normal 0.671559 0.740951 0
    outer loop
      vertex -8.23417 -8.23417 2.935
      vertex -7.38743 -9.00161 2.18969
      vertex -8.23417 -8.23417 2.14
    endloop
  endfacet
  facet normal 0.308927 0.396813 0.864351
    outer loop
      vertex -8.23417 -8.23417 2.935
      vertex -9.45126 -9.45126 3.92875
      vertex -7.38743 -9.00161 2.98469
    endloop
  endfacet
  facet normal 0.310778 0.391759 0.865992
    outer loop
      vertex -7.38743 -9.00161 2.98469
      vertex -9.45126 -9.45126 3.92875
      vertex -8.47936 -10.3321 3.97844
    endloop
  endfacet
  facet normal 0.671543 0.740966 -0
    outer loop
      vertex -8.47936 -10.3321 3.97844
      vertex -9.45126 -9.45126 4.32625
      vertex -8.47936 -10.3321 4.37594
    endloop
  endfacet
  facet normal 0.671543 0.740966 0
    outer loop
      vertex -9.45126 -9.45126 4.32625
      vertex -8.47936 -10.3321 3.97844
      vertex -9.45126 -9.45126 3.92875
    endloop
  endfacet
  facet normal 0.359391 0.347692 -0.865996
    outer loop
      vertex -8.47936 -10.3321 4.37594
      vertex -9.45126 -9.45126 4.32625
      vertex -8.23417 -8.23417 5.32
    endloop
  endfacet
  facet normal 0.364626 0.346338 -0.864348
    outer loop
      vertex -7.38743 -9.00161 5.36969
      vertex -8.47936 -10.3321 4.37594
      vertex -8.23417 -8.23417 5.32
    endloop
  endfacet
  facet normal 0.671559 0.740951 -0
    outer loop
      vertex -7.38743 -9.00161 5.36969
      vertex -8.23417 -8.23417 6.115
      vertex -7.38743 -9.00161 6.16469
    endloop
  endfacet
  facet normal 0.671559 0.740951 0
    outer loop
      vertex -8.23417 -8.23417 6.115
      vertex -7.38743 -9.00161 5.36969
      vertex -8.23417 -8.23417 5.32
    endloop
  endfacet
  facet normal 0.308927 0.396813 0.864351
    outer loop
      vertex -8.23417 -8.23417 6.115
      vertex -9.45126 -9.45126 7.10875
      vertex -7.38743 -9.00161 6.16469
    endloop
  endfacet
  facet normal 0.310778 0.391759 0.865992
    outer loop
      vertex -7.38743 -9.00161 6.16469
      vertex -9.45126 -9.45126 7.10875
      vertex -8.47936 -10.3321 7.15844
    endloop
  endfacet
  facet normal 0.671543 0.740966 -0
    outer loop
      vertex -8.47936 -10.3321 7.15844
      vertex -9.45126 -9.45126 7.6
      vertex -8.47936 -10.3321 7.6
    endloop
  endfacet
  facet normal 0.671543 0.740966 0
    outer loop
      vertex -9.45126 -9.45126 7.6
      vertex -8.47936 -10.3321 7.15844
      vertex -9.45126 -9.45126 7.10875
    endloop
  endfacet
  facet normal 0.268552 0.425187 0.864347
    outer loop
      vertex -7.60204 -9.26311 0
      vertex -8.47936 -10.3321 0.798438
      vertex -6.77957 -9.78259 0
    endloop
  endfacet
  facet normal 0.270888 0.420324 0.865995
    outer loop
      vertex -6.77957 -9.78259 0
      vertex -7.42581 -11.1135 0.848125
      vertex -6.60968 -9.89208 0
    endloop
  endfacet
  facet normal 0.270901 0.420317 0.865994
    outer loop
      vertex -7.42581 -11.1135 0.848125
      vertex -6.77957 -9.78259 0
      vertex -8.47936 -10.3321 0.798438
    endloop
  endfacet
  facet normal 0.595716 0.803195 -0
    outer loop
      vertex -7.42581 -11.1135 0.848125
      vertex -8.47936 -10.3321 1.19594
      vertex -7.42581 -11.1135 1.24563
    endloop
  endfacet
  facet normal 0.595716 0.803195 0
    outer loop
      vertex -8.47936 -10.3321 1.19594
      vertex -7.42581 -11.1135 0.848125
      vertex -8.47936 -10.3321 0.798438
    endloop
  endfacet
  facet normal 0.3236 0.381236 -0.865992
    outer loop
      vertex -7.42581 -11.1135 1.24563
      vertex -8.47936 -10.3321 1.19594
      vertex -7.38743 -9.00161 2.18969
    endloop
  endfacet
  facet normal 0.328922 0.380406 -0.864351
    outer loop
      vertex -6.46955 -9.68236 2.23938
      vertex -7.42581 -11.1135 1.24563
      vertex -7.38743 -9.00161 2.18969
    endloop
  endfacet
  facet normal 0.595701 0.803206 -0
    outer loop
      vertex -6.46955 -9.68236 2.23938
      vertex -7.38743 -9.00161 2.98469
      vertex -6.46955 -9.68236 3.03438
    endloop
  endfacet
  facet normal 0.595701 0.803206 0
    outer loop
      vertex -7.38743 -9.00161 2.98469
      vertex -6.46955 -9.68236 2.23938
      vertex -7.38743 -9.00161 2.18969
    endloop
  endfacet
  facet normal 0.26855 0.425187 0.864348
    outer loop
      vertex -7.38743 -9.00161 2.98469
      vertex -8.47936 -10.3321 3.97844
      vertex -6.46955 -9.68236 3.03438
    endloop
  endfacet
  facet normal 0.270898 0.420318 0.865995
    outer loop
      vertex -6.46955 -9.68236 3.03438
      vertex -8.47936 -10.3321 3.97844
      vertex -7.42581 -11.1135 4.02813
    endloop
  endfacet
  facet normal 0.595716 0.803195 -0
    outer loop
      vertex -7.42581 -11.1135 4.02813
      vertex -8.47936 -10.3321 4.37594
      vertex -7.42581 -11.1135 4.42563
    endloop
  endfacet
  facet normal 0.595716 0.803195 0
    outer loop
      vertex -8.47936 -10.3321 4.37594
      vertex -7.42581 -11.1135 4.02813
      vertex -8.47936 -10.3321 3.97844
    endloop
  endfacet
  facet normal 0.3236 0.381236 -0.865992
    outer loop
      vertex -7.42581 -11.1135 4.42563
      vertex -8.47936 -10.3321 4.37594
      vertex -7.38743 -9.00161 5.36969
    endloop
  endfacet
  facet normal 0.328922 0.380406 -0.864351
    outer loop
      vertex -6.46955 -9.68236 5.41938
      vertex -7.42581 -11.1135 4.42563
      vertex -7.38743 -9.00161 5.36969
    endloop
  endfacet
  facet normal 0.595701 0.803206 -0
    outer loop
      vertex -6.46955 -9.68236 5.41938
      vertex -7.38743 -9.00161 6.16469
      vertex -6.46955 -9.68236 6.21438
    endloop
  endfacet
  facet normal 0.595701 0.803206 0
    outer loop
      vertex -7.38743 -9.00161 6.16469
      vertex -6.46955 -9.68236 5.41938
      vertex -7.38743 -9.00161 5.36969
    endloop
  endfacet
  facet normal 0.26855 0.425187 0.864348
    outer loop
      vertex -7.38743 -9.00161 6.16469
      vertex -8.47936 -10.3321 7.15844
      vertex -6.46955 -9.68236 6.21438
    endloop
  endfacet
  facet normal 0.270898 0.420318 0.865995
    outer loop
      vertex -6.46955 -9.68236 6.21438
      vertex -8.47936 -10.3321 7.15844
      vertex -7.42581 -11.1135 7.20813
    endloop
  endfacet
  facet normal 0.595716 0.803195 -0
    outer loop
      vertex -7.42581 -11.1135 7.20813
      vertex -8.47936 -10.3321 7.6
      vertex -7.42581 -11.1135 7.6
    endloop
  endfacet
  facet normal 0.595716 0.803195 0
    outer loop
      vertex -8.47936 -10.3321 7.6
      vertex -7.42581 -11.1135 7.20813
      vertex -8.47936 -10.3321 7.15844
    endloop
  endfacet
  facet normal 0.22558 0.449456 0.864351
    outer loop
      vertex -6.60968 -9.89208 0
      vertex -7.42581 -11.1135 0.848125
      vertex -5.68614 -10.3556 0
    endloop
  endfacet
  facet normal 0.228353 0.444876 0.865991
    outer loop
      vertex -5.68614 -10.3556 0
      vertex -6.30074 -11.7878 0.897813
      vertex -5.56769 -10.4164 0
    endloop
  endfacet
  facet normal 0.228379 0.444865 0.86599
    outer loop
      vertex -6.30074 -11.7878 0.897813
      vertex -5.68614 -10.3556 0
      vertex -7.42581 -11.1135 0.848125
    endloop
  endfacet
  facet normal 0.51408 0.857742 -0
    outer loop
      vertex -6.30074 -11.7878 0.897813
      vertex -7.42581 -11.1135 1.24563
      vertex -6.30074 -11.7878 1.29531
    endloop
  endfacet
  facet normal 0.51408 0.857742 0
    outer loop
      vertex -7.42581 -11.1135 1.24563
      vertex -6.30074 -11.7878 0.897813
      vertex -7.42581 -11.1135 0.848125
    endloop
  endfacet
  facet normal 0.284647 0.411131 -0.865995
    outer loop
      vertex -6.30074 -11.7878 1.29531
      vertex -7.42581 -11.1135 1.24563
      vertex -6.46955 -9.68236 2.23938
    endloop
  endfacet
  facet normal 0.290062 0.410824 -0.864342
    outer loop
      vertex -6.30074 -11.7878 1.29531
      vertex -6.46955 -9.68236 2.23938
      vertex -5.48936 -10.2699 2.28906
    endloop
  endfacet
  facet normal 0.514126 0.857714 -0
    outer loop
      vertex -5.48936 -10.2699 2.28906
      vertex -6.46955 -9.68236 3.03438
      vertex -5.48936 -10.2699 3.08406
    endloop
  endfacet
  facet normal 0.514126 0.857714 0
    outer loop
      vertex -6.46955 -9.68236 3.03438
      vertex -5.48936 -10.2699 2.28906
      vertex -6.46955 -9.68236 2.23938
    endloop
  endfacet
  facet normal 0.225596 0.449447 0.864352
    outer loop
      vertex -6.46955 -9.68236 3.03438
      vertex -7.42581 -11.1135 4.02813
      vertex -5.48936 -10.2699 3.08406
    endloop
  endfacet
  facet normal 0.228388 0.444868 0.865986
    outer loop
      vertex -5.48936 -10.2699 3.08406
      vertex -7.42581 -11.1135 4.02813
      vertex -6.30074 -11.7878 4.07781
    endloop
  endfacet
  facet normal 0.51408 0.857742 -0
    outer loop
      vertex -6.30074 -11.7878 4.07781
      vertex -7.42581 -11.1135 4.42563
      vertex -6.30074 -11.7878 4.47531
    endloop
  endfacet
  facet normal 0.51408 0.857742 0
    outer loop
      vertex -7.42581 -11.1135 4.42563
      vertex -6.30074 -11.7878 4.07781
      vertex -7.42581 -11.1135 4.02813
    endloop
  endfacet
  facet normal 0.284647 0.411131 -0.865995
    outer loop
      vertex -6.30074 -11.7878 4.47531
      vertex -7.42581 -11.1135 4.42563
      vertex -6.46955 -9.68236 5.41938
    endloop
  endfacet
  facet normal 0.290062 0.410824 -0.864342
    outer loop
      vertex -6.30074 -11.7878 4.47531
      vertex -6.46955 -9.68236 5.41938
      vertex -5.48936 -10.2699 5.46906
    endloop
  endfacet
  facet normal 0.514126 0.857714 -0
    outer loop
      vertex -5.48936 -10.2699 5.46906
      vertex -6.46955 -9.68236 6.21438
      vertex -5.48936 -10.2699 6.26406
    endloop
  endfacet
  facet normal 0.514126 0.857714 0
    outer loop
      vertex -6.46955 -9.68236 6.21438
      vertex -5.48936 -10.2699 5.46906
      vertex -6.46955 -9.68236 5.41938
    endloop
  endfacet
  facet normal 0.225596 0.449447 0.864352
    outer loop
      vertex -6.46955 -9.68236 6.21438
      vertex -7.42581 -11.1135 7.20813
      vertex -5.48936 -10.2699 6.26406
    endloop
  endfacet
  facet normal 0.228388 0.444868 0.865986
    outer loop
      vertex -5.48936 -10.2699 6.26406
      vertex -7.42581 -11.1135 7.20813
      vertex -6.30074 -11.7878 7.25781
    endloop
  endfacet
  facet normal 0.51408 0.857742 -0
    outer loop
      vertex -6.30074 -11.7878 7.25781
      vertex -7.42581 -11.1135 7.6
      vertex -6.30074 -11.7878 7.6
    endloop
  endfacet
  facet normal 0.51408 0.857742 0
    outer loop
      vertex -7.42581 -11.1135 7.6
      vertex -6.30074 -11.7878 7.25781
      vertex -7.42581 -11.1135 7.20813
    endloop
  endfacet
  facet normal 0.180447 0.469407 0.864347
    outer loop
      vertex -5.56769 -10.4164 0
      vertex -6.30074 -11.7878 0.897813
      vertex -4.54666 -10.8089 0
    endloop
  endfacet
  facet normal 0.183832 0.465032 0.865997
    outer loop
      vertex -4.54666 -10.8089 0
      vertex -5.11498 -12.3487 0.9475
      vertex -4.48696 -10.8325 0
    endloop
  endfacet
  facet normal 0.183708 0.465079 0.865998
    outer loop
      vertex -5.11498 -12.3487 0.9475
      vertex -4.54666 -10.8089 0
      vertex -6.30074 -11.7878 0.897813
    endloop
  endfacet
  facet normal 0.427603 0.903967 -0
    outer loop
      vertex -5.11498 -12.3487 0.9475
      vertex -6.30074 -11.7878 1.29531
      vertex -5.11498 -12.3487 1.345
    endloop
  endfacet
  facet normal 0.427603 0.903967 0
    outer loop
      vertex -6.30074 -11.7878 1.29531
      vertex -5.11498 -12.3487 0.9475
      vertex -6.30074 -11.7878 0.897813
    endloop
  endfacet
  facet normal 0.243024 0.437044 -0.865986
    outer loop
      vertex -5.11498 -12.3487 1.345
      vertex -6.30074 -11.7878 1.29531
      vertex -5.48936 -10.2699 2.28906
    endloop
  endfacet
  facet normal 0.248386 0.437267 -0.864351
    outer loop
      vertex -5.11498 -12.3487 1.345
      vertex -5.48936 -10.2699 2.28906
      vertex -4.4563 -10.7585 2.33875
    endloop
  endfacet
  facet normal 0.427554 0.90399 -0
    outer loop
      vertex -4.4563 -10.7585 2.33875
      vertex -5.48936 -10.2699 3.08406
      vertex -4.4563 -10.7585 3.13375
    endloop
  endfacet
  facet normal 0.427554 0.90399 0
    outer loop
      vertex -5.48936 -10.2699 3.08406
      vertex -4.4563 -10.7585 2.33875
      vertex -5.48936 -10.2699 2.28906
    endloop
  endfacet
  facet normal 0.180444 0.469419 0.864341
    outer loop
      vertex -5.48936 -10.2699 3.08406
      vertex -6.30074 -11.7878 4.07781
      vertex -4.4563 -10.7585 3.13375
    endloop
  endfacet
  facet normal 0.183709 0.465084 0.865995
    outer loop
      vertex -4.4563 -10.7585 3.13375
      vertex -6.30074 -11.7878 4.07781
      vertex -5.11498 -12.3487 4.1275
    endloop
  endfacet
  facet normal 0.427603 0.903967 -0
    outer loop
      vertex -5.11498 -12.3487 4.1275
      vertex -6.30074 -11.7878 4.47531
      vertex -5.11498 -12.3487 4.525
    endloop
  endfacet
  facet normal 0.427603 0.903967 0
    outer loop
      vertex -6.30074 -11.7878 4.47531
      vertex -5.11498 -12.3487 4.1275
      vertex -6.30074 -11.7878 4.07781
    endloop
  endfacet
  facet normal 0.243024 0.437044 -0.865986
    outer loop
      vertex -5.11498 -12.3487 4.525
      vertex -6.30074 -11.7878 4.47531
      vertex -5.48936 -10.2699 5.46906
    endloop
  endfacet
  facet normal 0.248386 0.437267 -0.864351
    outer loop
      vertex -5.11498 -12.3487 4.525
      vertex -5.48936 -10.2699 5.46906
      vertex -4.4563 -10.7585 5.51875
    endloop
  endfacet
  facet normal 0.427554 0.90399 -0
    outer loop
      vertex -4.4563 -10.7585 5.51875
      vertex -5.48936 -10.2699 6.26406
      vertex -4.4563 -10.7585 6.31375
    endloop
  endfacet
  facet normal 0.427554 0.90399 0
    outer loop
      vertex -5.48936 -10.2699 6.26406
      vertex -4.4563 -10.7585 5.51875
      vertex -5.48936 -10.2699 5.46906
    endloop
  endfacet
  facet normal 0.180444 0.469419 0.864341
    outer loop
      vertex -5.48936 -10.2699 6.26406
      vertex -6.30074 -11.7878 7.25781
      vertex -4.4563 -10.7585 6.31375
    endloop
  endfacet
  facet normal 0.183709 0.465084 0.865995
    outer loop
      vertex -4.4563 -10.7585 6.31375
      vertex -6.30074 -11.7878 7.25781
      vertex -5.11498 -12.3487 7.3075
    endloop
  endfacet
  facet normal 0.427603 0.903967 -0
    outer loop
      vertex -5.11498 -12.3487 7.3075
      vertex -6.30074 -11.7878 7.6
      vertex -5.11498 -12.3487 7.6
    endloop
  endfacet
  facet normal 0.427603 0.903967 0
    outer loop
      vertex -6.30074 -11.7878 7.6
      vertex -5.11498 -12.3487 7.3075
      vertex -6.30074 -11.7878 7.25781
    endloop
  endfacet
  facet normal 0.336457 0.941699 -0
    outer loop
      vertex -3.38033 -11.1434 0
      vertex -3.45478 -11.1168 0
      vertex -3.38033 -11.1434 0.003438
    endloop
  endfacet
  facet normal 0.133541 0.484834 0.864351
    outer loop
      vertex -5.11498 -12.3487 0.9475
      vertex -3.45478 -11.1168 0
      vertex -4.48696 -10.8325 0
    endloop
  endfacet
  facet normal 0.133375 0.485005 0.864281
    outer loop
      vertex -3.45478 -11.1168 0
      vertex -5.11498 -12.3487 0.9475
      vertex -3.38033 -11.1434 0.003438
    endloop
  endfacet
  facet normal 0.137208 0.48084 0.866006
    outer loop
      vertex -3.38033 -11.1434 0.003438
      vertex -5.11498 -12.3487 0.9475
      vertex -3.87997 -12.7906 0.997188
    endloop
  endfacet
  facet normal 0.336894 0.941543 -0
    outer loop
      vertex -3.87997 -12.7906 0.997188
      vertex -5.11498 -12.3487 1.345
      vertex -3.87997 -12.7906 1.39469
    endloop
  endfacet
  facet normal 0.336894 0.941543 0
    outer loop
      vertex -5.11498 -12.3487 1.345
      vertex -3.87997 -12.7906 0.997188
      vertex -5.11498 -12.3487 0.9475
    endloop
  endfacet
  facet normal 0.19899 0.458755 -0.865995
    outer loop
      vertex -3.87997 -12.7906 1.39469
      vertex -5.11498 -12.3487 1.345
      vertex -4.4563 -10.7585 2.33875
    endloop
  endfacet
  facet normal 0.204292 0.4595 -0.864364
    outer loop
      vertex -3.87997 -12.7906 1.39469
      vertex -4.4563 -10.7585 2.33875
      vertex -3.38033 -11.1434 2.38844
    endloop
  endfacet
  facet normal 0.336821 0.941569 -0
    outer loop
      vertex -3.38033 -11.1434 2.38844
      vertex -4.4563 -10.7585 3.13375
      vertex -3.38033 -11.1434 3.18344
    endloop
  endfacet
  facet normal 0.336821 0.941569 0
    outer loop
      vertex -4.4563 -10.7585 3.13375
      vertex -3.38033 -11.1434 2.38844
      vertex -4.4563 -10.7585 2.33875
    endloop
  endfacet
  facet normal 0.133523 0.484843 0.864349
    outer loop
      vertex -4.4563 -10.7585 3.13375
      vertex -5.11498 -12.3487 4.1275
      vertex -3.38033 -11.1434 3.18344
    endloop
  endfacet
  facet normal 0.137207 0.48084 0.866006
    outer loop
      vertex -3.38033 -11.1434 3.18344
      vertex -5.11498 -12.3487 4.1275
      vertex -3.87997 -12.7906 4.17719
    endloop
  endfacet
  facet normal 0.336894 0.941543 -0
    outer loop
      vertex -3.87997 -12.7906 4.17719
      vertex -5.11498 -12.3487 4.525
      vertex -3.87997 -12.7906 4.57469
    endloop
  endfacet
  facet normal 0.336894 0.941543 0
    outer loop
      vertex -5.11498 -12.3487 4.525
      vertex -3.87997 -12.7906 4.17719
      vertex -5.11498 -12.3487 4.1275
    endloop
  endfacet
  facet normal 0.19899 0.458755 -0.865995
    outer loop
      vertex -3.87997 -12.7906 4.57469
      vertex -5.11498 -12.3487 4.525
      vertex -4.4563 -10.7585 5.51875
    endloop
  endfacet
  facet normal 0.204292 0.4595 -0.864364
    outer loop
      vertex -3.87997 -12.7906 4.57469
      vertex -4.4563 -10.7585 5.51875
      vertex -3.38033 -11.1434 5.56844
    endloop
  endfacet
  facet normal 0.336821 0.941569 -0
    outer loop
      vertex -3.38033 -11.1434 5.56844
      vertex -4.4563 -10.7585 6.31375
      vertex -3.38033 -11.1434 6.36344
    endloop
  endfacet
  facet normal 0.336821 0.941569 0
    outer loop
      vertex -4.4563 -10.7585 6.31375
      vertex -3.38033 -11.1434 5.56844
      vertex -4.4563 -10.7585 5.51875
    endloop
  endfacet
  facet normal 0.133523 0.484843 0.864349
    outer loop
      vertex -4.4563 -10.7585 6.31375
      vertex -5.11498 -12.3487 7.3075
      vertex -3.38033 -11.1434 6.36344
    endloop
  endfacet
  facet normal 0.137207 0.48084 0.866006
    outer loop
      vertex -3.38033 -11.1434 6.36344
      vertex -5.11498 -12.3487 7.3075
      vertex -3.87997 -12.7906 7.35719
    endloop
  endfacet
  facet normal 0.336894 0.941543 -0
    outer loop
      vertex -3.87997 -12.7906 7.35719
      vertex -5.11498 -12.3487 7.6
      vertex -3.87997 -12.7906 7.6
    endloop
  endfacet
  facet normal 0.336894 0.941543 0
    outer loop
      vertex -5.11498 -12.3487 7.6
      vertex -3.87997 -12.7906 7.35719
      vertex -5.11498 -12.3487 7.3075
    endloop
  endfacet
  facet normal 0.243003 0.970026 -0
    outer loop
      vertex -2.2718 -11.4211 0
      vertex -3.38033 -11.1434 0.003438
      vertex -2.2718 -11.4211 0.0531254
    endloop
  endfacet
  facet normal 0.243003 0.970026 0
    outer loop
      vertex -3.38033 -11.1434 0.003438
      vertex -2.2718 -11.4211 0
      vertex -3.38033 -11.1434 0
    endloop
  endfacet
  facet normal 0.0854013 0.495563 0.864363
    outer loop
      vertex -3.38033 -11.1434 0.003438
      vertex -3.87997 -12.7906 0.997188
      vertex -2.2718 -11.4211 0.0531254
    endloop
  endfacet
  facet normal 0.0894097 0.491985 0.866001
    outer loop
      vertex -2.2718 -11.4211 0.0531254
      vertex -3.87997 -12.7906 0.997188
      vertex -2.6076 -13.1093 1.04688
    endloop
  endfacet
  facet normal 0.242972 0.970033 -0
    outer loop
      vertex -2.6076 -13.1093 1.04688
      vertex -3.87997 -12.7906 1.39469
      vertex -2.6076 -13.1093 1.44438
    endloop
  endfacet
  facet normal 0.242972 0.970033 0
    outer loop
      vertex -3.87997 -12.7906 1.39469
      vertex -2.6076 -13.1093 1.04688
      vertex -3.87997 -12.7906 0.997188
    endloop
  endfacet
  facet normal 0.153056 0.476033 -0.866006
    outer loop
      vertex -2.6076 -13.1093 1.44438
      vertex -3.87997 -12.7906 1.39469
      vertex -3.38033 -11.1434 2.38844
    endloop
  endfacet
  facet normal 0.158316 0.477308 -0.864357
    outer loop
      vertex -2.6076 -13.1093 1.44438
      vertex -3.38033 -11.1434 2.38844
      vertex -2.2718 -11.4211 2.43813
    endloop
  endfacet
  facet normal 0.243003 0.970026 -0
    outer loop
      vertex -2.2718 -11.4211 2.43813
      vertex -3.38033 -11.1434 3.18344
      vertex -2.2718 -11.4211 3.23313
    endloop
  endfacet
  facet normal 0.243003 0.970026 0
    outer loop
      vertex -3.38033 -11.1434 3.18344
      vertex -2.2718 -11.4211 2.43813
      vertex -3.38033 -11.1434 2.38844
    endloop
  endfacet
  facet normal 0.0853994 0.495563 0.864363
    outer loop
      vertex -3.38033 -11.1434 3.18344
      vertex -3.87997 -12.7906 4.17719
      vertex -2.2718 -11.4211 3.23313
    endloop
  endfacet
  facet normal 0.0894105 0.491983 0.866002
    outer loop
      vertex -2.2718 -11.4211 3.23313
      vertex -3.87997 -12.7906 4.17719
      vertex -2.6076 -13.1093 4.22688
    endloop
  endfacet
  facet normal 0.242972 0.970033 -0
    outer loop
      vertex -2.6076 -13.1093 4.22688
      vertex -3.87997 -12.7906 4.57469
      vertex -2.6076 -13.1093 4.62438
    endloop
  endfacet
  facet normal 0.242972 0.970033 0
    outer loop
      vertex -3.87997 -12.7906 4.57469
      vertex -2.6076 -13.1093 4.22688
      vertex -3.87997 -12.7906 4.17719
    endloop
  endfacet
  facet normal 0.153056 0.476033 -0.866006
    outer loop
      vertex -2.6076 -13.1093 4.62438
      vertex -3.87997 -12.7906 4.57469
      vertex -3.38033 -11.1434 5.56844
    endloop
  endfacet
  facet normal 0.158316 0.477308 -0.864357
    outer loop
      vertex -2.6076 -13.1093 4.62438
      vertex -3.38033 -11.1434 5.56844
      vertex -2.2718 -11.4211 5.61813
    endloop
  endfacet
  facet normal 0.243003 0.970026 -0
    outer loop
      vertex -2.2718 -11.4211 5.61813
      vertex -3.38033 -11.1434 6.36344
      vertex -2.2718 -11.4211 6.41313
    endloop
  endfacet
  facet normal 0.243003 0.970026 0
    outer loop
      vertex -3.38033 -11.1434 6.36344
      vertex -2.2718 -11.4211 5.61813
      vertex -3.38033 -11.1434 5.56844
    endloop
  endfacet
  facet normal 0.0853994 0.495563 0.864363
    outer loop
      vertex -3.38033 -11.1434 6.36344
      vertex -3.87997 -12.7906 7.35719
      vertex -2.2718 -11.4211 6.41313
    endloop
  endfacet
  facet normal 0.0894105 0.491983 0.866002
    outer loop
      vertex -2.2718 -11.4211 6.41313
      vertex -3.87997 -12.7906 7.35719
      vertex -2.6076 -13.1093 7.40688
    endloop
  endfacet
  facet normal 0.242972 0.970033 -0
    outer loop
      vertex -2.6076 -13.1093 7.40688
      vertex -3.87997 -12.7906 7.6
      vertex -2.6076 -13.1093 7.6
    endloop
  endfacet
  facet normal 0.242972 0.970033 0
    outer loop
      vertex -3.87997 -12.7906 7.6
      vertex -2.6076 -13.1093 7.40688
      vertex -3.87997 -12.7906 7.35719
    endloop
  endfacet
  facet normal 0.146748 0.989174 -0
    outer loop
      vertex -1.1414 -11.5888 0
      vertex -2.2718 -11.4211 0.0531254
      vertex -1.1414 -11.5888 0.102813
    endloop
  endfacet
  facet normal 0.146748 0.989174 0
    outer loop
      vertex -2.2718 -11.4211 0.0531254
      vertex -1.1414 -11.5888 0
      vertex -2.2718 -11.4211 0
    endloop
  endfacet
  facet normal 0.036415 0.501558 0.864357
    outer loop
      vertex -2.2718 -11.4211 0.0531254
      vertex -2.6076 -13.1093 1.04688
      vertex -1.1414 -11.5888 0.102813
    endloop
  endfacet
  facet normal 0.040747 0.498396 0.865992
    outer loop
      vertex -1.1414 -11.5888 0.102813
      vertex -2.6076 -13.1093 1.04688
      vertex -1.31011 -13.3017 1.09656
    endloop
  endfacet
  facet normal 0.146682 0.989184 -0
    outer loop
      vertex -1.31011 -13.3017 1.09656
      vertex -2.6076 -13.1093 1.44438
      vertex -1.31011 -13.3017 1.49406
    endloop
  endfacet
  facet normal 0.146682 0.989184 0
    outer loop
      vertex -2.6076 -13.1093 1.44438
      vertex -1.31011 -13.3017 1.09656
      vertex -2.6076 -13.1093 1.04688
    endloop
  endfacet
  facet normal 0.105634 0.488756 -0.866002
    outer loop
      vertex -1.31011 -13.3017 1.49406
      vertex -2.6076 -13.1093 1.44438
      vertex -2.2718 -11.4211 2.43813
    endloop
  endfacet
  facet normal 0.110762 0.490547 -0.864347
    outer loop
      vertex -1.31011 -13.3017 1.49406
      vertex -2.2718 -11.4211 2.43813
      vertex -1.1414 -11.5888 2.48781
    endloop
  endfacet
  facet normal 0.146748 0.989174 -0
    outer loop
      vertex -1.1414 -11.5888 2.48781
      vertex -2.2718 -11.4211 3.23313
      vertex -1.1414 -11.5888 3.28281
    endloop
  endfacet
  facet normal 0.146748 0.989174 0
    outer loop
      vertex -2.2718 -11.4211 3.23313
      vertex -1.1414 -11.5888 2.48781
      vertex -2.2718 -11.4211 2.43813
    endloop
  endfacet
  facet normal 0.0364203 0.501556 0.864358
    outer loop
      vertex -2.2718 -11.4211 3.23313
      vertex -2.6076 -13.1093 4.22688
      vertex -1.1414 -11.5888 3.28281
    endloop
  endfacet
  facet normal 0.0407472 0.498397 0.865991
    outer loop
      vertex -1.1414 -11.5888 3.28281
      vertex -2.6076 -13.1093 4.22688
      vertex -1.31011 -13.3017 4.27656
    endloop
  endfacet
  facet normal 0.146682 0.989184 -0
    outer loop
      vertex -1.31011 -13.3017 4.27656
      vertex -2.6076 -13.1093 4.62438
      vertex -1.31011 -13.3017 4.67406
    endloop
  endfacet
  facet normal 0.146682 0.989184 0
    outer loop
      vertex -2.6076 -13.1093 4.62438
      vertex -1.31011 -13.3017 4.27656
      vertex -2.6076 -13.1093 4.22688
    endloop
  endfacet
  facet normal 0.105634 0.488756 -0.866002
    outer loop
      vertex -1.31011 -13.3017 4.67406
      vertex -2.6076 -13.1093 4.62438
      vertex -2.2718 -11.4211 5.61813
    endloop
  endfacet
  facet normal 0.110762 0.490547 -0.864347
    outer loop
      vertex -1.31011 -13.3017 4.67406
      vertex -2.2718 -11.4211 5.61813
      vertex -1.1414 -11.5888 5.66781
    endloop
  endfacet
  facet normal 0.146748 0.989174 -0
    outer loop
      vertex -1.1414 -11.5888 5.66781
      vertex -2.2718 -11.4211 6.41313
      vertex -1.1414 -11.5888 6.46281
    endloop
  endfacet
  facet normal 0.146748 0.989174 0
    outer loop
      vertex -2.2718 -11.4211 6.41313
      vertex -1.1414 -11.5888 5.66781
      vertex -2.2718 -11.4211 5.61813
    endloop
  endfacet
  facet normal 0.0364203 0.501556 0.864358
    outer loop
      vertex -2.2718 -11.4211 6.41313
      vertex -2.6076 -13.1093 7.40688
      vertex -1.1414 -11.5888 6.46281
    endloop
  endfacet
  facet normal 0.0407472 0.498397 0.865991
    outer loop
      vertex -1.1414 -11.5888 6.46281
      vertex -2.6076 -13.1093 7.40688
      vertex -1.31011 -13.3017 7.45656
    endloop
  endfacet
  facet normal 0.146682 0.989184 -0
    outer loop
      vertex -1.31011 -13.3017 7.45656
      vertex -2.6076 -13.1093 7.6
      vertex -1.31011 -13.3017 7.6
    endloop
  endfacet
  facet normal 0.146682 0.989184 0
    outer loop
      vertex -2.6076 -13.1093 7.6
      vertex -1.31011 -13.3017 7.45656
      vertex -2.6076 -13.1093 7.40688
    endloop
  endfacet
  facet normal 0.0490909 0.998794 -0
    outer loop
      vertex 0 -11.6449 0
      vertex -1.1414 -11.5888 0.102813
      vertex 0 -11.6449 0.1525
    endloop
  endfacet
  facet normal 0.0490909 0.998794 0
    outer loop
      vertex -1.1414 -11.5888 0.102813
      vertex 0 -11.6449 0
      vertex -1.1414 -11.5888 0
    endloop
  endfacet
  facet normal -0.0129173 0.502728 0.864348
    outer loop
      vertex -1.1414 -11.5888 0.102813
      vertex -1.31011 -13.3017 1.09656
      vertex 0 -11.6449 0.1525
    endloop
  endfacet
  facet normal -0.00826794 0.499988 0.865993
    outer loop
      vertex 0 -11.6449 0.1525
      vertex -1.31011 -13.3017 1.09656
      vertex 0 -13.3661 1.14625
    endloop
  endfacet
  facet normal 0.0490969 0.998794 -0
    outer loop
      vertex 0 -13.3661 1.14625
      vertex -1.31011 -13.3017 1.49406
      vertex 0 -13.3661 1.54375
    endloop
  endfacet
  facet normal 0.0490969 0.998794 0
    outer loop
      vertex -1.31011 -13.3017 1.49406
      vertex 0 -13.3661 1.14625
      vertex -1.31011 -13.3017 1.09656
    endloop
  endfacet
  facet normal 0.0572647 0.49677 -0.865991
    outer loop
      vertex 0 -13.3661 1.54375
      vertex -1.31011 -13.3017 1.49406
      vertex -1.1414 -11.5888 2.48781
    endloop
  endfacet
  facet normal 0.0621566 0.499039 -0.864348
    outer loop
      vertex 0 -13.3661 1.54375
      vertex -1.1414 -11.5888 2.48781
      vertex 0 -11.6449 2.5375
    endloop
  endfacet
  facet normal 0.0490909 0.998794 -0
    outer loop
      vertex 0 -11.6449 2.5375
      vertex -1.1414 -11.5888 3.28281
      vertex 0 -11.6449 3.3325
    endloop
  endfacet
  facet normal 0.0490909 0.998794 0
    outer loop
      vertex -1.1414 -11.5888 3.28281
      vertex 0 -11.6449 2.5375
      vertex -1.1414 -11.5888 2.48781
    endloop
  endfacet
  facet normal -0.0129195 0.502729 0.864347
    outer loop
      vertex -1.1414 -11.5888 3.28281
      vertex -1.31011 -13.3017 4.27656
      vertex 0 -11.6449 3.3325
    endloop
  endfacet
  facet normal -0.00826794 0.499988 0.865993
    outer loop
      vertex 0 -11.6449 3.3325
      vertex -1.31011 -13.3017 4.27656
      vertex 0 -13.3661 4.32625
    endloop
  endfacet
  facet normal 0.0490969 0.998794 -0
    outer loop
      vertex 0 -13.3661 4.32625
      vertex -1.31011 -13.3017 4.67406
      vertex 0 -13.3661 5.02844
    endloop
  endfacet
  facet normal 0.0490969 0.998794 0
    outer loop
      vertex -1.31011 -13.3017 4.67406
      vertex 0 -13.3661 4.32625
      vertex -1.31011 -13.3017 4.27656
    endloop
  endfacet
  facet normal 0.252219 0.46689 -0.847585
    outer loop
      vertex 0 -13.3661 5.02844
      vertex -1.31011 -13.3017 4.67406
      vertex -1.1414 -11.5888 5.66781
    endloop
  endfacet
  facet normal 0.342048 0.504792 -0.792583
    outer loop
      vertex 0 -13.3661 5.02844
      vertex -1.1414 -11.5888 5.66781
      vertex 0 -12.1475 5.80456
    endloop
  endfacet
  facet normal 0.439643 0.898172 -0
    outer loop
      vertex 0 -12.1475 5.80456
      vertex -1.1414 -11.5888 6.46281
      vertex 0 -12.1475 6.42544
    endloop
  endfacet
  facet normal 0.439643 0.898172 0
    outer loop
      vertex -1.1414 -11.5888 6.46281
      vertex 0 -12.1475 5.80456
      vertex -1.1414 -11.5888 5.66781
    endloop
  endfacet
  facet normal 0.279025 0.515859 0.80996
    outer loop
      vertex 0 -12.1475 6.42544
      vertex -1.1414 -11.5888 6.46281
      vertex 0 -13.3661 7.20156
    endloop
  endfacet
  facet normal 0.190365 0.478547 0.857178
    outer loop
      vertex -1.1414 -11.5888 6.46281
      vertex -1.31011 -13.3017 7.45656
      vertex 0 -13.3661 7.20156
    endloop
  endfacet
  facet normal 0.0490969 0.998794 0
    outer loop
      vertex 0 -13.3661 7.6
      vertex -1.31011 -13.3017 7.45656
      vertex -1.31011 -13.3017 7.6
    endloop
  endfacet
  facet normal 0.0490969 0.998794 0
    outer loop
      vertex -1.31011 -13.3017 7.45656
      vertex 0 -13.3661 7.6
      vertex 0 -13.3661 7.20156
    endloop
  endfacet
  facet normal -0.0490909 0.998794 0
    outer loop
      vertex 1.1414 -11.5888 0
      vertex 0 -11.6449 0.1525
      vertex 1.1414 -11.5888 0.202188
    endloop
  endfacet
  facet normal -0.0490909 0.998794 0
    outer loop
      vertex 0 -11.6449 0.1525
      vertex 1.1414 -11.5888 0
      vertex 0 -11.6449 0
    endloop
  endfacet
  facet normal -0.0621551 0.499039 0.864348
    outer loop
      vertex 0 -11.6449 0.1525
      vertex 0 -13.3661 1.14625
      vertex 1.1414 -11.5888 0.202188
    endloop
  endfacet
  facet normal -0.0572647 0.496771 0.865991
    outer loop
      vertex 1.1414 -11.5888 0.202188
      vertex 0 -13.3661 1.14625
      vertex 1.31011 -13.3017 1.19594
    endloop
  endfacet
  facet normal -0.0490969 0.998794 0
    outer loop
      vertex 1.31011 -13.3017 1.19594
      vertex 0 -13.3661 1.54375
      vertex 1.31011 -13.3017 1.59344
    endloop
  endfacet
  facet normal -0.0490969 0.998794 0
    outer loop
      vertex 0 -13.3661 1.54375
      vertex 1.31011 -13.3017 1.19594
      vertex 0 -13.3661 1.14625
    endloop
  endfacet
  facet normal 0.00826794 0.499988 -0.865993
    outer loop
      vertex 1.31011 -13.3017 1.59344
      vertex 0 -13.3661 1.54375
      vertex 0 -11.6449 2.5375
    endloop
  endfacet
  facet normal 0.0129195 0.502729 -0.864347
    outer loop
      vertex 1.31011 -13.3017 1.59344
      vertex 0 -11.6449 2.5375
      vertex 1.1414 -11.5888 2.58719
    endloop
  endfacet
  facet normal -0.0490909 0.998794 0
    outer loop
      vertex 1.1414 -11.5888 2.58719
      vertex 0 -11.6449 3.3325
      vertex 1.1414 -11.5888 3.38219
    endloop
  endfacet
  facet normal -0.0490909 0.998794 0
    outer loop
      vertex 0 -11.6449 3.3325
      vertex 1.1414 -11.5888 2.58719
      vertex 0 -11.6449 2.5375
    endloop
  endfacet
  facet normal -0.0621566 0.499039 0.864348
    outer loop
      vertex 0 -11.6449 3.3325
      vertex 0 -13.3661 4.32625
      vertex 1.1414 -11.5888 3.38219
    endloop
  endfacet
  facet normal -0.0572647 0.49677 0.865991
    outer loop
      vertex 1.1414 -11.5888 3.38219
      vertex 0 -13.3661 4.32625
      vertex 1.31011 -13.3017 4.37594
    endloop
  endfacet
  facet normal -0.0490969 0.998794 0
    outer loop
      vertex 1.31011 -13.3017 4.37594
      vertex 0 -13.3661 5.02844
      vertex 1.31011 -13.3017 5.7647
    endloop
  endfacet
  facet normal -0.0490969 0.998794 0
    outer loop
      vertex 0 -13.3661 5.02844
      vertex 1.31011 -13.3017 4.37594
      vertex 0 -13.3661 4.32625
    endloop
  endfacet
  facet normal 0.408545 0.490318 -0.769857
    outer loop
      vertex 1.31011 -13.3017 5.7647
      vertex 0 -13.3661 5.02844
      vertex 0 -12.1475 5.80456
    endloop
  endfacet
  facet normal 0.661048 0.750343 -0
    outer loop
      vertex 1.31011 -13.3017 5.7647
      vertex 0 -12.1475 6.42544
      vertex 1.31011 -13.3017 6.56467
    endloop
  endfacet
  facet normal 0.661048 0.750343 0
    outer loop
      vertex 0 -12.1475 6.42544
      vertex 1.31011 -13.3017 5.7647
      vertex 0 -12.1475 5.80456
    endloop
  endfacet
  facet normal 0.358176 0.501554 0.787499
    outer loop
      vertex 0 -12.1475 6.42544
      vertex 0 -13.3661 7.20156
      vertex 1.31011 -13.3017 6.56467
    endloop
  endfacet
  facet normal -0.0490969 0.998794 0
    outer loop
      vertex 1.31011 -13.3017 7.6
      vertex 0 -13.3661 7.20156
      vertex 0 -13.3661 7.6
    endloop
  endfacet
  facet normal -0.0490969 0.998794 0
    outer loop
      vertex 0 -13.3661 7.20156
      vertex 1.31011 -13.3017 7.6
      vertex 1.31011 -13.3017 6.56467
    endloop
  endfacet
  facet normal -0.146748 0.989174 0
    outer loop
      vertex 2.2718 -11.4211 0
      vertex 1.1414 -11.5888 0.202188
      vertex 2.2718 -11.4211 0.251876
    endloop
  endfacet
  facet normal -0.146748 0.989174 0
    outer loop
      vertex 1.1414 -11.5888 0.202188
      vertex 2.2718 -11.4211 0
      vertex 1.1414 -11.5888 0
    endloop
  endfacet
  facet normal -0.110768 0.490547 0.864346
    outer loop
      vertex 2.2718 -11.4211 0.251876
      vertex 1.1414 -11.5888 0.202188
      vertex 1.31011 -13.3017 1.19594
    endloop
  endfacet
  facet normal -0.105641 0.488756 0.866001
    outer loop
      vertex 2.2718 -11.4211 0.251876
      vertex 1.31011 -13.3017 1.19594
      vertex 2.6076 -13.1093 1.24563
    endloop
  endfacet
  facet normal -0.146682 0.989184 0
    outer loop
      vertex 2.6076 -13.1093 1.24563
      vertex 1.31011 -13.3017 1.59344
      vertex 2.6076 -13.1093 1.64313
    endloop
  endfacet
  facet normal -0.146682 0.989184 0
    outer loop
      vertex 1.31011 -13.3017 1.59344
      vertex 2.6076 -13.1093 1.24563
      vertex 1.31011 -13.3017 1.19594
    endloop
  endfacet
  facet normal -0.0407407 0.498397 -0.865991
    outer loop
      vertex 1.31011 -13.3017 1.59344
      vertex 1.1414 -11.5888 2.58719
      vertex 2.6076 -13.1093 1.64313
    endloop
  endfacet
  facet normal -0.0364129 0.501557 -0.864358
    outer loop
      vertex 2.6076 -13.1093 1.64313
      vertex 1.1414 -11.5888 2.58719
      vertex 2.2718 -11.4211 2.63688
    endloop
  endfacet
  facet normal -0.146748 0.989174 0
    outer loop
      vertex 2.2718 -11.4211 2.63688
      vertex 1.1414 -11.5888 3.38219
      vertex 2.2718 -11.4211 3.43188
    endloop
  endfacet
  facet normal -0.146748 0.989174 0
    outer loop
      vertex 1.1414 -11.5888 3.38219
      vertex 2.2718 -11.4211 2.63688
      vertex 1.1414 -11.5888 2.58719
    endloop
  endfacet
  facet normal -0.11077 0.490546 0.864346
    outer loop
      vertex 2.2718 -11.4211 3.43188
      vertex 1.1414 -11.5888 3.38219
      vertex 1.31011 -13.3017 4.37594
    endloop
  endfacet
  facet normal -0.105641 0.488754 0.866002
    outer loop
      vertex 2.2718 -11.4211 3.43188
      vertex 1.31011 -13.3017 4.37594
      vertex 2.6076 -13.1093 4.42563
    endloop
  endfacet
  facet normal -0.146682 0.989184 0
    outer loop
      vertex 2.6076 -13.1093 7.6
      vertex 1.31011 -13.3017 6.56467
      vertex 1.31011 -13.3017 7.6
    endloop
  endfacet
  facet normal -0.146682 0.989184 0
    outer loop
      vertex 2.6076 -13.1093 7.6
      vertex 1.31011 -13.3017 5.7647
      vertex 1.31011 -13.3017 6.56467
    endloop
  endfacet
  facet normal -0.146682 0.989184 0
    outer loop
      vertex 2.6076 -13.1093 4.42563
      vertex 1.31011 -13.3017 5.7647
      vertex 2.6076 -13.1093 7.6
    endloop
  endfacet
  facet normal -0.146682 0.989184 0
    outer loop
      vertex 1.31011 -13.3017 5.7647
      vertex 2.6076 -13.1093 4.42563
      vertex 1.31011 -13.3017 4.37594
    endloop
  endfacet
  facet normal -0.243003 0.970026 0
    outer loop
      vertex 3.38033 -11.1434 0
      vertex 2.2718 -11.4211 0.251876
      vertex 3.38033 -11.1434 0.301563
    endloop
  endfacet
  facet normal -0.243003 0.970026 0
    outer loop
      vertex 2.2718 -11.4211 0.251876
      vertex 3.38033 -11.1434 0
      vertex 2.2718 -11.4211 0
    endloop
  endfacet
  facet normal -0.158314 0.47731 0.864356
    outer loop
      vertex 3.38033 -11.1434 0.301563
      vertex 2.2718 -11.4211 0.251876
      vertex 2.6076 -13.1093 1.24563
    endloop
  endfacet
  facet normal -0.153049 0.476033 0.866007
    outer loop
      vertex 3.38033 -11.1434 0.301563
      vertex 2.6076 -13.1093 1.24563
      vertex 3.87997 -12.7906 1.29531
    endloop
  endfacet
  facet normal -0.242972 0.970033 0
    outer loop
      vertex 3.87997 -12.7906 1.29531
      vertex 2.6076 -13.1093 1.64313
      vertex 3.87997 -12.7906 1.69281
    endloop
  endfacet
  facet normal -0.242972 0.970033 0
    outer loop
      vertex 2.6076 -13.1093 1.64313
      vertex 3.87997 -12.7906 1.29531
      vertex 2.6076 -13.1093 1.24563
    endloop
  endfacet
  facet normal -0.089417 0.491981 -0.866002
    outer loop
      vertex 2.6076 -13.1093 1.64313
      vertex 2.2718 -11.4211 2.63688
      vertex 3.87997 -12.7906 1.69281
    endloop
  endfacet
  facet normal -0.0854066 0.495561 -0.864364
    outer loop
      vertex 3.87997 -12.7906 1.69281
      vertex 2.2718 -11.4211 2.63688
      vertex 3.38033 -11.1434 2.68656
    endloop
  endfacet
  facet normal -0.243003 0.970026 0
    outer loop
      vertex 3.38033 -11.1434 2.68656
      vertex 2.2718 -11.4211 3.43188
      vertex 3.38033 -11.1434 3.48156
    endloop
  endfacet
  facet normal -0.243003 0.970026 0
    outer loop
      vertex 2.2718 -11.4211 3.43188
      vertex 3.38033 -11.1434 2.68656
      vertex 2.2718 -11.4211 2.63688
    endloop
  endfacet
  facet normal -0.158309 0.47731 0.864357
    outer loop
      vertex 3.38033 -11.1434 3.48156
      vertex 2.2718 -11.4211 3.43188
      vertex 2.6076 -13.1093 4.42563
    endloop
  endfacet
  facet normal -0.153049 0.476035 0.866006
    outer loop
      vertex 3.38033 -11.1434 3.48156
      vertex 2.6076 -13.1093 4.42563
      vertex 3.87997 -12.7906 4.47531
    endloop
  endfacet
  facet normal -0.242972 0.970033 0
    outer loop
      vertex 3.87997 -12.7906 4.47531
      vertex 2.6076 -13.1093 7.6
      vertex 3.87997 -12.7906 7.6
    endloop
  endfacet
  facet normal -0.242972 0.970033 0
    outer loop
      vertex 2.6076 -13.1093 7.6
      vertex 3.87997 -12.7906 4.47531
      vertex 2.6076 -13.1093 4.42563
    endloop
  endfacet
  facet normal -0.336821 0.941569 0
    outer loop
      vertex 4.4563 -10.7585 0
      vertex 3.38033 -11.1434 0.301563
      vertex 4.4563 -10.7585 0.351251
    endloop
  endfacet
  facet normal -0.336821 0.941569 0
    outer loop
      vertex 3.38033 -11.1434 0.301563
      vertex 4.4563 -10.7585 0
      vertex 3.38033 -11.1434 0
    endloop
  endfacet
  facet normal -0.20429 0.4595 0.864364
    outer loop
      vertex 4.4563 -10.7585 0.351251
      vertex 3.38033 -11.1434 0.301563
      vertex 3.87997 -12.7906 1.29531
    endloop
  endfacet
  facet normal -0.19899 0.458754 0.865995
    outer loop
      vertex 4.4563 -10.7585 0.351251
      vertex 3.87997 -12.7906 1.29531
      vertex 5.11498 -12.3487 1.345
    endloop
  endfacet
  facet normal -0.336894 0.941543 0
    outer loop
      vertex 5.11498 -12.3487 1.345
      vertex 3.87997 -12.7906 1.69281
      vertex 5.11498 -12.3487 1.7425
    endloop
  endfacet
  facet normal -0.336894 0.941543 0
    outer loop
      vertex 3.87997 -12.7906 1.69281
      vertex 5.11498 -12.3487 1.345
      vertex 3.87997 -12.7906 1.29531
    endloop
  endfacet
  facet normal -0.137207 0.48084 -0.866006
    outer loop
      vertex 3.87997 -12.7906 1.69281
      vertex 3.38033 -11.1434 2.68656
      vertex 5.11498 -12.3487 1.7425
    endloop
  endfacet
  facet normal -0.133523 0.484843 -0.864349
    outer loop
      vertex 5.11498 -12.3487 1.7425
      vertex 3.38033 -11.1434 2.68656
      vertex 4.4563 -10.7585 2.73625
    endloop
  endfacet
  facet normal -0.336821 0.941569 0
    outer loop
      vertex 4.4563 -10.7585 2.73625
      vertex 3.38033 -11.1434 3.48156
      vertex 4.4563 -10.7585 3.53125
    endloop
  endfacet
  facet normal -0.336821 0.941569 0
    outer loop
      vertex 3.38033 -11.1434 3.48156
      vertex 4.4563 -10.7585 2.73625
      vertex 3.38033 -11.1434 2.68656
    endloop
  endfacet
  facet normal -0.204292 0.4595 0.864364
    outer loop
      vertex 4.4563 -10.7585 3.53125
      vertex 3.38033 -11.1434 3.48156
      vertex 3.87997 -12.7906 4.47531
    endloop
  endfacet
  facet normal -0.19899 0.458755 0.865995
    outer loop
      vertex 4.4563 -10.7585 3.53125
      vertex 3.87997 -12.7906 4.47531
      vertex 5.11498 -12.3487 4.525
    endloop
  endfacet
  facet normal -0.336894 0.941543 0
    outer loop
      vertex 5.11498 -12.3487 4.525
      vertex 3.87997 -12.7906 7.6
      vertex 5.11498 -12.3487 7.6
    endloop
  endfacet
  facet normal -0.336894 0.941543 0
    outer loop
      vertex 3.87997 -12.7906 7.6
      vertex 5.11498 -12.3487 4.525
      vertex 3.87997 -12.7906 4.47531
    endloop
  endfacet
  facet normal -0.427554 0.90399 0
    outer loop
      vertex 5.48936 -10.2699 0
      vertex 4.4563 -10.7585 0.351251
      vertex 5.48936 -10.2699 0.400938
    endloop
  endfacet
  facet normal -0.427554 0.90399 0
    outer loop
      vertex 4.4563 -10.7585 0.351251
      vertex 5.48936 -10.2699 0
      vertex 4.4563 -10.7585 0
    endloop
  endfacet
  facet normal -0.248384 0.437267 0.864351
    outer loop
      vertex 5.48936 -10.2699 0.400938
      vertex 4.4563 -10.7585 0.351251
      vertex 5.11498 -12.3487 1.345
    endloop
  endfacet
  facet normal -0.243025 0.437044 0.865986
    outer loop
      vertex 5.48936 -10.2699 0.400938
      vertex 5.11498 -12.3487 1.345
      vertex 6.30074 -11.7878 1.39469
    endloop
  endfacet
  facet normal -0.427603 0.903967 0
    outer loop
      vertex 6.30074 -11.7878 1.39469
      vertex 5.11498 -12.3487 1.7425
      vertex 6.30074 -11.7878 1.79219
    endloop
  endfacet
  facet normal -0.427603 0.903967 0
    outer loop
      vertex 5.11498 -12.3487 1.7425
      vertex 6.30074 -11.7878 1.39469
      vertex 5.11498 -12.3487 1.345
    endloop
  endfacet
  facet normal -0.183709 0.465084 -0.865995
    outer loop
      vertex 5.11498 -12.3487 1.7425
      vertex 4.4563 -10.7585 2.73625
      vertex 6.30074 -11.7878 1.79219
    endloop
  endfacet
  facet normal -0.180444 0.469419 -0.864341
    outer loop
      vertex 6.30074 -11.7878 1.79219
      vertex 4.4563 -10.7585 2.73625
      vertex 5.48936 -10.2699 2.78594
    endloop
  endfacet
  facet normal -0.427554 0.90399 0
    outer loop
      vertex 5.48936 -10.2699 2.78594
      vertex 4.4563 -10.7585 3.53125
      vertex 5.48936 -10.2699 3.58094
    endloop
  endfacet
  facet normal -0.427554 0.90399 0
    outer loop
      vertex 4.4563 -10.7585 3.53125
      vertex 5.48936 -10.2699 2.78594
      vertex 4.4563 -10.7585 2.73625
    endloop
  endfacet
  facet normal -0.248386 0.437267 0.864351
    outer loop
      vertex 5.48936 -10.2699 3.58094
      vertex 4.4563 -10.7585 3.53125
      vertex 5.11498 -12.3487 4.525
    endloop
  endfacet
  facet normal -0.243024 0.437044 0.865986
    outer loop
      vertex 5.48936 -10.2699 3.58094
      vertex 5.11498 -12.3487 4.525
      vertex 6.30074 -11.7878 4.57469
    endloop
  endfacet
  facet normal -0.427603 0.903967 0
    outer loop
      vertex 6.30074 -11.7878 4.57469
      vertex 5.11498 -12.3487 7.6
      vertex 6.30074 -11.7878 7.6
    endloop
  endfacet
  facet normal -0.427603 0.903967 0
    outer loop
      vertex 5.11498 -12.3487 7.6
      vertex 6.30074 -11.7878 4.57469
      vertex 5.11498 -12.3487 4.525
    endloop
  endfacet
  facet normal -0.514126 0.857714 0
    outer loop
      vertex 6.46955 -9.68236 0
      vertex 5.48936 -10.2699 0.400938
      vertex 6.46955 -9.68236 0.450625
    endloop
  endfacet
  facet normal -0.514126 0.857714 0
    outer loop
      vertex 5.48936 -10.2699 0.400938
      vertex 6.46955 -9.68236 0
      vertex 5.48936 -10.2699 0
    endloop
  endfacet
  facet normal -0.290067 0.410822 0.864342
    outer loop
      vertex 6.46955 -9.68236 0.450625
      vertex 5.48936 -10.2699 0.400938
      vertex 6.30074 -11.7878 1.39469
    endloop
  endfacet
  facet normal -0.284654 0.411129 0.865994
    outer loop
      vertex 6.46955 -9.68236 0.450625
      vertex 6.30074 -11.7878 1.39469
      vertex 7.42581 -11.1135 1.44438
    endloop
  endfacet
  facet normal -0.51408 0.857742 0
    outer loop
      vertex 7.42581 -11.1135 1.44438
      vertex 6.30074 -11.7878 1.79219
      vertex 7.42581 -11.1135 1.84188
    endloop
  endfacet
  facet normal -0.51408 0.857742 0
    outer loop
      vertex 6.30074 -11.7878 1.79219
      vertex 7.42581 -11.1135 1.44438
      vertex 6.30074 -11.7878 1.39469
    endloop
  endfacet
  facet normal -0.228382 0.444871 -0.865986
    outer loop
      vertex 6.30074 -11.7878 1.79219
      vertex 5.48936 -10.2699 2.78594
      vertex 7.42581 -11.1135 1.84188
    endloop
  endfacet
  facet normal -0.22559 0.449451 -0.864351
    outer loop
      vertex 7.42581 -11.1135 1.84188
      vertex 5.48936 -10.2699 2.78594
      vertex 6.46955 -9.68236 2.83563
    endloop
  endfacet
  facet normal -0.514126 0.857714 0
    outer loop
      vertex 6.46955 -9.68236 2.83563
      vertex 5.48936 -10.2699 3.58094
      vertex 6.46955 -9.68236 3.63063
    endloop
  endfacet
  facet normal -0.514126 0.857714 0
    outer loop
      vertex 5.48936 -10.2699 3.58094
      vertex 6.46955 -9.68236 2.83563
      vertex 5.48936 -10.2699 2.78594
    endloop
  endfacet
  facet normal -0.290069 0.41082 0.864342
    outer loop
      vertex 6.46955 -9.68236 3.63063
      vertex 5.48936 -10.2699 3.58094
      vertex 6.30074 -11.7878 4.57469
    endloop
  endfacet
  facet normal -0.284653 0.411127 0.865995
    outer loop
      vertex 6.46955 -9.68236 3.63063
      vertex 6.30074 -11.7878 4.57469
      vertex 7.42581 -11.1135 4.62438
    endloop
  endfacet
  facet normal -0.51408 0.857742 0
    outer loop
      vertex 7.42581 -11.1135 4.62438
      vertex 6.30074 -11.7878 7.6
      vertex 7.42581 -11.1135 7.6
    endloop
  endfacet
  facet normal -0.51408 0.857742 0
    outer loop
      vertex 6.30074 -11.7878 7.6
      vertex 7.42581 -11.1135 4.62438
      vertex 6.30074 -11.7878 4.57469
    endloop
  endfacet
  facet normal -0.595701 0.803206 0
    outer loop
      vertex 7.38743 -9.00161 0
      vertex 6.46955 -9.68236 0.450625
      vertex 7.38743 -9.00161 0.500313
    endloop
  endfacet
  facet normal -0.595701 0.803206 0
    outer loop
      vertex 6.46955 -9.68236 0.450625
      vertex 7.38743 -9.00161 0
      vertex 6.46955 -9.68236 0
    endloop
  endfacet
  facet normal -0.328922 0.380408 0.86435
    outer loop
      vertex 7.38743 -9.00161 0.500313
      vertex 6.46955 -9.68236 0.450625
      vertex 7.42581 -11.1135 1.44438
    endloop
  endfacet
  facet normal -0.323594 0.381239 0.865993
    outer loop
      vertex 8.47936 -10.3321 1.49406
      vertex 7.38743 -9.00161 0.500313
      vertex 7.42581 -11.1135 1.44438
    endloop
  endfacet
  facet normal -0.595716 0.803195 0
    outer loop
      vertex 8.47936 -10.3321 1.49406
      vertex 7.42581 -11.1135 1.84188
      vertex 8.47936 -10.3321 1.89156
    endloop
  endfacet
  facet normal -0.595716 0.803195 0
    outer loop
      vertex 7.42581 -11.1135 1.84188
      vertex 8.47936 -10.3321 1.49406
      vertex 7.42581 -11.1135 1.44438
    endloop
  endfacet
  facet normal -0.270904 0.420314 -0.865995
    outer loop
      vertex 7.42581 -11.1135 1.84188
      vertex 6.46955 -9.68236 2.83563
      vertex 8.47936 -10.3321 1.89156
    endloop
  endfacet
  facet normal -0.268556 0.425183 -0.864348
    outer loop
      vertex 8.47936 -10.3321 1.89156
      vertex 6.46955 -9.68236 2.83563
      vertex 7.38743 -9.00161 2.88531
    endloop
  endfacet
  facet normal -0.595701 0.803206 0
    outer loop
      vertex 7.38743 -9.00161 2.88531
      vertex 6.46955 -9.68236 3.63063
      vertex 7.38743 -9.00161 3.68031
    endloop
  endfacet
  facet normal -0.595701 0.803206 0
    outer loop
      vertex 6.46955 -9.68236 3.63063
      vertex 7.38743 -9.00161 2.88531
      vertex 6.46955 -9.68236 2.83563
    endloop
  endfacet
  facet normal -0.328916 0.38041 0.864351
    outer loop
      vertex 7.38743 -9.00161 3.68031
      vertex 6.46955 -9.68236 3.63063
      vertex 7.42581 -11.1135 4.62438
    endloop
  endfacet
  facet normal -0.323595 0.38124 0.865992
    outer loop
      vertex 8.47936 -10.3321 4.67406
      vertex 7.38743 -9.00161 3.68031
      vertex 7.42581 -11.1135 4.62438
    endloop
  endfacet
  facet normal -0.595716 0.803195 0
    outer loop
      vertex 8.47936 -10.3321 4.67406
      vertex 7.42581 -11.1135 7.6
      vertex 8.47936 -10.3321 7.6
    endloop
  endfacet
  facet normal -0.595716 0.803195 0
    outer loop
      vertex 7.42581 -11.1135 7.6
      vertex 8.47936 -10.3321 4.67406
      vertex 7.42581 -11.1135 4.62438
    endloop
  endfacet
  facet normal -0.671559 0.740951 0
    outer loop
      vertex 8.23417 -8.23417 0
      vertex 7.38743 -9.00161 0.500313
      vertex 8.23417 -8.23417 0.55
    endloop
  endfacet
  facet normal -0.671559 0.740951 0
    outer loop
      vertex 7.38743 -9.00161 0.500313
      vertex 8.23417 -8.23417 0
      vertex 7.38743 -9.00161 0
    endloop
  endfacet
  facet normal -0.364624 0.346339 0.864349
    outer loop
      vertex 8.23417 -8.23417 0.55
      vertex 7.38743 -9.00161 0.500313
      vertex 8.47936 -10.3321 1.49406
    endloop
  endfacet
  facet normal -0.359391 0.347692 0.865996
    outer loop
      vertex 9.45126 -9.45126 1.54375
      vertex 8.23417 -8.23417 0.55
      vertex 8.47936 -10.3321 1.49406
    endloop
  endfacet
  facet normal -0.671543 0.740966 0
    outer loop
      vertex 9.45126 -9.45126 1.54375
      vertex 8.47936 -10.3321 1.89156
      vertex 9.45126 -9.45126 1.94125
    endloop
  endfacet
  facet normal -0.671543 0.740966 0
    outer loop
      vertex 8.47936 -10.3321 1.89156
      vertex 9.45126 -9.45126 1.54375
      vertex 8.47936 -10.3321 1.49406
    endloop
  endfacet
  facet normal -0.310778 0.391759 -0.865992
    outer loop
      vertex 8.47936 -10.3321 1.89156
      vertex 7.38743 -9.00161 2.88531
      vertex 9.45126 -9.45126 1.94125
    endloop
  endfacet
  facet normal -0.308927 0.396813 -0.864351
    outer loop
      vertex 9.45126 -9.45126 1.94125
      vertex 7.38743 -9.00161 2.88531
      vertex 8.23417 -8.23417 2.935
    endloop
  endfacet
  facet normal -0.671559 0.740951 0
    outer loop
      vertex 8.23417 -8.23417 2.935
      vertex 7.38743 -9.00161 3.68031
      vertex 8.23417 -8.23417 3.73
    endloop
  endfacet
  facet normal -0.671559 0.740951 0
    outer loop
      vertex 7.38743 -9.00161 3.68031
      vertex 8.23417 -8.23417 2.935
      vertex 7.38743 -9.00161 2.88531
    endloop
  endfacet
  facet normal -0.364626 0.346338 0.864348
    outer loop
      vertex 8.23417 -8.23417 3.73
      vertex 7.38743 -9.00161 3.68031
      vertex 8.47936 -10.3321 4.67406
    endloop
  endfacet
  facet normal -0.359391 0.347692 0.865996
    outer loop
      vertex 9.45126 -9.45126 4.72375
      vertex 8.23417 -8.23417 3.73
      vertex 8.47936 -10.3321 4.67406
    endloop
  endfacet
  facet normal -0.671543 0.740966 0
    outer loop
      vertex 9.45126 -9.45126 4.72375
      vertex 8.47936 -10.3321 7.6
      vertex 9.45126 -9.45126 7.6
    endloop
  endfacet
  facet normal -0.671543 0.740966 0
    outer loop
      vertex 8.47936 -10.3321 7.6
      vertex 9.45126 -9.45126 4.72375
      vertex 8.47936 -10.3321 4.67406
    endloop
  endfacet
  facet normal -0.740951 0.671559 0
    outer loop
      vertex 8.23417 -8.23417 0.55
      vertex 9.00161 -7.38743 0
      vertex 8.23417 -8.23417 0
    endloop
  endfacet
  facet normal -0.740951 0.671559 0
    outer loop
      vertex 9.00161 -7.38743 0
      vertex 8.23417 -8.23417 0.55
      vertex 9.00161 -7.38743 0.599688
    endloop
  endfacet
  facet normal -0.396812 0.308928 0.864352
    outer loop
      vertex 9.00161 -7.38743 0.599688
      vertex 8.23417 -8.23417 0.55
      vertex 9.45126 -9.45126 1.54375
    endloop
  endfacet
  facet normal -0.391759 0.310779 0.865991
    outer loop
      vertex 10.3321 -8.47936 1.59344
      vertex 9.00161 -7.38743 0.599688
      vertex 9.45126 -9.45126 1.54375
    endloop
  endfacet
  facet normal -0.740966 0.671543 0
    outer loop
      vertex 9.45126 -9.45126 1.94125
      vertex 10.3321 -8.47936 1.59344
      vertex 9.45126 -9.45126 1.54375
    endloop
  endfacet
  facet normal -0.740966 0.671543 0
    outer loop
      vertex 10.3321 -8.47936 1.59344
      vertex 9.45126 -9.45126 1.94125
      vertex 10.3321 -8.47936 1.99094
    endloop
  endfacet
  facet normal -0.347692 0.359391 -0.865996
    outer loop
      vertex 9.45126 -9.45126 1.94125
      vertex 8.23417 -8.23417 2.935
      vertex 10.3321 -8.47936 1.99094
    endloop
  endfacet
  facet normal -0.346338 0.364626 -0.864348
    outer loop
      vertex 10.3321 -8.47936 1.99094
      vertex 8.23417 -8.23417 2.935
      vertex 9.00161 -7.38743 2.98469
    endloop
  endfacet
  facet normal -0.740951 0.671559 0
    outer loop
      vertex 8.23417 -8.23417 3.73
      vertex 9.00161 -7.38743 2.98469
      vertex 8.23417 -8.23417 2.935
    endloop
  endfacet
  facet normal -0.740951 0.671559 0
    outer loop
      vertex 9.00161 -7.38743 2.98469
      vertex 8.23417 -8.23417 3.73
      vertex 9.00161 -7.38743 3.77969
    endloop
  endfacet
  facet normal -0.396813 0.308927 0.864351
    outer loop
      vertex 9.00161 -7.38743 3.77969
      vertex 8.23417 -8.23417 3.73
      vertex 9.45126 -9.45126 4.72375
    endloop
  endfacet
  facet normal -0.391759 0.310778 0.865992
    outer loop
      vertex 10.3321 -8.47936 4.77344
      vertex 9.00161 -7.38743 3.77969
      vertex 9.45126 -9.45126 4.72375
    endloop
  endfacet
  facet normal -0.740966 0.671543 0
    outer loop
      vertex 9.45126 -9.45126 7.6
      vertex 10.3321 -8.47936 4.77344
      vertex 9.45126 -9.45126 4.72375
    endloop
  endfacet
  facet normal -0.740966 0.671543 0
    outer loop
      vertex 10.3321 -8.47936 4.77344
      vertex 9.45126 -9.45126 7.6
      vertex 10.3321 -8.47936 7.6
    endloop
  endfacet
  facet normal -0.803206 0.595701 0
    outer loop
      vertex 9.00161 -7.38743 0.599688
      vertex 9.68236 -6.46955 0
      vertex 9.00161 -7.38743 0
    endloop
  endfacet
  facet normal -0.803206 0.595701 0
    outer loop
      vertex 9.68236 -6.46955 0
      vertex 9.00161 -7.38743 0.599688
      vertex 9.68236 -6.46955 0.649376
    endloop
  endfacet
  facet normal -0.425187 0.268552 0.864347
    outer loop
      vertex 9.68236 -6.46955 0.649376
      vertex 9.00161 -7.38743 0.599688
      vertex 10.3321 -8.47936 1.59344
    endloop
  endfacet
  facet normal -0.420319 0.270899 0.865994
    outer loop
      vertex 11.1135 -7.42581 1.64313
      vertex 9.68236 -6.46955 0.649376
      vertex 10.3321 -8.47936 1.59344
    endloop
  endfacet
  facet normal -0.803195 0.595716 0
    outer loop
      vertex 10.3321 -8.47936 1.99094
      vertex 11.1135 -7.42581 1.64313
      vertex 10.3321 -8.47936 1.59344
    endloop
  endfacet
  facet normal -0.803195 0.595716 0
    outer loop
      vertex 11.1135 -7.42581 1.64313
      vertex 10.3321 -8.47936 1.99094
      vertex 11.1135 -7.42581 2.04063
    endloop
  endfacet
  facet normal -0.381236 0.3236 -0.865992
    outer loop
      vertex 10.3321 -8.47936 1.99094
      vertex 9.00161 -7.38743 2.98469
      vertex 11.1135 -7.42581 2.04063
    endloop
  endfacet
  facet normal -0.380406 0.328922 -0.864351
    outer loop
      vertex 11.1135 -7.42581 2.04063
      vertex 9.00161 -7.38743 2.98469
      vertex 9.68236 -6.46955 3.03438
    endloop
  endfacet
  facet normal -0.803206 0.595701 0
    outer loop
      vertex 9.00161 -7.38743 3.77969
      vertex 9.68236 -6.46955 3.03438
      vertex 9.00161 -7.38743 2.98469
    endloop
  endfacet
  facet normal -0.803206 0.595701 0
    outer loop
      vertex 9.68236 -6.46955 3.03438
      vertex 9.00161 -7.38743 3.77969
      vertex 9.68236 -6.46955 3.82938
    endloop
  endfacet
  facet normal -0.425187 0.26855 0.864348
    outer loop
      vertex 9.68236 -6.46955 3.82938
      vertex 9.00161 -7.38743 3.77969
      vertex 10.3321 -8.47936 4.77344
    endloop
  endfacet
  facet normal -0.420318 0.270898 0.865995
    outer loop
      vertex 11.1135 -7.42581 4.82313
      vertex 9.68236 -6.46955 3.82938
      vertex 10.3321 -8.47936 4.77344
    endloop
  endfacet
  facet normal -0.803195 0.595716 0
    outer loop
      vertex 10.3321 -8.47936 7.6
      vertex 11.1135 -7.42581 4.82313
      vertex 10.3321 -8.47936 4.77344
    endloop
  endfacet
  facet normal -0.803195 0.595716 0
    outer loop
      vertex 11.1135 -7.42581 4.82313
      vertex 10.3321 -8.47936 7.6
      vertex 11.1135 -7.42581 7.6
    endloop
  endfacet
  facet normal -0.857714 0.514126 0
    outer loop
      vertex 9.68236 -6.46955 0.649376
      vertex 10.2699 -5.48936 0
      vertex 9.68236 -6.46955 0
    endloop
  endfacet
  facet normal -0.857714 0.514126 0
    outer loop
      vertex 10.2699 -5.48936 0
      vertex 9.68236 -6.46955 0.649376
      vertex 10.2699 -5.48936 0.699063
    endloop
  endfacet
  facet normal -0.449451 0.225592 0.864351
    outer loop
      vertex 10.2699 -5.48936 0.699063
      vertex 9.68236 -6.46955 0.649376
      vertex 11.1135 -7.42581 1.64313
    endloop
  endfacet
  facet normal -0.444867 0.228387 0.865987
    outer loop
      vertex 11.7878 -6.30074 1.69281
      vertex 10.2699 -5.48936 0.699063
      vertex 11.1135 -7.42581 1.64313
    endloop
  endfacet
  facet normal -0.857742 0.51408 0
    outer loop
      vertex 11.1135 -7.42581 2.04063
      vertex 11.7878 -6.30074 1.69281
      vertex 11.1135 -7.42581 1.64313
    endloop
  endfacet
  facet normal -0.857742 0.51408 0
    outer loop
      vertex 11.7878 -6.30074 1.69281
      vertex 11.1135 -7.42581 2.04063
      vertex 11.7878 -6.30074 2.09031
    endloop
  endfacet
  facet normal -0.411131 0.284647 -0.865995
    outer loop
      vertex 11.1135 -7.42581 2.04063
      vertex 9.68236 -6.46955 3.03438
      vertex 11.7878 -6.30074 2.09031
    endloop
  endfacet
  facet normal -0.410824 0.290062 -0.864342
    outer loop
      vertex 11.7878 -6.30074 2.09031
      vertex 9.68236 -6.46955 3.03438
      vertex 10.2699 -5.48936 3.08406
    endloop
  endfacet
  facet normal -0.857714 0.514126 0
    outer loop
      vertex 9.68236 -6.46955 3.82938
      vertex 10.2699 -5.48936 3.08406
      vertex 9.68236 -6.46955 3.03438
    endloop
  endfacet
  facet normal -0.857714 0.514126 0
    outer loop
      vertex 10.2699 -5.48936 3.08406
      vertex 9.68236 -6.46955 3.82938
      vertex 10.2699 -5.48936 3.87906
    endloop
  endfacet
  facet normal -0.449447 0.225596 0.864352
    outer loop
      vertex 10.2699 -5.48936 3.87906
      vertex 9.68236 -6.46955 3.82938
      vertex 11.1135 -7.42581 4.82313
    endloop
  endfacet
  facet normal -0.444868 0.228388 0.865986
    outer loop
      vertex 11.7878 -6.30074 4.87281
      vertex 10.2699 -5.48936 3.87906
      vertex 11.1135 -7.42581 4.82313
    endloop
  endfacet
  facet normal -0.857742 0.51408 0
    outer loop
      vertex 11.1135 -7.42581 7.6
      vertex 11.7878 -6.30074 4.87281
      vertex 11.1135 -7.42581 4.82313
    endloop
  endfacet
  facet normal -0.857742 0.51408 0
    outer loop
      vertex 11.7878 -6.30074 4.87281
      vertex 11.1135 -7.42581 7.6
      vertex 11.7878 -6.30074 7.6
    endloop
  endfacet
  facet normal -0.90399 0.427554 0
    outer loop
      vertex 10.2699 -5.48936 0.699063
      vertex 10.7585 -4.4563 0
      vertex 10.2699 -5.48936 0
    endloop
  endfacet
  facet normal -0.90399 0.427554 0
    outer loop
      vertex 10.7585 -4.4563 0
      vertex 10.2699 -5.48936 0.699063
      vertex 10.7585 -4.4563 0.748751
    endloop
  endfacet
  facet normal -0.469417 0.180444 0.864342
    outer loop
      vertex 10.7585 -4.4563 0.748751
      vertex 10.2699 -5.48936 0.699063
      vertex 11.7878 -6.30074 1.69281
    endloop
  endfacet
  facet normal -0.465084 0.183709 0.865995
    outer loop
      vertex 12.3487 -5.11498 1.7425
      vertex 10.7585 -4.4563 0.748751
      vertex 11.7878 -6.30074 1.69281
    endloop
  endfacet
  facet normal -0.903967 0.427603 0
    outer loop
      vertex 11.7878 -6.30074 2.09031
      vertex 12.3487 -5.11498 1.7425
      vertex 11.7878 -6.30074 1.69281
    endloop
  endfacet
  facet normal -0.903967 0.427603 0
    outer loop
      vertex 12.3487 -5.11498 1.7425
      vertex 11.7878 -6.30074 2.09031
      vertex 12.3487 -5.11498 2.14
    endloop
  endfacet
  facet normal -0.437044 0.243024 -0.865986
    outer loop
      vertex 11.7878 -6.30074 2.09031
      vertex 10.2699 -5.48936 3.08406
      vertex 12.3487 -5.11498 2.14
    endloop
  endfacet
  facet normal -0.437267 0.248386 -0.864351
    outer loop
      vertex 12.3487 -5.11498 2.14
      vertex 10.2699 -5.48936 3.08406
      vertex 10.7585 -4.4563 3.13375
    endloop
  endfacet
  facet normal -0.90399 0.427554 0
    outer loop
      vertex 10.2699 -5.48936 3.87906
      vertex 10.7585 -4.4563 3.13375
      vertex 10.2699 -5.48936 3.08406
    endloop
  endfacet
  facet normal -0.90399 0.427554 0
    outer loop
      vertex 10.7585 -4.4563 3.13375
      vertex 10.2699 -5.48936 3.87906
      vertex 10.7585 -4.4563 3.92875
    endloop
  endfacet
  facet normal -0.469419 0.180444 0.864341
    outer loop
      vertex 10.7585 -4.4563 3.92875
      vertex 10.2699 -5.48936 3.87906
      vertex 11.7878 -6.30074 4.87281
    endloop
  endfacet
  facet normal -0.465084 0.183709 0.865995
    outer loop
      vertex 12.3487 -5.11498 4.9225
      vertex 10.7585 -4.4563 3.92875
      vertex 11.7878 -6.30074 4.87281
    endloop
  endfacet
  facet normal -0.903967 0.427603 0
    outer loop
      vertex 11.7878 -6.30074 7.6
      vertex 12.3487 -5.11498 4.9225
      vertex 11.7878 -6.30074 4.87281
    endloop
  endfacet
  facet normal -0.903967 0.427603 0
    outer loop
      vertex 12.3487 -5.11498 4.9225
      vertex 11.7878 -6.30074 7.6
      vertex 12.3487 -5.11498 7.6
    endloop
  endfacet
  facet normal -0.459454 0.204076 -0.864439
    outer loop
      vertex 11.1491 -3.38206 0
      vertex 11.1168 -3.45478 0
      vertex 11.1434 -3.38033 0.003438
    endloop
  endfacet
  facet normal -0.941699 0.336457 0
    outer loop
      vertex 11.1168 -3.45478 0
      vertex 11.1434 -3.38033 0.798438
      vertex 11.1434 -3.38033 0.003438
    endloop
  endfacet
  facet normal -0.941559 0.336849 0
    outer loop
      vertex 10.7585 -4.4563 0.748751
      vertex 11.1168 -3.45478 0
      vertex 10.7585 -4.4563 0
    endloop
  endfacet
  facet normal -0.941568 0.336823 -3.85292e-05
    outer loop
      vertex 11.1168 -3.45478 0
      vertex 10.7585 -4.4563 0.748751
      vertex 11.1434 -3.38033 0.798438
    endloop
  endfacet
  facet normal -0.484842 0.133525 0.864349
    outer loop
      vertex 11.1434 -3.38033 0.798438
      vertex 10.7585 -4.4563 0.748751
      vertex 12.3487 -5.11498 1.7425
    endloop
  endfacet
  facet normal -0.480841 0.137207 0.866006
    outer loop
      vertex 12.7906 -3.87997 1.79219
      vertex 11.1434 -3.38033 0.798438
      vertex 12.3487 -5.11498 1.7425
    endloop
  endfacet
  facet normal -0.941543 0.336894 0
    outer loop
      vertex 12.3487 -5.11498 2.14
      vertex 12.7906 -3.87997 1.79219
      vertex 12.3487 -5.11498 1.7425
    endloop
  endfacet
  facet normal -0.941543 0.336894 0
    outer loop
      vertex 12.7906 -3.87997 1.79219
      vertex 12.3487 -5.11498 2.14
      vertex 12.7906 -3.87997 2.18969
    endloop
  endfacet
  facet normal -0.458755 0.19899 -0.865995
    outer loop
      vertex 12.3487 -5.11498 2.14
      vertex 10.7585 -4.4563 3.13375
      vertex 12.7906 -3.87997 2.18969
    endloop
  endfacet
  facet normal -0.4595 0.204292 -0.864364
    outer loop
      vertex 12.7906 -3.87997 2.18969
      vertex 10.7585 -4.4563 3.13375
      vertex 11.1434 -3.38033 3.18344
    endloop
  endfacet
  facet normal -0.941569 0.336821 0
    outer loop
      vertex 10.7585 -4.4563 3.92875
      vertex 11.1434 -3.38033 3.18344
      vertex 10.7585 -4.4563 3.13375
    endloop
  endfacet
  facet normal -0.941569 0.336821 0
    outer loop
      vertex 11.1434 -3.38033 3.18344
      vertex 10.7585 -4.4563 3.92875
      vertex 11.1434 -3.38033 3.97844
    endloop
  endfacet
  facet normal -0.484843 0.133523 0.864349
    outer loop
      vertex 11.1434 -3.38033 3.97844
      vertex 10.7585 -4.4563 3.92875
      vertex 12.3487 -5.11498 4.9225
    endloop
  endfacet
  facet normal -0.48084 0.137207 0.866006
    outer loop
      vertex 12.7906 -3.87997 4.97219
      vertex 11.1434 -3.38033 3.97844
      vertex 12.3487 -5.11498 4.9225
    endloop
  endfacet
  facet normal -0.941543 0.336894 0
    outer loop
      vertex 12.3487 -5.11498 7.6
      vertex 12.7906 -3.87997 4.97219
      vertex 12.3487 -5.11498 4.9225
    endloop
  endfacet
  facet normal -0.941543 0.336894 0
    outer loop
      vertex 12.7906 -3.87997 4.97219
      vertex 12.3487 -5.11498 7.6
      vertex 12.7906 -3.87997 7.6
    endloop
  endfacet
  facet normal -0.474844 0.156542 -0.866036
    outer loop
      vertex 11.1491 -3.38206 0
      vertex 11.1434 -3.38033 0.003438
      vertex 11.1506 -3.37751 0
    endloop
  endfacet
  facet normal -0.477126 0.158258 -0.864468
    outer loop
      vertex 11.1506 -3.37751 0
      vertex 11.4211 -2.2718 0.0531254
      vertex 11.5114 -2.28975 0
    endloop
  endfacet
  facet normal -0.475156 0.157832 -0.86563
    outer loop
      vertex 11.4211 -2.2718 0.0531254
      vertex 11.1506 -3.37751 0
      vertex 11.1434 -3.38033 0.003438
    endloop
  endfacet
  facet normal -0.970026 0.243003 0
    outer loop
      vertex 11.1434 -3.38033 0.798438
      vertex 11.4211 -2.2718 0.0531254
      vertex 11.1434 -3.38033 0.003438
    endloop
  endfacet
  facet normal -0.970026 0.243003 0
    outer loop
      vertex 11.4211 -2.2718 0.0531254
      vertex 11.1434 -3.38033 0.798438
      vertex 11.4211 -2.2718 0.848125
    endloop
  endfacet
  facet normal -0.495564 0.0854017 0.864363
    outer loop
      vertex 11.4211 -2.2718 0.848125
      vertex 11.1434 -3.38033 0.798438
      vertex 12.7906 -3.87997 1.79219
    endloop
  endfacet
  facet normal -0.491984 0.089411 0.866001
    outer loop
      vertex 13.1093 -2.6076 1.84188
      vertex 11.4211 -2.2718 0.848125
      vertex 12.7906 -3.87997 1.79219
    endloop
  endfacet
  facet normal -0.970033 0.242972 0
    outer loop
      vertex 12.7906 -3.87997 2.18969
      vertex 13.1093 -2.6076 1.84188
      vertex 12.7906 -3.87997 1.79219
    endloop
  endfacet
  facet normal -0.970033 0.242972 0
    outer loop
      vertex 13.1093 -2.6076 1.84188
      vertex 12.7906 -3.87997 2.18969
      vertex 13.1093 -2.6076 2.23938
    endloop
  endfacet
  facet normal -0.476033 0.153056 -0.866006
    outer loop
      vertex 12.7906 -3.87997 2.18969
      vertex 11.1434 -3.38033 3.18344
      vertex 13.1093 -2.6076 2.23938
    endloop
  endfacet
  facet normal -0.477308 0.158316 -0.864357
    outer loop
      vertex 13.1093 -2.6076 2.23938
      vertex 11.1434 -3.38033 3.18344
      vertex 11.4211 -2.2718 3.23313
    endloop
  endfacet
  facet normal -0.970026 0.243003 0
    outer loop
      vertex 11.1434 -3.38033 3.97844
      vertex 11.4211 -2.2718 3.23313
      vertex 11.1434 -3.38033 3.18344
    endloop
  endfacet
  facet normal -0.970026 0.243003 0
    outer loop
      vertex 11.4211 -2.2718 3.23313
      vertex 11.1434 -3.38033 3.97844
      vertex 11.4211 -2.2718 4.02813
    endloop
  endfacet
  facet normal -0.495563 0.0853994 0.864363
    outer loop
      vertex 11.4211 -2.2718 4.02813
      vertex 11.1434 -3.38033 3.97844
      vertex 12.7906 -3.87997 4.97219
    endloop
  endfacet
  facet normal -0.491983 0.0894105 0.866002
    outer loop
      vertex 13.1093 -2.6076 5.02188
      vertex 11.4211 -2.2718 4.02813
      vertex 12.7906 -3.87997 4.97219
    endloop
  endfacet
  facet normal -0.970033 0.242972 0
    outer loop
      vertex 12.7906 -3.87997 7.6
      vertex 13.1093 -2.6076 5.02188
      vertex 12.7906 -3.87997 4.97219
    endloop
  endfacet
  facet normal -0.970033 0.242972 0
    outer loop
      vertex 13.1093 -2.6076 5.02188
      vertex 12.7906 -3.87997 7.6
      vertex 13.1093 -2.6076 7.6
    endloop
  endfacet
  facet normal -0.488665 0.105096 -0.866119
    outer loop
      vertex 11.5114 -2.28975 0
      vertex 11.4211 -2.2718 0.0531254
      vertex 11.5269 -2.21768 0
    endloop
  endfacet
  facet normal -0.49058 0.11078 -0.864326
    outer loop
      vertex 11.5269 -2.21768 0
      vertex 11.5888 -1.1414 0.102813
      vertex 11.766 -1.15885 0
    endloop
  endfacet
  facet normal -0.490652 0.110781 -0.864285
    outer loop
      vertex 11.5888 -1.1414 0.102813
      vertex 11.5269 -2.21768 0
      vertex 11.4211 -2.2718 0.0531254
    endloop
  endfacet
  facet normal -0.989174 0.146748 0
    outer loop
      vertex 11.4211 -2.2718 0.848125
      vertex 11.5888 -1.1414 0.102813
      vertex 11.4211 -2.2718 0.0531254
    endloop
  endfacet
  facet normal -0.989174 0.146748 0
    outer loop
      vertex 11.5888 -1.1414 0.102813
      vertex 11.4211 -2.2718 0.848125
      vertex 11.5888 -1.1414 0.897813
    endloop
  endfacet
  facet normal -0.501558 0.0364147 0.864357
    outer loop
      vertex 11.5888 -1.1414 0.897813
      vertex 11.4211 -2.2718 0.848125
      vertex 13.1093 -2.6076 1.84188
    endloop
  endfacet
  facet normal -0.498396 0.040747 0.865992
    outer loop
      vertex 13.3017 -1.31011 1.89156
      vertex 11.5888 -1.1414 0.897813
      vertex 13.1093 -2.6076 1.84188
    endloop
  endfacet
  facet normal -0.989184 0.146682 0
    outer loop
      vertex 13.1093 -2.6076 2.23938
      vertex 13.3017 -1.31011 1.89156
      vertex 13.1093 -2.6076 1.84188
    endloop
  endfacet
  facet normal -0.989184 0.146682 0
    outer loop
      vertex 13.3017 -1.31011 1.89156
      vertex 13.1093 -2.6076 2.23938
      vertex 13.3017 -1.31011 2.28906
    endloop
  endfacet
  facet normal -0.488756 0.105634 -0.866002
    outer loop
      vertex 13.1093 -2.6076 2.23938
      vertex 11.4211 -2.2718 3.23313
      vertex 13.3017 -1.31011 2.28906
    endloop
  endfacet
  facet normal -0.490547 0.110762 -0.864347
    outer loop
      vertex 13.3017 -1.31011 2.28906
      vertex 11.4211 -2.2718 3.23313
      vertex 11.5888 -1.1414 3.28281
    endloop
  endfacet
  facet normal -0.989174 0.146748 0
    outer loop
      vertex 11.4211 -2.2718 4.02813
      vertex 11.5888 -1.1414 3.28281
      vertex 11.4211 -2.2718 3.23313
    endloop
  endfacet
  facet normal -0.989174 0.146748 0
    outer loop
      vertex 11.5888 -1.1414 3.28281
      vertex 11.4211 -2.2718 4.02813
      vertex 11.5888 -1.1414 4.07781
    endloop
  endfacet
  facet normal -0.501556 0.0364203 0.864358
    outer loop
      vertex 11.5888 -1.1414 4.07781
      vertex 11.4211 -2.2718 4.02813
      vertex 13.1093 -2.6076 5.02188
    endloop
  endfacet
  facet normal -0.498397 0.0407472 0.865991
    outer loop
      vertex 13.3017 -1.31011 5.07156
      vertex 11.5888 -1.1414 4.07781
      vertex 13.1093 -2.6076 5.02188
    endloop
  endfacet
  facet normal -0.989184 0.146682 0
    outer loop
      vertex 13.1093 -2.6076 7.6
      vertex 13.3017 -1.31011 5.07156
      vertex 13.1093 -2.6076 5.02188
    endloop
  endfacet
  facet normal -0.989184 0.146682 0
    outer loop
      vertex 13.3017 -1.31011 5.07156
      vertex 13.1093 -2.6076 7.6
      vertex 13.3017 -1.31011 7.6
    endloop
  endfacet
  facet normal -0.496783 0.0574721 -0.865969
    outer loop
      vertex 11.766 -1.15885 0
      vertex 11.5888 -1.1414 0.102813
      vertex 11.7824 -1.01709 0
    endloop
  endfacet
  facet normal -0.499088 0.0621228 -0.864322
    outer loop
      vertex 11.7824 -1.01709 0
      vertex 11.6449 0 0.1525
      vertex 11.909 0 0
    endloop
  endfacet
  facet normal -0.498954 0.0621523 -0.864397
    outer loop
      vertex 11.6449 0 0.1525
      vertex 11.7824 -1.01709 0
      vertex 11.5888 -1.1414 0.102813
    endloop
  endfacet
  facet normal -0.998794 0.0490909 0
    outer loop
      vertex 11.5888 -1.1414 0.897813
      vertex 11.6449 0 0.1525
      vertex 11.5888 -1.1414 0.102813
    endloop
  endfacet
  facet normal -0.998794 0.0490909 0
    outer loop
      vertex 11.6449 0 0.1525
      vertex 11.5888 -1.1414 0.897813
      vertex 11.6449 0 0.9475
    endloop
  endfacet
  facet normal -0.502728 -0.0129173 0.864348
    outer loop
      vertex 11.6449 0 0.9475
      vertex 11.5888 -1.1414 0.897813
      vertex 13.3017 -1.31011 1.89156
    endloop
  endfacet
  facet normal -0.499988 -0.00826794 0.865993
    outer loop
      vertex 13.3661 0 1.94125
      vertex 11.6449 0 0.9475
      vertex 13.3017 -1.31011 1.89156
    endloop
  endfacet
  facet normal -0.998794 0.0490969 0
    outer loop
      vertex 13.3017 -1.31011 2.28906
      vertex 13.3661 0 1.94125
      vertex 13.3017 -1.31011 1.89156
    endloop
  endfacet
  facet normal -0.998794 0.0490969 0
    outer loop
      vertex 13.3661 0 1.94125
      vertex 13.3017 -1.31011 2.28906
      vertex 13.3661 0 2.33875
    endloop
  endfacet
  facet normal -0.49677 0.0572647 -0.865991
    outer loop
      vertex 13.3017 -1.31011 2.28906
      vertex 11.5888 -1.1414 3.28281
      vertex 13.3661 0 2.33875
    endloop
  endfacet
  facet normal -0.499039 0.0621566 -0.864348
    outer loop
      vertex 13.3661 0 2.33875
      vertex 11.5888 -1.1414 3.28281
      vertex 11.6449 0 3.3325
    endloop
  endfacet
  facet normal -0.998794 0.0490909 0
    outer loop
      vertex 11.5888 -1.1414 4.07781
      vertex 11.6449 0 3.3325
      vertex 11.5888 -1.1414 3.28281
    endloop
  endfacet
  facet normal -0.998794 0.0490909 0
    outer loop
      vertex 11.6449 0 3.3325
      vertex 11.5888 -1.1414 4.07781
      vertex 11.6449 0 4.1275
    endloop
  endfacet
  facet normal -0.502729 -0.0129195 0.864347
    outer loop
      vertex 11.6449 0 4.1275
      vertex 11.5888 -1.1414 4.07781
      vertex 13.3017 -1.31011 5.07156
    endloop
  endfacet
  facet normal -0.499988 -0.00826794 0.865993
    outer loop
      vertex 13.3661 0 5.12125
      vertex 11.6449 0 4.1275
      vertex 13.3017 -1.31011 5.07156
    endloop
  endfacet
  facet normal -0.998794 0.0490969 0
    outer loop
      vertex 13.3017 -1.31011 7.6
      vertex 13.3661 0 5.12125
      vertex 13.3017 -1.31011 5.07156
    endloop
  endfacet
  facet normal -0.998794 0.0490969 0
    outer loop
      vertex 13.3661 0 5.12125
      vertex 13.3017 -1.31011 7.6
      vertex 13.3661 0 7.6
    endloop
  endfacet
  facet normal -0.500036 0.00826979 -0.865965
    outer loop
      vertex 11.909 0 0
      vertex 11.6449 0 0.1525
      vertex 11.9125 0.211629 0
    endloop
  endfacet
  facet normal -0.502773 0.0129147 -0.864322
    outer loop
      vertex 11.5888 1.1414 0.202188
      vertex 11.9125 0.211629 0
      vertex 11.6449 0 0.1525
    endloop
  endfacet
  facet normal -0.502736 0.0129322 -0.864343
    outer loop
      vertex 11.9125 0.211629 0
      vertex 11.5888 1.1414 0.202188
      vertex 11.9373 1.17572 0
    endloop
  endfacet
  facet normal -0.998794 -0.0490909 -0
    outer loop
      vertex 11.6449 0 0.9475
      vertex 11.5888 1.1414 0.202188
      vertex 11.6449 0 0.1525
    endloop
  endfacet
  facet normal -0.998794 -0.0490909 0
    outer loop
      vertex 11.5888 1.1414 0.202188
      vertex 11.6449 0 0.9475
      vertex 11.5888 1.1414 0.997188
    endloop
  endfacet
  facet normal -0.499039 -0.0621551 0.864348
    outer loop
      vertex 13.3661 0 1.94125
      vertex 11.5888 1.1414 0.997188
      vertex 11.6449 0 0.9475
    endloop
  endfacet
  facet normal -0.496771 -0.0572647 0.865991
    outer loop
      vertex 13.3017 1.31011 1.99094
      vertex 11.5888 1.1414 0.997188
      vertex 13.3661 0 1.94125
    endloop
  endfacet
  facet normal -0.998794 -0.0490969 -0
    outer loop
      vertex 13.3661 0 2.33875
      vertex 13.3017 1.31011 1.99094
      vertex 13.3661 0 1.94125
    endloop
  endfacet
  facet normal -0.998794 -0.0490969 0
    outer loop
      vertex 13.3017 1.31011 1.99094
      vertex 13.3661 0 2.33875
      vertex 13.3017 1.31011 2.38844
    endloop
  endfacet
  facet normal -0.499988 0.00826794 -0.865993
    outer loop
      vertex 13.3661 0 2.33875
      vertex 11.6449 0 3.3325
      vertex 13.3017 1.31011 2.38844
    endloop
  endfacet
  facet normal -0.502729 0.0129195 -0.864347
    outer loop
      vertex 11.6449 0 3.3325
      vertex 11.5888 1.1414 3.38219
      vertex 13.3017 1.31011 2.38844
    endloop
  endfacet
  facet normal -0.998794 -0.0490909 -0
    outer loop
      vertex 11.6449 0 4.1275
      vertex 11.5888 1.1414 3.38219
      vertex 11.6449 0 3.3325
    endloop
  endfacet
  facet normal -0.998794 -0.0490909 0
    outer loop
      vertex 11.5888 1.1414 3.38219
      vertex 11.6449 0 4.1275
      vertex 11.5888 1.1414 4.17719
    endloop
  endfacet
  facet normal -0.499039 -0.0621566 0.864348
    outer loop
      vertex 13.3661 0 5.12125
      vertex 11.5888 1.1414 4.17719
      vertex 11.6449 0 4.1275
    endloop
  endfacet
  facet normal -0.49677 -0.0572647 0.865991
    outer loop
      vertex 13.3017 1.31011 5.17094
      vertex 11.5888 1.1414 4.17719
      vertex 13.3661 0 5.12125
    endloop
  endfacet
  facet normal -0.998794 -0.0490969 -0
    outer loop
      vertex 13.3661 0 7.6
      vertex 13.3017 1.31011 5.17094
      vertex 13.3661 0 5.12125
    endloop
  endfacet
  facet normal -0.998794 -0.0490969 0
    outer loop
      vertex 13.3017 1.31011 5.17094
      vertex 13.3661 0 7.6
      vertex 13.3017 1.31011 7.6
    endloop
  endfacet
  facet normal -0.498398 -0.040807 -0.865987
    outer loop
      vertex 11.9373 1.17572 0
      vertex 11.5888 1.1414 0.202188
      vertex 11.9144 1.45541 0
    endloop
  endfacet
  facet normal -0.5016 -0.0364219 -0.864333
    outer loop
      vertex 11.4211 2.2718 0.251876
      vertex 11.9144 1.45541 0
      vertex 11.5888 1.1414 0.202188
    endloop
  endfacet
  facet normal -0.501554 -0.0363856 -0.864361
    outer loop
      vertex 11.9144 1.45541 0
      vertex 11.4211 2.2718 0.251876
      vertex 11.849 2.35691 0
    endloop
  endfacet
  facet normal -0.989174 -0.146748 -0
    outer loop
      vertex 11.5888 1.1414 0.997188
      vertex 11.4211 2.2718 0.251876
      vertex 11.5888 1.1414 0.202188
    endloop
  endfacet
  facet normal -0.989174 -0.146748 0
    outer loop
      vertex 11.4211 2.2718 0.251876
      vertex 11.5888 1.1414 0.997188
      vertex 11.4211 2.2718 1.04688
    endloop
  endfacet
  facet normal -0.490547 -0.110771 0.864346
    outer loop
      vertex 13.3017 1.31011 1.99094
      vertex 11.4211 2.2718 1.04688
      vertex 11.5888 1.1414 0.997188
    endloop
  endfacet
  facet normal -0.488754 -0.105641 0.866002
    outer loop
      vertex 13.1093 2.6076 2.04063
      vertex 11.4211 2.2718 1.04688
      vertex 13.3017 1.31011 1.99094
    endloop
  endfacet
  facet normal -0.989184 -0.146682 -0
    outer loop
      vertex 13.3017 1.31011 2.38844
      vertex 13.1093 2.6076 2.04063
      vertex 13.3017 1.31011 1.99094
    endloop
  endfacet
  facet normal -0.989184 -0.146682 0
    outer loop
      vertex 13.1093 2.6076 2.04063
      vertex 13.3017 1.31011 2.38844
      vertex 13.1093 2.6076 2.43813
    endloop
  endfacet
  facet normal -0.498397 -0.0407407 -0.865991
    outer loop
      vertex 13.3017 1.31011 2.38844
      vertex 11.5888 1.1414 3.38219
      vertex 13.1093 2.6076 2.43813
    endloop
  endfacet
  facet normal -0.501557 -0.0364129 -0.864358
    outer loop
      vertex 11.5888 1.1414 3.38219
      vertex 11.4211 2.2718 3.43188
      vertex 13.1093 2.6076 2.43813
    endloop
  endfacet
  facet normal -0.989174 -0.146748 -0
    outer loop
      vertex 11.5888 1.1414 4.17719
      vertex 11.4211 2.2718 3.43188
      vertex 11.5888 1.1414 3.38219
    endloop
  endfacet
  facet normal -0.989174 -0.146748 0
    outer loop
      vertex 11.4211 2.2718 3.43188
      vertex 11.5888 1.1414 4.17719
      vertex 11.4211 2.2718 4.22688
    endloop
  endfacet
  facet normal -0.490546 -0.11077 0.864346
    outer loop
      vertex 13.3017 1.31011 5.17094
      vertex 11.4211 2.2718 4.22688
      vertex 11.5888 1.1414 4.17719
    endloop
  endfacet
  facet normal -0.488754 -0.105641 0.866002
    outer loop
      vertex 13.1093 2.6076 5.22063
      vertex 11.4211 2.2718 4.22688
      vertex 13.3017 1.31011 5.17094
    endloop
  endfacet
  facet normal -0.989184 -0.146682 -0
    outer loop
      vertex 13.3017 1.31011 7.6
      vertex 13.1093 2.6076 5.22063
      vertex 13.3017 1.31011 5.17094
    endloop
  endfacet
  facet normal -0.989184 -0.146682 0
    outer loop
      vertex 13.1093 2.6076 5.22063
      vertex 13.3017 1.31011 7.6
      vertex 13.1093 2.6076 7.6
    endloop
  endfacet
  facet normal -0.491978 -0.0893985 -0.866006
    outer loop
      vertex 11.849 2.35691 0
      vertex 11.4211 2.2718 0.251876
      vertex 11.7865 2.70086 0
    endloop
  endfacet
  facet normal -0.495549 -0.0853978 -0.864372
    outer loop
      vertex 11.1434 3.38033 0.301563
      vertex 11.7865 2.70086 0
      vertex 11.4211 2.2718 0.251876
    endloop
  endfacet
  facet normal -0.495537 -0.085383 -0.86438
    outer loop
      vertex 11.7865 2.70086 0
      vertex 11.1434 3.38033 0.301563
      vertex 11.6433 3.53195 0
    endloop
  endfacet
  facet normal -0.970026 -0.243003 -0
    outer loop
      vertex 11.4211 2.2718 1.04688
      vertex 11.1434 3.38033 0.301563
      vertex 11.4211 2.2718 0.251876
    endloop
  endfacet
  facet normal -0.970026 -0.243003 0
    outer loop
      vertex 11.1434 3.38033 0.301563
      vertex 11.4211 2.2718 1.04688
      vertex 11.1434 3.38033 1.09656
    endloop
  endfacet
  facet normal -0.47731 -0.158309 0.864357
    outer loop
      vertex 13.1093 2.6076 2.04063
      vertex 11.1434 3.38033 1.09656
      vertex 11.4211 2.2718 1.04688
    endloop
  endfacet
  facet normal -0.476035 -0.153049 0.866006
    outer loop
      vertex 12.7906 3.87997 2.09031
      vertex 11.1434 3.38033 1.09656
      vertex 13.1093 2.6076 2.04063
    endloop
  endfacet
  facet normal -0.970033 -0.242972 -0
    outer loop
      vertex 13.1093 2.6076 2.43813
      vertex 12.7906 3.87997 2.09031
      vertex 13.1093 2.6076 2.04063
    endloop
  endfacet
  facet normal -0.970033 -0.242972 0
    outer loop
      vertex 12.7906 3.87997 2.09031
      vertex 13.1093 2.6076 2.43813
      vertex 12.7906 3.87997 2.48781
    endloop
  endfacet
  facet normal -0.491981 -0.089417 -0.866002
    outer loop
      vertex 13.1093 2.6076 2.43813
      vertex 11.4211 2.2718 3.43188
      vertex 12.7906 3.87997 2.48781
    endloop
  endfacet
  facet normal -0.495561 -0.0854066 -0.864364
    outer loop
      vertex 11.4211 2.2718 3.43188
      vertex 11.1434 3.38033 3.48156
      vertex 12.7906 3.87997 2.48781
    endloop
  endfacet
  facet normal -0.970026 -0.243003 -0
    outer loop
      vertex 11.4211 2.2718 4.22688
      vertex 11.1434 3.38033 3.48156
      vertex 11.4211 2.2718 3.43188
    endloop
  endfacet
  facet normal -0.970026 -0.243003 0
    outer loop
      vertex 11.1434 3.38033 3.48156
      vertex 11.4211 2.2718 4.22688
      vertex 11.1434 3.38033 4.27656
    endloop
  endfacet
  facet normal -0.47731 -0.158309 0.864357
    outer loop
      vertex 13.1093 2.6076 5.22063
      vertex 11.1434 3.38033 4.27656
      vertex 11.4211 2.2718 4.22688
    endloop
  endfacet
  facet normal -0.476035 -0.153049 0.866006
    outer loop
      vertex 12.7906 3.87997 5.27031
      vertex 11.1434 3.38033 4.27656
      vertex 13.1093 2.6076 5.22063
    endloop
  endfacet
  facet normal -0.970033 -0.242972 -0
    outer loop
      vertex 13.1093 2.6076 7.6
      vertex 12.7906 3.87997 5.27031
      vertex 13.1093 2.6076 5.22063
    endloop
  endfacet
  facet normal -0.970033 -0.242972 0
    outer loop
      vertex 12.7906 3.87997 5.27031
      vertex 13.1093 2.6076 7.6
      vertex 12.7906 3.87997 7.6
    endloop
  endfacet
  facet normal -0.480795 -0.137257 -0.866023
    outer loop
      vertex 11.6433 3.53195 0
      vertex 11.1434 3.38033 0.301563
      vertex 11.5284 3.93443 0
    endloop
  endfacet
  facet normal -0.484849 -0.133527 -0.864345
    outer loop
      vertex 10.7585 4.4563 0.351251
      vertex 11.5284 3.93443 0
      vertex 11.1434 3.38033 0.301563
    endloop
  endfacet
  facet normal -0.484871 -0.133571 -0.864326
    outer loop
      vertex 11.5284 3.93443 0
      vertex 10.7585 4.4563 0.351251
      vertex 11.3205 4.68912 0
    endloop
  endfacet
  facet normal -0.941569 -0.336821 -0
    outer loop
      vertex 11.1434 3.38033 1.09656
      vertex 10.7585 4.4563 0.351251
      vertex 11.1434 3.38033 0.301563
    endloop
  endfacet
  facet normal -0.941569 -0.336821 0
    outer loop
      vertex 10.7585 4.4563 0.351251
      vertex 11.1434 3.38033 1.09656
      vertex 10.7585 4.4563 1.14625
    endloop
  endfacet
  facet normal -0.4595 -0.204292 0.864364
    outer loop
      vertex 12.7906 3.87997 2.09031
      vertex 10.7585 4.4563 1.14625
      vertex 11.1434 3.38033 1.09656
    endloop
  endfacet
  facet normal -0.458755 -0.19899 0.865995
    outer loop
      vertex 12.3487 5.11498 2.14
      vertex 10.7585 4.4563 1.14625
      vertex 12.7906 3.87997 2.09031
    endloop
  endfacet
  facet normal -0.941543 -0.336894 -0
    outer loop
      vertex 12.7906 3.87997 2.48781
      vertex 12.3487 5.11498 2.14
      vertex 12.7906 3.87997 2.09031
    endloop
  endfacet
  facet normal -0.941543 -0.336894 0
    outer loop
      vertex 12.3487 5.11498 2.14
      vertex 12.7906 3.87997 2.48781
      vertex 12.3487 5.11498 2.5375
    endloop
  endfacet
  facet normal -0.48084 -0.137207 -0.866006
    outer loop
      vertex 12.7906 3.87997 2.48781
      vertex 11.1434 3.38033 3.48156
      vertex 12.3487 5.11498 2.5375
    endloop
  endfacet
  facet normal -0.484843 -0.133523 -0.864349
    outer loop
      vertex 11.1434 3.38033 3.48156
      vertex 10.7585 4.4563 3.53125
      vertex 12.3487 5.11498 2.5375
    endloop
  endfacet
  facet normal -0.941569 -0.336821 -0
    outer loop
      vertex 11.1434 3.38033 4.27656
      vertex 10.7585 4.4563 3.53125
      vertex 11.1434 3.38033 3.48156
    endloop
  endfacet
  facet normal -0.941569 -0.336821 0
    outer loop
      vertex 10.7585 4.4563 3.53125
      vertex 11.1434 3.38033 4.27656
      vertex 10.7585 4.4563 4.32625
    endloop
  endfacet
  facet normal -0.4595 -0.204292 0.864364
    outer loop
      vertex 12.7906 3.87997 5.27031
      vertex 10.7585 4.4563 4.32625
      vertex 11.1434 3.38033 4.27656
    endloop
  endfacet
  facet normal -0.458755 -0.19899 0.865995
    outer loop
      vertex 12.3487 5.11498 5.32
      vertex 10.7585 4.4563 4.32625
      vertex 12.7906 3.87997 5.27031
    endloop
  endfacet
  facet normal -0.941543 -0.336894 -0
    outer loop
      vertex 12.7906 3.87997 7.6
      vertex 12.3487 5.11498 5.32
      vertex 12.7906 3.87997 5.27031
    endloop
  endfacet
  facet normal -0.941543 -0.336894 0
    outer loop
      vertex 12.3487 5.11498 5.32
      vertex 12.7906 3.87997 7.6
      vertex 12.3487 5.11498 7.6
    endloop
  endfacet
  facet normal -0.46516 -0.183631 -0.865971
    outer loop
      vertex 11.3205 4.68912 0
      vertex 10.7585 4.4563 0.351251
      vertex 11.1415 5.14255 0
    endloop
  endfacet
  facet normal -0.4694 -0.180437 -0.864353
    outer loop
      vertex 10.2699 5.48936 0.400938
      vertex 11.1415 5.14255 0
      vertex 10.7585 4.4563 0.351251
    endloop
  endfacet
  facet normal -0.46941 -0.180478 -0.864339
    outer loop
      vertex 11.1415 5.14255 0
      vertex 10.2699 5.48936 0.400938
      vertex 10.8823 5.81671 0
    endloop
  endfacet
  facet normal -0.90399 -0.427554 -0
    outer loop
      vertex 10.7585 4.4563 1.14625
      vertex 10.2699 5.48936 0.400938
      vertex 10.7585 4.4563 0.351251
    endloop
  endfacet
  facet normal -0.90399 -0.427554 0
    outer loop
      vertex 10.2699 5.48936 0.400938
      vertex 10.7585 4.4563 1.14625
      vertex 10.2699 5.48936 1.19594
    endloop
  endfacet
  facet normal -0.437267 -0.248386 0.864351
    outer loop
      vertex 12.3487 5.11498 2.14
      vertex 10.2699 5.48936 1.19594
      vertex 10.7585 4.4563 1.14625
    endloop
  endfacet
  facet normal -0.437044 -0.243024 0.865986
    outer loop
      vertex 11.7878 6.30074 2.18969
      vertex 10.2699 5.48936 1.19594
      vertex 12.3487 5.11498 2.14
    endloop
  endfacet
  facet normal -0.903967 -0.427603 -0
    outer loop
      vertex 12.3487 5.11498 2.5375
      vertex 11.7878 6.30074 2.18969
      vertex 12.3487 5.11498 2.14
    endloop
  endfacet
  facet normal -0.903967 -0.427603 0
    outer loop
      vertex 11.7878 6.30074 2.18969
      vertex 12.3487 5.11498 2.5375
      vertex 11.7878 6.30074 2.58719
    endloop
  endfacet
  facet normal -0.465084 -0.183709 -0.865995
    outer loop
      vertex 12.3487 5.11498 2.5375
      vertex 10.7585 4.4563 3.53125
      vertex 11.7878 6.30074 2.58719
    endloop
  endfacet
  facet normal -0.469419 -0.180444 -0.864341
    outer loop
      vertex 10.7585 4.4563 3.53125
      vertex 10.2699 5.48936 3.58094
      vertex 11.7878 6.30074 2.58719
    endloop
  endfacet
  facet normal -0.90399 -0.427554 -0
    outer loop
      vertex 10.7585 4.4563 4.32625
      vertex 10.2699 5.48936 3.58094
      vertex 10.7585 4.4563 3.53125
    endloop
  endfacet
  facet normal -0.90399 -0.427554 0
    outer loop
      vertex 10.2699 5.48936 3.58094
      vertex 10.7585 4.4563 4.32625
      vertex 10.2699 5.48936 4.37594
    endloop
  endfacet
  facet normal -0.437267 -0.248386 0.864351
    outer loop
      vertex 12.3487 5.11498 5.32
      vertex 10.2699 5.48936 4.37594
      vertex 10.7585 4.4563 4.32625
    endloop
  endfacet
  facet normal -0.437044 -0.243024 0.865986
    outer loop
      vertex 11.7878 6.30074 5.36969
      vertex 10.2699 5.48936 4.37594
      vertex 12.3487 5.11498 5.32
    endloop
  endfacet
  facet normal -0.903967 -0.427603 -0
    outer loop
      vertex 12.3487 5.11498 7.6
      vertex 11.7878 6.30074 5.36969
      vertex 12.3487 5.11498 5.32
    endloop
  endfacet
  facet normal -0.903967 -0.427603 0
    outer loop
      vertex 11.7878 6.30074 5.36969
      vertex 12.3487 5.11498 7.6
      vertex 11.7878 6.30074 7.6
    endloop
  endfacet
  facet normal -0.444893 -0.228355 -0.865981
    outer loop
      vertex 10.8823 5.81671 0
      vertex 10.2699 5.48936 0.400938
      vertex 10.6282 6.31176 0
    endloop
  endfacet
  facet normal -0.449438 -0.225584 -0.864359
    outer loop
      vertex 9.68236 6.46955 0.450625
      vertex 10.6282 6.31176 0
      vertex 10.2699 5.48936 0.400938
    endloop
  endfacet
  facet normal -0.44944 -0.225628 -0.864347
    outer loop
      vertex 10.6282 6.31176 0
      vertex 9.68236 6.46955 0.450625
      vertex 10.3313 6.90317 0
    endloop
  endfacet
  facet normal -0.857714 -0.514126 -0
    outer loop
      vertex 10.2699 5.48936 1.19594
      vertex 9.68236 6.46955 0.450625
      vertex 10.2699 5.48936 0.400938
    endloop
  endfacet
  facet normal -0.857714 -0.514126 0
    outer loop
      vertex 9.68236 6.46955 0.450625
      vertex 10.2699 5.48936 1.19594
      vertex 9.68236 6.46955 1.24563
    endloop
  endfacet
  facet normal -0.41082 -0.290069 0.864342
    outer loop
      vertex 11.7878 6.30074 2.18969
      vertex 9.68236 6.46955 1.24563
      vertex 10.2699 5.48936 1.19594
    endloop
  endfacet
  facet normal -0.411127 -0.284653 0.865995
    outer loop
      vertex 11.1135 7.42581 2.23938
      vertex 9.68236 6.46955 1.24563
      vertex 11.7878 6.30074 2.18969
    endloop
  endfacet
  facet normal -0.857742 -0.51408 -0
    outer loop
      vertex 11.7878 6.30074 2.58719
      vertex 11.1135 7.42581 2.23938
      vertex 11.7878 6.30074 2.18969
    endloop
  endfacet
  facet normal -0.857742 -0.51408 0
    outer loop
      vertex 11.1135 7.42581 2.23938
      vertex 11.7878 6.30074 2.58719
      vertex 11.1135 7.42581 2.63688
    endloop
  endfacet
  facet normal -0.444871 -0.228382 -0.865986
    outer loop
      vertex 11.7878 6.30074 2.58719
      vertex 10.2699 5.48936 3.58094
      vertex 11.1135 7.42581 2.63688
    endloop
  endfacet
  facet normal -0.449451 -0.22559 -0.864351
    outer loop
      vertex 10.2699 5.48936 3.58094
      vertex 9.68236 6.46955 3.63063
      vertex 11.1135 7.42581 2.63688
    endloop
  endfacet
  facet normal -0.857714 -0.514126 -0
    outer loop
      vertex 10.2699 5.48936 4.37594
      vertex 9.68236 6.46955 3.63063
      vertex 10.2699 5.48936 3.58094
    endloop
  endfacet
  facet normal -0.857714 -0.514126 0
    outer loop
      vertex 9.68236 6.46955 3.63063
      vertex 10.2699 5.48936 4.37594
      vertex 9.68236 6.46955 4.42563
    endloop
  endfacet
  facet normal -0.41082 -0.290069 0.864342
    outer loop
      vertex 11.7878 6.30074 5.36969
      vertex 9.68236 6.46955 4.42563
      vertex 10.2699 5.48936 4.37594
    endloop
  endfacet
  facet normal -0.411127 -0.284653 0.865995
    outer loop
      vertex 11.1135 7.42581 5.41938
      vertex 9.68236 6.46955 4.42563
      vertex 11.7878 6.30074 5.36969
    endloop
  endfacet
  facet normal -0.857742 -0.51408 -0
    outer loop
      vertex 11.7878 6.30074 7.6
      vertex 11.1135 7.42581 5.41938
      vertex 11.7878 6.30074 5.36969
    endloop
  endfacet
  facet normal -0.857742 -0.51408 0
    outer loop
      vertex 11.1135 7.42581 5.41938
      vertex 11.7878 6.30074 7.6
      vertex 11.1135 7.42581 7.6
    endloop
  endfacet
  facet normal -0.420339 -0.270885 -0.865989
    outer loop
      vertex 10.3313 6.90317 0
      vertex 9.68236 6.46955 0.450625
      vertex 9.99251 7.42888 0
    endloop
  endfacet
  facet normal -0.425183 -0.268549 -0.86435
    outer loop
      vertex 9.00161 7.38743 0.500313
      vertex 9.99251 7.42888 0
      vertex 9.68236 6.46955 0.450625
    endloop
  endfacet
  facet normal -0.425183 -0.268549 -0.86435
    outer loop
      vertex 9.99251 7.42888 0
      vertex 9.00161 7.38743 0.500313
      vertex 9.67147 7.93717 0
    endloop
  endfacet
  facet normal -0.803206 -0.595701 -0
    outer loop
      vertex 9.68236 6.46955 1.24563
      vertex 9.00161 7.38743 0.500313
      vertex 9.68236 6.46955 0.450625
    endloop
  endfacet
  facet normal -0.803206 -0.595701 0
    outer loop
      vertex 9.00161 7.38743 0.500313
      vertex 9.68236 6.46955 1.24563
      vertex 9.00161 7.38743 1.29531
    endloop
  endfacet
  facet normal -0.38041 -0.328916 0.864351
    outer loop
      vertex 11.1135 7.42581 2.23938
      vertex 9.00161 7.38743 1.29531
      vertex 9.68236 6.46955 1.24563
    endloop
  endfacet
  facet normal -0.38124 -0.323595 0.865992
    outer loop
      vertex 10.3321 8.47936 2.28906
      vertex 9.00161 7.38743 1.29531
      vertex 11.1135 7.42581 2.23938
    endloop
  endfacet
  facet normal -0.803195 -0.595716 -0
    outer loop
      vertex 11.1135 7.42581 2.63688
      vertex 10.3321 8.47936 2.28906
      vertex 11.1135 7.42581 2.23938
    endloop
  endfacet
  facet normal -0.803195 -0.595716 0
    outer loop
      vertex 10.3321 8.47936 2.28906
      vertex 11.1135 7.42581 2.63688
      vertex 10.3321 8.47936 2.68656
    endloop
  endfacet
  facet normal -0.420314 -0.270904 -0.865995
    outer loop
      vertex 11.1135 7.42581 2.63688
      vertex 9.68236 6.46955 3.63063
      vertex 10.3321 8.47936 2.68656
    endloop
  endfacet
  facet normal -0.425183 -0.268556 -0.864348
    outer loop
      vertex 9.68236 6.46955 3.63063
      vertex 9.00161 7.38743 3.68031
      vertex 10.3321 8.47936 2.68656
    endloop
  endfacet
  facet normal -0.803206 -0.595701 -0
    outer loop
      vertex 9.68236 6.46955 4.42563
      vertex 9.00161 7.38743 3.68031
      vertex 9.68236 6.46955 3.63063
    endloop
  endfacet
  facet normal -0.803206 -0.595701 0
    outer loop
      vertex 9.00161 7.38743 3.68031
      vertex 9.68236 6.46955 4.42563
      vertex 9.00161 7.38743 4.47531
    endloop
  endfacet
  facet normal -0.38041 -0.328916 0.864351
    outer loop
      vertex 11.1135 7.42581 5.41938
      vertex 9.00161 7.38743 4.47531
      vertex 9.68236 6.46955 4.42563
    endloop
  endfacet
  facet normal -0.38124 -0.323595 0.865992
    outer loop
      vertex 10.3321 8.47936 5.46906
      vertex 9.00161 7.38743 4.47531
      vertex 11.1135 7.42581 5.41938
    endloop
  endfacet
  facet normal -0.803195 -0.595716 -0
    outer loop
      vertex 11.1135 7.42581 7.6
      vertex 10.3321 8.47936 5.46906
      vertex 11.1135 7.42581 5.41938
    endloop
  endfacet
  facet normal -0.803195 -0.595716 0
    outer loop
      vertex 10.3321 8.47936 5.46906
      vertex 11.1135 7.42581 7.6
      vertex 10.3321 8.47936 7.6
    endloop
  endfacet
  facet normal -0.391749 -0.310785 -0.865994
    outer loop
      vertex 9.67147 7.93717 0
      vertex 9.00161 7.38743 0.500313
      vertex 9.2399 8.48117 0
    endloop
  endfacet
  facet normal -0.396813 -0.30893 -0.86435
    outer loop
      vertex 8.23417 8.23417 0.55
      vertex 9.2399 8.48117 0
      vertex 9.00161 7.38743 0.500313
    endloop
  endfacet
  facet normal -0.396815 -0.308924 -0.864351
    outer loop
      vertex 9.2399 8.48117 0
      vertex 8.23417 8.23417 0.55
      vertex 8.90778 8.90778 0
    endloop
  endfacet
  facet normal -0.740951 -0.671559 -0
    outer loop
      vertex 9.00161 7.38743 1.29531
      vertex 8.23417 8.23417 0.55
      vertex 9.00161 7.38743 0.500313
    endloop
  endfacet
  facet normal -0.740951 -0.671559 0
    outer loop
      vertex 8.23417 8.23417 0.55
      vertex 9.00161 7.38743 1.29531
      vertex 8.23417 8.23417 1.345
    endloop
  endfacet
  facet normal -0.346338 -0.364626 0.864348
    outer loop
      vertex 10.3321 8.47936 2.28906
      vertex 8.23417 8.23417 1.345
      vertex 9.00161 7.38743 1.29531
    endloop
  endfacet
  facet normal -0.347692 -0.359391 0.865996
    outer loop
      vertex 9.45126 9.45126 2.33875
      vertex 8.23417 8.23417 1.345
      vertex 10.3321 8.47936 2.28906
    endloop
  endfacet
  facet normal -0.740966 -0.671543 -0
    outer loop
      vertex 10.3321 8.47936 2.68656
      vertex 9.45126 9.45126 2.33875
      vertex 10.3321 8.47936 2.28906
    endloop
  endfacet
  facet normal -0.740966 -0.671543 0
    outer loop
      vertex 9.45126 9.45126 2.33875
      vertex 10.3321 8.47936 2.68656
      vertex 9.45126 9.45126 2.73625
    endloop
  endfacet
  facet normal -0.391759 -0.310778 -0.865992
    outer loop
      vertex 10.3321 8.47936 2.68656
      vertex 9.00161 7.38743 3.68031
      vertex 9.45126 9.45126 2.73625
    endloop
  endfacet
  facet normal -0.396813 -0.308927 -0.864351
    outer loop
      vertex 9.00161 7.38743 3.68031
      vertex 8.23417 8.23417 3.73
      vertex 9.45126 9.45126 2.73625
    endloop
  endfacet
  facet normal -0.740951 -0.671559 -0
    outer loop
      vertex 9.00161 7.38743 4.47531
      vertex 8.23417 8.23417 3.73
      vertex 9.00161 7.38743 3.68031
    endloop
  endfacet
  facet normal -0.740951 -0.671559 0
    outer loop
      vertex 8.23417 8.23417 3.73
      vertex 9.00161 7.38743 4.47531
      vertex 8.23417 8.23417 4.525
    endloop
  endfacet
  facet normal -0.346338 -0.364626 0.864348
    outer loop
      vertex 10.3321 8.47936 5.46906
      vertex 8.23417 8.23417 4.525
      vertex 9.00161 7.38743 4.47531
    endloop
  endfacet
  facet normal -0.347692 -0.359391 0.865996
    outer loop
      vertex 9.45126 9.45126 5.51875
      vertex 8.23417 8.23417 4.525
      vertex 10.3321 8.47936 5.46906
    endloop
  endfacet
  facet normal -0.740966 -0.671543 -0
    outer loop
      vertex 10.3321 8.47936 7.6
      vertex 9.45126 9.45126 5.51875
      vertex 10.3321 8.47936 5.46906
    endloop
  endfacet
  facet normal -0.740966 -0.671543 0
    outer loop
      vertex 9.45126 9.45126 5.51875
      vertex 10.3321 8.47936 7.6
      vertex 9.45126 9.45126 7.6
    endloop
  endfacet
  facet normal -0.359397 -0.347685 -0.865996
    outer loop
      vertex 8.90778 8.90778 0
      vertex 8.23417 8.23417 0.55
      vertex 8.37702 9.45642 0
    endloop
  endfacet
  facet normal -0.364621 -0.346335 -0.864352
    outer loop
      vertex 7.38743 9.00161 0.599688
      vertex 8.37702 9.45642 0
      vertex 8.23417 8.23417 0.55
    endloop
  endfacet
  facet normal -0.364621 -0.346333 -0.864352
    outer loop
      vertex 8.37702 9.45642 0
      vertex 7.38743 9.00161 0.599688
      vertex 8.04637 9.80453 0
    endloop
  endfacet
  facet normal -0.671559 -0.740951 0
    outer loop
      vertex 7.38743 9.00161 0.599688
      vertex 8.23417 8.23417 1.345
      vertex 7.38743 9.00161 1.39469
    endloop
  endfacet
  facet normal -0.671559 -0.740951 -0
    outer loop
      vertex 8.23417 8.23417 1.345
      vertex 7.38743 9.00161 0.599688
      vertex 8.23417 8.23417 0.55
    endloop
  endfacet
  facet normal -0.308927 -0.396813 0.864351
    outer loop
      vertex 9.45126 9.45126 2.33875
      vertex 7.38743 9.00161 1.39469
      vertex 8.23417 8.23417 1.345
    endloop
  endfacet
  facet normal -0.310778 -0.391759 0.865992
    outer loop
      vertex 8.47936 10.3321 2.38844
      vertex 7.38743 9.00161 1.39469
      vertex 9.45126 9.45126 2.33875
    endloop
  endfacet
  facet normal -0.671543 -0.740966 0
    outer loop
      vertex 8.47936 10.3321 2.38844
      vertex 9.45126 9.45126 2.73625
      vertex 8.47936 10.3321 2.78594
    endloop
  endfacet
  facet normal -0.671543 -0.740966 -0
    outer loop
      vertex 9.45126 9.45126 2.73625
      vertex 8.47936 10.3321 2.38844
      vertex 9.45126 9.45126 2.33875
    endloop
  endfacet
  facet normal -0.359391 -0.347692 -0.865996
    outer loop
      vertex 9.45126 9.45126 2.73625
      vertex 8.23417 8.23417 3.73
      vertex 8.47936 10.3321 2.78594
    endloop
  endfacet
  facet normal -0.364626 -0.346338 -0.864348
    outer loop
      vertex 8.23417 8.23417 3.73
      vertex 7.38743 9.00161 3.77969
      vertex 8.47936 10.3321 2.78594
    endloop
  endfacet
  facet normal -0.671559 -0.740951 0
    outer loop
      vertex 7.38743 9.00161 3.77969
      vertex 8.23417 8.23417 4.525
      vertex 7.38743 9.00161 4.57469
    endloop
  endfacet
  facet normal -0.671559 -0.740951 -0
    outer loop
      vertex 8.23417 8.23417 4.525
      vertex 7.38743 9.00161 3.77969
      vertex 8.23417 8.23417 3.73
    endloop
  endfacet
  facet normal -0.308927 -0.396813 0.864351
    outer loop
      vertex 9.45126 9.45126 5.51875
      vertex 7.38743 9.00161 4.57469
      vertex 8.23417 8.23417 4.525
    endloop
  endfacet
  facet normal -0.310778 -0.391759 0.865992
    outer loop
      vertex 8.47936 10.3321 5.56844
      vertex 7.38743 9.00161 4.57469
      vertex 9.45126 9.45126 5.51875
    endloop
  endfacet
  facet normal -0.671543 -0.740966 0
    outer loop
      vertex 8.47936 10.3321 5.56844
      vertex 9.45126 9.45126 7.6
      vertex 8.47936 10.3321 7.6
    endloop
  endfacet
  facet normal -0.671543 -0.740966 -0
    outer loop
      vertex 9.45126 9.45126 7.6
      vertex 8.47936 10.3321 5.56844
      vertex 9.45126 9.45126 5.51875
    endloop
  endfacet
  facet normal -0.323576 -0.381247 -0.865996
    outer loop
      vertex 8.04637 9.80453 0
      vertex 7.38743 9.00161 0.599688
      vertex 7.41181 10.3431 0
    endloop
  endfacet
  facet normal -0.328925 -0.380412 -0.864347
    outer loop
      vertex 6.46955 9.68236 0.649376
      vertex 7.41181 10.3431 0
      vertex 7.38743 9.00161 0.599688
    endloop
  endfacet
  facet normal -0.328963 -0.380363 -0.864353
    outer loop
      vertex 7.41181 10.3431 0
      vertex 6.46955 9.68236 0.649376
      vertex 7.09442 10.6176 0
    endloop
  endfacet
  facet normal -0.595701 -0.803206 0
    outer loop
      vertex 6.46955 9.68236 0.649376
      vertex 7.38743 9.00161 1.39469
      vertex 6.46955 9.68236 1.44438
    endloop
  endfacet
  facet normal -0.595701 -0.803206 -0
    outer loop
      vertex 7.38743 9.00161 1.39469
      vertex 6.46955 9.68236 0.649376
      vertex 7.38743 9.00161 0.599688
    endloop
  endfacet
  facet normal -0.26855 -0.425187 0.864348
    outer loop
      vertex 8.47936 10.3321 2.38844
      vertex 6.46955 9.68236 1.44438
      vertex 7.38743 9.00161 1.39469
    endloop
  endfacet
  facet normal -0.270898 -0.420318 0.865995
    outer loop
      vertex 7.42581 11.1135 2.43813
      vertex 6.46955 9.68236 1.44438
      vertex 8.47936 10.3321 2.38844
    endloop
  endfacet
  facet normal -0.595716 -0.803195 0
    outer loop
      vertex 7.42581 11.1135 2.43813
      vertex 8.47936 10.3321 2.78594
      vertex 7.42581 11.1135 2.83563
    endloop
  endfacet
  facet normal -0.595716 -0.803195 -0
    outer loop
      vertex 8.47936 10.3321 2.78594
      vertex 7.42581 11.1135 2.43813
      vertex 8.47936 10.3321 2.38844
    endloop
  endfacet
  facet normal -0.3236 -0.381236 -0.865992
    outer loop
      vertex 8.47936 10.3321 2.78594
      vertex 7.38743 9.00161 3.77969
      vertex 7.42581 11.1135 2.83563
    endloop
  endfacet
  facet normal -0.328922 -0.380406 -0.864351
    outer loop
      vertex 7.38743 9.00161 3.77969
      vertex 6.46955 9.68236 3.82938
      vertex 7.42581 11.1135 2.83563
    endloop
  endfacet
  facet normal -0.595701 -0.803206 0
    outer loop
      vertex 6.46955 9.68236 3.82938
      vertex 7.38743 9.00161 4.57469
      vertex 6.46955 9.68236 4.62438
    endloop
  endfacet
  facet normal -0.595701 -0.803206 -0
    outer loop
      vertex 7.38743 9.00161 4.57469
      vertex 6.46955 9.68236 3.82938
      vertex 7.38743 9.00161 3.77969
    endloop
  endfacet
  facet normal -0.26855 -0.425187 0.864348
    outer loop
      vertex 8.47936 10.3321 5.56844
      vertex 6.46955 9.68236 4.62438
      vertex 7.38743 9.00161 4.57469
    endloop
  endfacet
  facet normal -0.270898 -0.420318 0.865995
    outer loop
      vertex 7.42581 11.1135 5.61813
      vertex 6.46955 9.68236 4.62438
      vertex 8.47936 10.3321 5.56844
    endloop
  endfacet
  facet normal -0.595716 -0.803195 0
    outer loop
      vertex 7.42581 11.1135 5.61813
      vertex 8.47936 10.3321 7.6
      vertex 7.42581 11.1135 7.6
    endloop
  endfacet
  facet normal -0.595716 -0.803195 -0
    outer loop
      vertex 8.47936 10.3321 7.6
      vertex 7.42581 11.1135 5.61813
      vertex 8.47936 10.3321 5.56844
    endloop
  endfacet
  facet normal -0.284631 -0.411128 -0.866002
    outer loop
      vertex 6.46955 9.68236 0.649376
      vertex 6.35343 11.1306 0
      vertex 7.09442 10.6176 0
    endloop
  endfacet
  facet normal -0.290066 -0.41082 -0.864343
    outer loop
      vertex 5.48936 10.2699 0.699063
      vertex 6.35343 11.1306 0
      vertex 6.46955 9.68236 0.649376
    endloop
  endfacet
  facet normal -0.290075 -0.410812 -0.864344
    outer loop
      vertex 6.35343 11.1306 0
      vertex 5.48936 10.2699 0.699063
      vertex 6.06013 11.3377 0
    endloop
  endfacet
  facet normal -0.514126 -0.857714 0
    outer loop
      vertex 5.48936 10.2699 0.699063
      vertex 6.46955 9.68236 1.44438
      vertex 5.48936 10.2699 1.49406
    endloop
  endfacet
  facet normal -0.514126 -0.857714 -0
    outer loop
      vertex 6.46955 9.68236 1.44438
      vertex 5.48936 10.2699 0.699063
      vertex 6.46955 9.68236 0.649376
    endloop
  endfacet
  facet normal -0.225596 -0.449447 0.864352
    outer loop
      vertex 7.42581 11.1135 2.43813
      vertex 5.48936 10.2699 1.49406
      vertex 6.46955 9.68236 1.44438
    endloop
  endfacet
  facet normal -0.228388 -0.444868 0.865986
    outer loop
      vertex 6.30074 11.7878 2.48781
      vertex 5.48936 10.2699 1.49406
      vertex 7.42581 11.1135 2.43813
    endloop
  endfacet
  facet normal -0.51408 -0.857742 0
    outer loop
      vertex 6.30074 11.7878 2.48781
      vertex 7.42581 11.1135 2.83563
      vertex 6.30074 11.7878 2.88531
    endloop
  endfacet
  facet normal -0.51408 -0.857742 -0
    outer loop
      vertex 7.42581 11.1135 2.83563
      vertex 6.30074 11.7878 2.48781
      vertex 7.42581 11.1135 2.43813
    endloop
  endfacet
  facet normal -0.284647 -0.411131 -0.865995
    outer loop
      vertex 6.46955 9.68236 3.82938
      vertex 6.30074 11.7878 2.88531
      vertex 7.42581 11.1135 2.83563
    endloop
  endfacet
  facet normal -0.290062 -0.410824 -0.864342
    outer loop
      vertex 6.46955 9.68236 3.82938
      vertex 5.48936 10.2699 3.87906
      vertex 6.30074 11.7878 2.88531
    endloop
  endfacet
  facet normal -0.514126 -0.857714 0
    outer loop
      vertex 5.48936 10.2699 3.87906
      vertex 6.46955 9.68236 4.62438
      vertex 5.48936 10.2699 4.67406
    endloop
  endfacet
  facet normal -0.514126 -0.857714 -0
    outer loop
      vertex 6.46955 9.68236 4.62438
      vertex 5.48936 10.2699 3.87906
      vertex 6.46955 9.68236 3.82938
    endloop
  endfacet
  facet normal -0.225596 -0.449447 0.864352
    outer loop
      vertex 7.42581 11.1135 5.61813
      vertex 5.48936 10.2699 4.67406
      vertex 6.46955 9.68236 4.62438
    endloop
  endfacet
  facet normal -0.228388 -0.444868 0.865986
    outer loop
      vertex 6.30074 11.7878 5.66781
      vertex 5.48936 10.2699 4.67406
      vertex 7.42581 11.1135 5.61813
    endloop
  endfacet
  facet normal -0.51408 -0.857742 0
    outer loop
      vertex 6.30074 11.7878 5.66781
      vertex 7.42581 11.1135 7.6
      vertex 6.30074 11.7878 7.6
    endloop
  endfacet
  facet normal -0.51408 -0.857742 -0
    outer loop
      vertex 7.42581 11.1135 7.6
      vertex 6.30074 11.7878 5.66781
      vertex 7.42581 11.1135 5.61813
    endloop
  endfacet
  facet normal -0.243008 -0.437048 -0.865989
    outer loop
      vertex 5.48936 10.2699 0.699063
      vertex 5.21214 11.8092 0
      vertex 6.06013 11.3377 0
    endloop
  endfacet
  facet normal -0.248387 -0.437271 -0.864348
    outer loop
      vertex 4.4563 10.7585 0.748751
      vertex 5.21214 11.8092 0
      vertex 5.48936 10.2699 0.699063
    endloop
  endfacet
  facet normal -0.248345 -0.4373 -0.864346
    outer loop
      vertex 5.21214 11.8092 0
      vertex 4.4563 10.7585 0.748751
      vertex 4.95259 11.9566 0
    endloop
  endfacet
  facet normal -0.427554 -0.90399 0
    outer loop
      vertex 4.4563 10.7585 0.748751
      vertex 5.48936 10.2699 1.49406
      vertex 4.4563 10.7585 1.54375
    endloop
  endfacet
  facet normal -0.427554 -0.90399 -0
    outer loop
      vertex 5.48936 10.2699 1.49406
      vertex 4.4563 10.7585 0.748751
      vertex 5.48936 10.2699 0.699063
    endloop
  endfacet
  facet normal -0.180444 -0.469419 0.864341
    outer loop
      vertex 6.30074 11.7878 2.48781
      vertex 4.4563 10.7585 1.54375
      vertex 5.48936 10.2699 1.49406
    endloop
  endfacet
  facet normal -0.183709 -0.465084 0.865995
    outer loop
      vertex 5.11498 12.3487 2.5375
      vertex 4.4563 10.7585 1.54375
      vertex 6.30074 11.7878 2.48781
    endloop
  endfacet
  facet normal -0.427603 -0.903967 0
    outer loop
      vertex 5.11498 12.3487 2.5375
      vertex 6.30074 11.7878 2.88531
      vertex 5.11498 12.3487 2.935
    endloop
  endfacet
  facet normal -0.427603 -0.903967 -0
    outer loop
      vertex 6.30074 11.7878 2.88531
      vertex 5.11498 12.3487 2.5375
      vertex 6.30074 11.7878 2.48781
    endloop
  endfacet
  facet normal -0.243024 -0.437044 -0.865986
    outer loop
      vertex 5.48936 10.2699 3.87906
      vertex 5.11498 12.3487 2.935
      vertex 6.30074 11.7878 2.88531
    endloop
  endfacet
  facet normal -0.248386 -0.437267 -0.864351
    outer loop
      vertex 5.48936 10.2699 3.87906
      vertex 4.4563 10.7585 3.92875
      vertex 5.11498 12.3487 2.935
    endloop
  endfacet
  facet normal -0.427554 -0.90399 0
    outer loop
      vertex 4.4563 10.7585 3.92875
      vertex 5.48936 10.2699 4.67406
      vertex 4.4563 10.7585 4.72375
    endloop
  endfacet
  facet normal -0.427554 -0.90399 -0
    outer loop
      vertex 5.48936 10.2699 4.67406
      vertex 4.4563 10.7585 3.92875
      vertex 5.48936 10.2699 3.87906
    endloop
  endfacet
  facet normal -0.180444 -0.469419 0.864341
    outer loop
      vertex 6.30074 11.7878 5.66781
      vertex 4.4563 10.7585 4.72375
      vertex 5.48936 10.2699 4.67406
    endloop
  endfacet
  facet normal -0.183709 -0.465084 0.865995
    outer loop
      vertex 5.11498 12.3487 5.7175
      vertex 4.4563 10.7585 4.72375
      vertex 6.30074 11.7878 5.66781
    endloop
  endfacet
  facet normal -0.427603 -0.903967 0
    outer loop
      vertex 5.11498 12.3487 5.7175
      vertex 6.30074 11.7878 7.6
      vertex 5.11498 12.3487 7.6
    endloop
  endfacet
  facet normal -0.427603 -0.903967 -0
    outer loop
      vertex 6.30074 11.7878 7.6
      vertex 5.11498 12.3487 5.7175
      vertex 6.30074 11.7878 5.66781
    endloop
  endfacet
  facet normal -0.198979 -0.458774 -0.865987
    outer loop
      vertex 4.4563 10.7585 0.748751
      vertex 3.99921 12.3701 0
      vertex 4.95259 11.9566 0
    endloop
  endfacet
  facet normal -0.204297 -0.459522 -0.864351
    outer loop
      vertex 3.38033 11.1434 0.798438
      vertex 3.99921 12.3701 0
      vertex 4.4563 10.7585 0.748751
    endloop
  endfacet
  facet normal -0.204348 -0.459497 -0.864352
    outer loop
      vertex 3.99921 12.3701 0
      vertex 3.38033 11.1434 0.798438
      vertex 3.78177 12.4668 0
    endloop
  endfacet
  facet normal -0.336821 -0.941569 0
    outer loop
      vertex 3.38033 11.1434 0.798438
      vertex 4.4563 10.7585 1.54375
      vertex 3.38033 11.1434 1.59344
    endloop
  endfacet
  facet normal -0.336821 -0.941569 -0
    outer loop
      vertex 4.4563 10.7585 1.54375
      vertex 3.38033 11.1434 0.798438
      vertex 4.4563 10.7585 0.748751
    endloop
  endfacet
  facet normal -0.133523 -0.484843 0.864349
    outer loop
      vertex 5.11498 12.3487 2.5375
      vertex 3.38033 11.1434 1.59344
      vertex 4.4563 10.7585 1.54375
    endloop
  endfacet
  facet normal -0.137207 -0.48084 0.866006
    outer loop
      vertex 3.87997 12.7906 2.58719
      vertex 3.38033 11.1434 1.59344
      vertex 5.11498 12.3487 2.5375
    endloop
  endfacet
  facet normal -0.336894 -0.941543 0
    outer loop
      vertex 3.87997 12.7906 2.58719
      vertex 5.11498 12.3487 2.935
      vertex 3.87997 12.7906 2.98469
    endloop
  endfacet
  facet normal -0.336894 -0.941543 -0
    outer loop
      vertex 5.11498 12.3487 2.935
      vertex 3.87997 12.7906 2.58719
      vertex 5.11498 12.3487 2.5375
    endloop
  endfacet
  facet normal -0.19899 -0.458755 -0.865995
    outer loop
      vertex 4.4563 10.7585 3.92875
      vertex 3.87997 12.7906 2.98469
      vertex 5.11498 12.3487 2.935
    endloop
  endfacet
  facet normal -0.204292 -0.4595 -0.864364
    outer loop
      vertex 4.4563 10.7585 3.92875
      vertex 3.38033 11.1434 3.97844
      vertex 3.87997 12.7906 2.98469
    endloop
  endfacet
  facet normal -0.336821 -0.941569 0
    outer loop
      vertex 3.38033 11.1434 3.97844
      vertex 4.4563 10.7585 4.72375
      vertex 3.38033 11.1434 4.77344
    endloop
  endfacet
  facet normal -0.336821 -0.941569 -0
    outer loop
      vertex 4.4563 10.7585 4.72375
      vertex 3.38033 11.1434 3.97844
      vertex 4.4563 10.7585 3.92875
    endloop
  endfacet
  facet normal -0.133523 -0.484843 0.864349
    outer loop
      vertex 5.11498 12.3487 5.7175
      vertex 3.38033 11.1434 4.77344
      vertex 4.4563 10.7585 4.72375
    endloop
  endfacet
  facet normal -0.137207 -0.48084 0.866006
    outer loop
      vertex 3.87997 12.7906 5.76719
      vertex 3.38033 11.1434 4.77344
      vertex 5.11498 12.3487 5.7175
    endloop
  endfacet
  facet normal -0.336894 -0.941543 0
    outer loop
      vertex 3.87997 12.7906 5.76719
      vertex 5.11498 12.3487 7.6
      vertex 3.87997 12.7906 7.6
    endloop
  endfacet
  facet normal -0.336894 -0.941543 -0
    outer loop
      vertex 5.11498 12.3487 7.6
      vertex 3.87997 12.7906 5.76719
      vertex 5.11498 12.3487 5.7175
    endloop
  endfacet
  facet normal -0.15306 -0.476047 -0.865998
    outer loop
      vertex 3.38033 11.1434 0.798438
      vertex 2.72679 12.806 0
      vertex 3.78177 12.4668 0
    endloop
  endfacet
  facet normal -0.158317 -0.477322 -0.864349
    outer loop
      vertex 2.2718 11.4211 0.848125
      vertex 2.72679 12.806 0
      vertex 3.38033 11.1434 0.798438
    endloop
  endfacet
  facet normal -0.158433 -0.477284 -0.864349
    outer loop
      vertex 2.72679 12.806 0
      vertex 2.2718 11.4211 0.848125
      vertex 2.55839 12.8619 0
    endloop
  endfacet
  facet normal -0.243003 -0.970026 0
    outer loop
      vertex 2.2718 11.4211 0.848125
      vertex 3.38033 11.1434 1.59344
      vertex 2.2718 11.4211 1.64313
    endloop
  endfacet
  facet normal -0.243003 -0.970026 -0
    outer loop
      vertex 3.38033 11.1434 1.59344
      vertex 2.2718 11.4211 0.848125
      vertex 3.38033 11.1434 0.798438
    endloop
  endfacet
  facet normal -0.0853994 -0.495563 0.864363
    outer loop
      vertex 3.87997 12.7906 2.58719
      vertex 2.2718 11.4211 1.64313
      vertex 3.38033 11.1434 1.59344
    endloop
  endfacet
  facet normal -0.0894105 -0.491983 0.866002
    outer loop
      vertex 2.6076 13.1093 2.63688
      vertex 2.2718 11.4211 1.64313
      vertex 3.87997 12.7906 2.58719
    endloop
  endfacet
  facet normal -0.242972 -0.970033 0
    outer loop
      vertex 2.6076 13.1093 2.63688
      vertex 3.87997 12.7906 2.98469
      vertex 2.6076 13.1093 3.03438
    endloop
  endfacet
  facet normal -0.242972 -0.970033 -0
    outer loop
      vertex 3.87997 12.7906 2.98469
      vertex 2.6076 13.1093 2.63688
      vertex 3.87997 12.7906 2.58719
    endloop
  endfacet
  facet normal -0.153056 -0.476033 -0.866006
    outer loop
      vertex 3.38033 11.1434 3.97844
      vertex 2.6076 13.1093 3.03438
      vertex 3.87997 12.7906 2.98469
    endloop
  endfacet
  facet normal -0.158316 -0.477308 -0.864357
    outer loop
      vertex 3.38033 11.1434 3.97844
      vertex 2.2718 11.4211 4.02813
      vertex 2.6076 13.1093 3.03438
    endloop
  endfacet
  facet normal -0.243003 -0.970026 0
    outer loop
      vertex 2.2718 11.4211 4.02813
      vertex 3.38033 11.1434 4.77344
      vertex 2.2718 11.4211 4.82313
    endloop
  endfacet
  facet normal -0.243003 -0.970026 -0
    outer loop
      vertex 3.38033 11.1434 4.77344
      vertex 2.2718 11.4211 4.02813
      vertex 3.38033 11.1434 3.97844
    endloop
  endfacet
  facet normal -0.0853994 -0.495563 0.864363
    outer loop
      vertex 3.87997 12.7906 5.76719
      vertex 2.2718 11.4211 4.82313
      vertex 3.38033 11.1434 4.77344
    endloop
  endfacet
  facet normal -0.0894105 -0.491983 0.866002
    outer loop
      vertex 2.6076 13.1093 5.81688
      vertex 2.2718 11.4211 4.82313
      vertex 3.87997 12.7906 5.76719
    endloop
  endfacet
  facet normal -0.242972 -0.970033 0
    outer loop
      vertex 2.6076 13.1093 5.81688
      vertex 3.87997 12.7906 7.6
      vertex 2.6076 13.1093 7.6
    endloop
  endfacet
  facet normal -0.242972 -0.970033 -0
    outer loop
      vertex 3.87997 12.7906 7.6
      vertex 2.6076 13.1093 5.81688
      vertex 3.87997 12.7906 5.76719
    endloop
  endfacet
  facet normal -0.105648 -0.488755 -0.866
    outer loop
      vertex 2.2718 11.4211 0.848125
      vertex 1.40784 13.1106 0
      vertex 2.55839 12.8619 0
    endloop
  endfacet
  facet normal -0.110768 -0.490544 -0.864348
    outer loop
      vertex 1.1414 11.5888 0.897813
      vertex 1.40784 13.1106 0
      vertex 2.2718 11.4211 0.848125
    endloop
  endfacet
  facet normal -0.110989 -0.490502 -0.864343
    outer loop
      vertex 1.40784 13.1106 0
      vertex 1.1414 11.5888 0.897813
      vertex 1.29382 13.1364 0
    endloop
  endfacet
  facet normal -0.146748 -0.989174 0
    outer loop
      vertex 1.1414 11.5888 0.897813
      vertex 2.2718 11.4211 1.64313
      vertex 1.1414 11.5888 1.69281
    endloop
  endfacet
  facet normal -0.146748 -0.989174 -0
    outer loop
      vertex 2.2718 11.4211 1.64313
      vertex 1.1414 11.5888 0.897813
      vertex 2.2718 11.4211 0.848125
    endloop
  endfacet
  facet normal -0.0364203 -0.501556 0.864358
    outer loop
      vertex 2.6076 13.1093 2.63688
      vertex 1.1414 11.5888 1.69281
      vertex 2.2718 11.4211 1.64313
    endloop
  endfacet
  facet normal -0.0407472 -0.498397 0.865991
    outer loop
      vertex 1.31011 13.3017 2.68656
      vertex 1.1414 11.5888 1.69281
      vertex 2.6076 13.1093 2.63688
    endloop
  endfacet
  facet normal -0.146682 -0.989184 0
    outer loop
      vertex 1.31011 13.3017 2.68656
      vertex 2.6076 13.1093 3.03438
      vertex 1.31011 13.3017 3.08406
    endloop
  endfacet
  facet normal -0.146682 -0.989184 -0
    outer loop
      vertex 2.6076 13.1093 3.03438
      vertex 1.31011 13.3017 2.68656
      vertex 2.6076 13.1093 2.63688
    endloop
  endfacet
  facet normal -0.105634 -0.488756 -0.866002
    outer loop
      vertex 2.2718 11.4211 4.02813
      vertex 1.31011 13.3017 3.08406
      vertex 2.6076 13.1093 3.03438
    endloop
  endfacet
  facet normal -0.110762 -0.490547 -0.864347
    outer loop
      vertex 2.2718 11.4211 4.02813
      vertex 1.1414 11.5888 4.07781
      vertex 1.31011 13.3017 3.08406
    endloop
  endfacet
  facet normal -0.146748 -0.989174 0
    outer loop
      vertex 1.1414 11.5888 4.07781
      vertex 2.2718 11.4211 4.82313
      vertex 1.1414 11.5888 4.87281
    endloop
  endfacet
  facet normal -0.146748 -0.989174 -0
    outer loop
      vertex 2.2718 11.4211 4.82313
      vertex 1.1414 11.5888 4.07781
      vertex 2.2718 11.4211 4.02813
    endloop
  endfacet
  facet normal -0.0364203 -0.501556 0.864358
    outer loop
      vertex 2.6076 13.1093 5.81688
      vertex 1.1414 11.5888 4.87281
      vertex 2.2718 11.4211 4.82313
    endloop
  endfacet
  facet normal -0.0407472 -0.498397 0.865991
    outer loop
      vertex 1.31011 13.3017 5.86656
      vertex 1.1414 11.5888 4.87281
      vertex 2.6076 13.1093 5.81688
    endloop
  endfacet
  facet normal -0.146682 -0.989184 0
    outer loop
      vertex 1.31011 13.3017 5.86656
      vertex 2.6076 13.1093 7.6
      vertex 1.31011 13.3017 7.6
    endloop
  endfacet
  facet normal -0.146682 -0.989184 -0
    outer loop
      vertex 2.6076 13.1093 7.6
      vertex 1.31011 13.3017 5.86656
      vertex 2.6076 13.1093 5.81688
    endloop
  endfacet
  facet normal -0.057224 -0.496759 -0.866
    outer loop
      vertex 1.1414 11.5888 0.897813
      vertex 0.0559167 13.279 0
      vertex 1.29382 13.1364 0
    endloop
  endfacet
  facet normal -0.0621545 -0.499046 -0.864344
    outer loop
      vertex 0 11.6449 0.9475
      vertex 0.0559167 13.279 0
      vertex 1.1414 11.5888 0.897813
    endloop
  endfacet
  facet normal -0.0624714 -0.499028 -0.864331
    outer loop
      vertex 0.0559167 13.279 0
      vertex 0 11.6449 0.9475
      vertex 0 13.286 0
    endloop
  endfacet
  facet normal -0.0490909 -0.998794 0
    outer loop
      vertex 0 11.6449 0.9475
      vertex 1.1414 11.5888 1.69281
      vertex 0 11.6449 1.7425
    endloop
  endfacet
  facet normal -0.0490909 -0.998794 -0
    outer loop
      vertex 1.1414 11.5888 1.69281
      vertex 0 11.6449 0.9475
      vertex 1.1414 11.5888 0.897813
    endloop
  endfacet
  facet normal 0.0129195 -0.502729 0.864347
    outer loop
      vertex 1.31011 13.3017 2.68656
      vertex 0 11.6449 1.7425
      vertex 1.1414 11.5888 1.69281
    endloop
  endfacet
  facet normal 0.00826794 -0.499988 0.865993
    outer loop
      vertex 0 13.3661 2.73625
      vertex 0 11.6449 1.7425
      vertex 1.31011 13.3017 2.68656
    endloop
  endfacet
  facet normal -0.0490969 -0.998794 0
    outer loop
      vertex 0 13.3661 2.73625
      vertex 1.31011 13.3017 3.08406
      vertex 0 13.3661 3.13375
    endloop
  endfacet
  facet normal -0.0490969 -0.998794 -0
    outer loop
      vertex 1.31011 13.3017 3.08406
      vertex 0 13.3661 2.73625
      vertex 1.31011 13.3017 2.68656
    endloop
  endfacet
  facet normal -0.0572647 -0.49677 -0.865991
    outer loop
      vertex 1.1414 11.5888 4.07781
      vertex 0 13.3661 3.13375
      vertex 1.31011 13.3017 3.08406
    endloop
  endfacet
  facet normal -0.0621566 -0.499039 -0.864348
    outer loop
      vertex 1.1414 11.5888 4.07781
      vertex 0 11.6449 4.1275
      vertex 0 13.3661 3.13375
    endloop
  endfacet
  facet normal -0.0490909 -0.998794 0
    outer loop
      vertex 0 11.6449 4.1275
      vertex 1.1414 11.5888 4.87281
      vertex 0 11.6449 4.9225
    endloop
  endfacet
  facet normal -0.0490909 -0.998794 -0
    outer loop
      vertex 1.1414 11.5888 4.87281
      vertex 0 11.6449 4.1275
      vertex 1.1414 11.5888 4.07781
    endloop
  endfacet
  facet normal 0.0129195 -0.502729 0.864347
    outer loop
      vertex 1.31011 13.3017 5.86656
      vertex 0 11.6449 4.9225
      vertex 1.1414 11.5888 4.87281
    endloop
  endfacet
  facet normal 0.00826794 -0.499988 0.865993
    outer loop
      vertex 0 13.3661 5.91625
      vertex 0 11.6449 4.9225
      vertex 1.31011 13.3017 5.86656
    endloop
  endfacet
  facet normal -0.0490969 -0.998794 0
    outer loop
      vertex 0 13.3661 5.91625
      vertex 1.31011 13.3017 7.6
      vertex 0 13.3661 7.6
    endloop
  endfacet
  facet normal -0.0490969 -0.998794 -0
    outer loop
      vertex 1.31011 13.3017 7.6
      vertex 0 13.3661 5.91625
      vertex 1.31011 13.3017 5.86656
    endloop
  endfacet
  facet normal 0.0495804 -0.99877 0
    outer loop
      vertex -1.31011 13.3017 0.003438
      vertex -1.31011 13.3017 0
      vertex -1.21946 13.3062 0
    endloop
  endfacet
  facet normal -0.00828214 -0.499987 -0.865993
    outer loop
      vertex 0 11.6449 0.9475
      vertex -1.21946 13.3062 0
      vertex 0 13.286 0
    endloop
  endfacet
  facet normal -0.00803349 -0.499851 -0.866074
    outer loop
      vertex -1.21946 13.3062 0
      vertex 0 11.6449 0.9475
      vertex -1.31011 13.3017 0.003438
    endloop
  endfacet
  facet normal -0.012918 -0.502729 -0.864347
    outer loop
      vertex -1.1414 11.5888 0.997188
      vertex -1.31011 13.3017 0.003438
      vertex 0 11.6449 0.9475
    endloop
  endfacet
  facet normal 0.0490909 -0.998794 0
    outer loop
      vertex -1.1414 11.5888 0.997188
      vertex 0 11.6449 1.7425
      vertex -1.1414 11.5888 1.79219
    endloop
  endfacet
  facet normal 0.0490909 -0.998794 0
    outer loop
      vertex 0 11.6449 1.7425
      vertex -1.1414 11.5888 0.997188
      vertex 0 11.6449 0.9475
    endloop
  endfacet
  facet normal 0.0621566 -0.499039 0.864348
    outer loop
      vertex 0 13.3661 2.73625
      vertex -1.1414 11.5888 1.79219
      vertex 0 11.6449 1.7425
    endloop
  endfacet
  facet normal 0.0572647 -0.49677 0.865991
    outer loop
      vertex 0 13.3661 2.73625
      vertex -1.31011 13.3017 2.78594
      vertex -1.1414 11.5888 1.79219
    endloop
  endfacet
  facet normal 0.0490969 -0.998794 0
    outer loop
      vertex -1.31011 13.3017 2.78594
      vertex 0 13.3661 3.13375
      vertex -1.31011 13.3017 3.18344
    endloop
  endfacet
  facet normal 0.0490969 -0.998794 0
    outer loop
      vertex 0 13.3661 3.13375
      vertex -1.31011 13.3017 2.78594
      vertex 0 13.3661 2.73625
    endloop
  endfacet
  facet normal -0.00826794 -0.499988 -0.865993
    outer loop
      vertex 0 11.6449 4.1275
      vertex -1.31011 13.3017 3.18344
      vertex 0 13.3661 3.13375
    endloop
  endfacet
  facet normal -0.0129195 -0.502729 -0.864347
    outer loop
      vertex -1.1414 11.5888 4.17719
      vertex -1.31011 13.3017 3.18344
      vertex 0 11.6449 4.1275
    endloop
  endfacet
  facet normal 0.0490909 -0.998794 0
    outer loop
      vertex -1.1414 11.5888 4.17719
      vertex 0 11.6449 4.9225
      vertex -1.1414 11.5888 4.97219
    endloop
  endfacet
  facet normal 0.0490909 -0.998794 0
    outer loop
      vertex 0 11.6449 4.9225
      vertex -1.1414 11.5888 4.17719
      vertex 0 11.6449 4.1275
    endloop
  endfacet
  facet normal 0.0621566 -0.499039 0.864348
    outer loop
      vertex 0 13.3661 5.91625
      vertex -1.1414 11.5888 4.97219
      vertex 0 11.6449 4.9225
    endloop
  endfacet
  facet normal 0.0572647 -0.49677 0.865991
    outer loop
      vertex 0 13.3661 5.91625
      vertex -1.31011 13.3017 5.96594
      vertex -1.1414 11.5888 4.97219
    endloop
  endfacet
  facet normal 0.0490969 -0.998794 0
    outer loop
      vertex -1.31011 13.3017 5.96594
      vertex 0 13.3661 7.6
      vertex -1.31011 13.3017 7.6
    endloop
  endfacet
  facet normal 0.0490969 -0.998794 0
    outer loop
      vertex 0 13.3661 7.6
      vertex -1.31011 13.3017 5.96594
      vertex 0 13.3661 5.91625
    endloop
  endfacet
  facet normal 0.146682 -0.989184 0
    outer loop
      vertex -2.6076 13.1093 0
      vertex -1.31011 13.3017 0.003438
      vertex -2.6076 13.1093 0.0531254
    endloop
  endfacet
  facet normal 0.146682 -0.989184 0
    outer loop
      vertex -1.31011 13.3017 0.003438
      vertex -2.6076 13.1093 0
      vertex -1.31011 13.3017 0
    endloop
  endfacet
  facet normal 0.0407424 -0.498397 -0.865991
    outer loop
      vertex -1.1414 11.5888 0.997188
      vertex -2.6076 13.1093 0.0531254
      vertex -1.31011 13.3017 0.003438
    endloop
  endfacet
  facet normal 0.0364117 -0.501559 -0.864357
    outer loop
      vertex -2.2718 11.4211 1.04688
      vertex -2.6076 13.1093 0.0531254
      vertex -1.1414 11.5888 0.997188
    endloop
  endfacet
  facet normal 0.146748 -0.989174 0
    outer loop
      vertex -2.2718 11.4211 1.04688
      vertex -1.1414 11.5888 1.79219
      vertex -2.2718 11.4211 1.84188
    endloop
  endfacet
  facet normal 0.146748 -0.989174 0
    outer loop
      vertex -1.1414 11.5888 1.79219
      vertex -2.2718 11.4211 1.04688
      vertex -1.1414 11.5888 0.997188
    endloop
  endfacet
  facet normal 0.11077 -0.490546 0.864346
    outer loop
      vertex -1.31011 13.3017 2.78594
      vertex -2.2718 11.4211 1.84188
      vertex -1.1414 11.5888 1.79219
    endloop
  endfacet
  facet normal 0.105641 -0.488754 0.866002
    outer loop
      vertex -1.31011 13.3017 2.78594
      vertex -2.6076 13.1093 2.83563
      vertex -2.2718 11.4211 1.84188
    endloop
  endfacet
  facet normal 0.146682 -0.989184 0
    outer loop
      vertex -2.6076 13.1093 2.83563
      vertex -1.31011 13.3017 3.18344
      vertex -2.6076 13.1093 3.23313
    endloop
  endfacet
  facet normal 0.146682 -0.989184 0
    outer loop
      vertex -1.31011 13.3017 3.18344
      vertex -2.6076 13.1093 2.83563
      vertex -1.31011 13.3017 2.78594
    endloop
  endfacet
  facet normal 0.0407407 -0.498397 -0.865991
    outer loop
      vertex -1.1414 11.5888 4.17719
      vertex -2.6076 13.1093 3.23313
      vertex -1.31011 13.3017 3.18344
    endloop
  endfacet
  facet normal 0.0364129 -0.501557 -0.864358
    outer loop
      vertex -2.2718 11.4211 4.22688
      vertex -2.6076 13.1093 3.23313
      vertex -1.1414 11.5888 4.17719
    endloop
  endfacet
  facet normal 0.146748 -0.989174 0
    outer loop
      vertex -2.2718 11.4211 4.22688
      vertex -1.1414 11.5888 4.97219
      vertex -2.2718 11.4211 5.02188
    endloop
  endfacet
  facet normal 0.146748 -0.989174 0
    outer loop
      vertex -1.1414 11.5888 4.97219
      vertex -2.2718 11.4211 4.22688
      vertex -1.1414 11.5888 4.17719
    endloop
  endfacet
  facet normal 0.11077 -0.490546 0.864346
    outer loop
      vertex -1.31011 13.3017 5.96594
      vertex -2.2718 11.4211 5.02188
      vertex -1.1414 11.5888 4.97219
    endloop
  endfacet
  facet normal 0.105634 -0.488752 0.866004
    outer loop
      vertex -1.31011 13.3017 5.96594
      vertex -2.6076 13.1093 6.01562
      vertex -2.2718 11.4211 5.02188
    endloop
  endfacet
  facet normal 0.146682 -0.989184 0
    outer loop
      vertex -2.6076 13.1093 6.01562
      vertex -1.31011 13.3017 7.6
      vertex -2.6076 13.1093 7.6
    endloop
  endfacet
  facet normal 0.146682 -0.989184 0
    outer loop
      vertex -1.31011 13.3017 7.6
      vertex -2.6076 13.1093 6.01562
      vertex -1.31011 13.3017 5.96594
    endloop
  endfacet
  facet normal 0.242972 -0.970033 0
    outer loop
      vertex -3.87997 12.7906 0
      vertex -2.6076 13.1093 0.0531254
      vertex -3.87997 12.7906 0.102813
    endloop
  endfacet
  facet normal 0.242972 -0.970033 0
    outer loop
      vertex -2.6076 13.1093 0.0531254
      vertex -3.87997 12.7906 0
      vertex -2.6076 13.1093 0
    endloop
  endfacet
  facet normal 0.0894125 -0.491984 -0.866001
    outer loop
      vertex -2.2718 11.4211 1.04688
      vertex -3.87997 12.7906 0.102813
      vertex -2.6076 13.1093 0.0531254
    endloop
  endfacet
  facet normal 0.0854063 -0.49556 -0.864364
    outer loop
      vertex -3.38033 11.1434 1.09656
      vertex -3.87997 12.7906 0.102813
      vertex -2.2718 11.4211 1.04688
    endloop
  endfacet
  facet normal 0.243003 -0.970026 0
    outer loop
      vertex -3.38033 11.1434 1.09656
      vertex -2.2718 11.4211 1.84188
      vertex -3.38033 11.1434 1.89156
    endloop
  endfacet
  facet normal 0.243003 -0.970026 0
    outer loop
      vertex -2.2718 11.4211 1.84188
      vertex -3.38033 11.1434 1.09656
      vertex -2.2718 11.4211 1.04688
    endloop
  endfacet
  facet normal 0.158309 -0.47731 0.864357
    outer loop
      vertex -2.6076 13.1093 2.83563
      vertex -3.38033 11.1434 1.89156
      vertex -2.2718 11.4211 1.84188
    endloop
  endfacet
  facet normal 0.153049 -0.476035 0.866006
    outer loop
      vertex -2.6076 13.1093 2.83563
      vertex -3.87997 12.7906 2.88531
      vertex -3.38033 11.1434 1.89156
    endloop
  endfacet
  facet normal 0.242972 -0.970033 0
    outer loop
      vertex -3.87997 12.7906 2.88531
      vertex -2.6076 13.1093 3.23313
      vertex -3.87997 12.7906 3.28281
    endloop
  endfacet
  facet normal 0.242972 -0.970033 0
    outer loop
      vertex -2.6076 13.1093 3.23313
      vertex -3.87997 12.7906 2.88531
      vertex -2.6076 13.1093 2.83563
    endloop
  endfacet
  facet normal 0.089417 -0.491981 -0.866002
    outer loop
      vertex -2.2718 11.4211 4.22688
      vertex -3.87997 12.7906 3.28281
      vertex -2.6076 13.1093 3.23313
    endloop
  endfacet
  facet normal 0.0854066 -0.495561 -0.864364
    outer loop
      vertex -3.38033 11.1434 4.27656
      vertex -3.87997 12.7906 3.28281
      vertex -2.2718 11.4211 4.22688
    endloop
  endfacet
  facet normal 0.243003 -0.970026 0
    outer loop
      vertex -3.38033 11.1434 4.27656
      vertex -2.2718 11.4211 5.02188
      vertex -3.38033 11.1434 5.07156
    endloop
  endfacet
  facet normal 0.243003 -0.970026 0
    outer loop
      vertex -2.2718 11.4211 5.02188
      vertex -3.38033 11.1434 4.27656
      vertex -2.2718 11.4211 4.22688
    endloop
  endfacet
  facet normal 0.158308 -0.477306 0.864359
    outer loop
      vertex -2.6076 13.1093 6.01562
      vertex -3.38033 11.1434 5.07156
      vertex -2.2718 11.4211 5.02188
    endloop
  endfacet
  facet normal 0.153056 -0.476033 0.866006
    outer loop
      vertex -2.6076 13.1093 6.01562
      vertex -3.87997 12.7906 6.06531
      vertex -3.38033 11.1434 5.07156
    endloop
  endfacet
  facet normal 0.242972 -0.970033 0
    outer loop
      vertex -3.87997 12.7906 6.06531
      vertex -2.6076 13.1093 7.6
      vertex -3.87997 12.7906 7.6
    endloop
  endfacet
  facet normal 0.242972 -0.970033 0
    outer loop
      vertex -2.6076 13.1093 7.6
      vertex -3.87997 12.7906 6.06531
      vertex -2.6076 13.1093 6.01562
    endloop
  endfacet
  facet normal 0.336894 -0.941543 0
    outer loop
      vertex -5.11498 12.3487 0
      vertex -3.87997 12.7906 0.102813
      vertex -5.11498 12.3487 0.1525
    endloop
  endfacet
  facet normal 0.336894 -0.941543 0
    outer loop
      vertex -3.87997 12.7906 0.102813
      vertex -5.11498 12.3487 0
      vertex -3.87997 12.7906 0
    endloop
  endfacet
  facet normal 0.137208 -0.480839 -0.866007
    outer loop
      vertex -3.38033 11.1434 1.09656
      vertex -5.11498 12.3487 0.1525
      vertex -3.87997 12.7906 0.102813
    endloop
  endfacet
  facet normal 0.133523 -0.484843 -0.864349
    outer loop
      vertex -4.4563 10.7585 1.14625
      vertex -5.11498 12.3487 0.1525
      vertex -3.38033 11.1434 1.09656
    endloop
  endfacet
  facet normal 0.336821 -0.941569 0
    outer loop
      vertex -4.4563 10.7585 1.14625
      vertex -3.38033 11.1434 1.89156
      vertex -4.4563 10.7585 1.94125
    endloop
  endfacet
  facet normal 0.336821 -0.941569 0
    outer loop
      vertex -3.38033 11.1434 1.89156
      vertex -4.4563 10.7585 1.14625
      vertex -3.38033 11.1434 1.09656
    endloop
  endfacet
  facet normal 0.204292 -0.4595 0.864364
    outer loop
      vertex -3.87997 12.7906 2.88531
      vertex -4.4563 10.7585 1.94125
      vertex -3.38033 11.1434 1.89156
    endloop
  endfacet
  facet normal 0.19899 -0.458755 0.865995
    outer loop
      vertex -3.87997 12.7906 2.88531
      vertex -5.11498 12.3487 2.935
      vertex -4.4563 10.7585 1.94125
    endloop
  endfacet
  facet normal 0.336894 -0.941543 0
    outer loop
      vertex -5.11498 12.3487 2.935
      vertex -3.87997 12.7906 3.28281
      vertex -5.11498 12.3487 3.3325
    endloop
  endfacet
  facet normal 0.336894 -0.941543 0
    outer loop
      vertex -3.87997 12.7906 3.28281
      vertex -5.11498 12.3487 2.935
      vertex -3.87997 12.7906 2.88531
    endloop
  endfacet
  facet normal 0.137207 -0.48084 -0.866006
    outer loop
      vertex -3.38033 11.1434 4.27656
      vertex -5.11498 12.3487 3.3325
      vertex -3.87997 12.7906 3.28281
    endloop
  endfacet
  facet normal 0.133523 -0.484843 -0.864349
    outer loop
      vertex -4.4563 10.7585 4.32625
      vertex -5.11498 12.3487 3.3325
      vertex -3.38033 11.1434 4.27656
    endloop
  endfacet
  facet normal 0.336821 -0.941569 0
    outer loop
      vertex -4.4563 10.7585 4.32625
      vertex -3.38033 11.1434 5.07156
      vertex -4.4563 10.7585 5.12125
    endloop
  endfacet
  facet normal 0.336821 -0.941569 0
    outer loop
      vertex -3.38033 11.1434 5.07156
      vertex -4.4563 10.7585 4.32625
      vertex -3.38033 11.1434 4.27656
    endloop
  endfacet
  facet normal 0.204292 -0.4595 0.864364
    outer loop
      vertex -3.87997 12.7906 6.06531
      vertex -4.4563 10.7585 5.12125
      vertex -3.38033 11.1434 5.07156
    endloop
  endfacet
  facet normal 0.19899 -0.458755 0.865995
    outer loop
      vertex -3.87997 12.7906 6.06531
      vertex -5.11498 12.3487 6.115
      vertex -4.4563 10.7585 5.12125
    endloop
  endfacet
  facet normal 0.336894 -0.941543 0
    outer loop
      vertex -5.11498 12.3487 6.115
      vertex -3.87997 12.7906 7.6
      vertex -5.11498 12.3487 7.6
    endloop
  endfacet
  facet normal 0.336894 -0.941543 0
    outer loop
      vertex -3.87997 12.7906 7.6
      vertex -5.11498 12.3487 6.115
      vertex -3.87997 12.7906 6.06531
    endloop
  endfacet
  facet normal 0.427603 -0.903967 0
    outer loop
      vertex -6.30074 11.7878 0
      vertex -5.11498 12.3487 0.1525
      vertex -6.30074 11.7878 0.202188
    endloop
  endfacet
  facet normal 0.427603 -0.903967 0
    outer loop
      vertex -5.11498 12.3487 0.1525
      vertex -6.30074 11.7878 0
      vertex -5.11498 12.3487 0
    endloop
  endfacet
  facet normal 0.18371 -0.465084 -0.865995
    outer loop
      vertex -4.4563 10.7585 1.14625
      vertex -6.30074 11.7878 0.202188
      vertex -5.11498 12.3487 0.1525
    endloop
  endfacet
  facet normal 0.180444 -0.46942 -0.864341
    outer loop
      vertex -5.48936 10.2699 1.19594
      vertex -6.30074 11.7878 0.202188
      vertex -4.4563 10.7585 1.14625
    endloop
  endfacet
  facet normal 0.427554 -0.90399 0
    outer loop
      vertex -5.48936 10.2699 1.19594
      vertex -4.4563 10.7585 1.94125
      vertex -5.48936 10.2699 1.99094
    endloop
  endfacet
  facet normal 0.427554 -0.90399 0
    outer loop
      vertex -4.4563 10.7585 1.94125
      vertex -5.48936 10.2699 1.19594
      vertex -4.4563 10.7585 1.14625
    endloop
  endfacet
  facet normal 0.248386 -0.437267 0.864351
    outer loop
      vertex -5.11498 12.3487 2.935
      vertex -5.48936 10.2699 1.99094
      vertex -4.4563 10.7585 1.94125
    endloop
  endfacet
  facet normal 0.243024 -0.437044 0.865986
    outer loop
      vertex -5.11498 12.3487 2.935
      vertex -6.30074 11.7878 2.98469
      vertex -5.48936 10.2699 1.99094
    endloop
  endfacet
  facet normal 0.427603 -0.903967 0
    outer loop
      vertex -6.30074 11.7878 2.98469
      vertex -5.11498 12.3487 3.3325
      vertex -6.30074 11.7878 3.38219
    endloop
  endfacet
  facet normal 0.427603 -0.903967 0
    outer loop
      vertex -5.11498 12.3487 3.3325
      vertex -6.30074 11.7878 2.98469
      vertex -5.11498 12.3487 2.935
    endloop
  endfacet
  facet normal 0.183709 -0.465084 -0.865995
    outer loop
      vertex -4.4563 10.7585 4.32625
      vertex -6.30074 11.7878 3.38219
      vertex -5.11498 12.3487 3.3325
    endloop
  endfacet
  facet normal 0.180444 -0.469419 -0.864341
    outer loop
      vertex -5.48936 10.2699 4.37594
      vertex -6.30074 11.7878 3.38219
      vertex -4.4563 10.7585 4.32625
    endloop
  endfacet
  facet normal 0.427554 -0.90399 0
    outer loop
      vertex -5.48936 10.2699 4.37594
      vertex -4.4563 10.7585 5.12125
      vertex -5.48936 10.2699 5.17094
    endloop
  endfacet
  facet normal 0.427554 -0.90399 0
    outer loop
      vertex -4.4563 10.7585 5.12125
      vertex -5.48936 10.2699 4.37594
      vertex -4.4563 10.7585 4.32625
    endloop
  endfacet
  facet normal 0.248386 -0.437267 0.864351
    outer loop
      vertex -5.11498 12.3487 6.115
      vertex -5.48936 10.2699 5.17094
      vertex -4.4563 10.7585 5.12125
    endloop
  endfacet
  facet normal 0.243024 -0.437044 0.865986
    outer loop
      vertex -5.11498 12.3487 6.115
      vertex -6.30074 11.7878 6.16469
      vertex -5.48936 10.2699 5.17094
    endloop
  endfacet
  facet normal 0.427603 -0.903967 0
    outer loop
      vertex -6.30074 11.7878 6.16469
      vertex -5.11498 12.3487 7.6
      vertex -6.30074 11.7878 7.6
    endloop
  endfacet
  facet normal 0.427603 -0.903967 0
    outer loop
      vertex -5.11498 12.3487 7.6
      vertex -6.30074 11.7878 6.16469
      vertex -5.11498 12.3487 6.115
    endloop
  endfacet
  facet normal 0.51408 -0.857742 0
    outer loop
      vertex -7.42581 11.1135 0
      vertex -6.30074 11.7878 0.202188
      vertex -7.42581 11.1135 0.251876
    endloop
  endfacet
  facet normal 0.51408 -0.857742 0
    outer loop
      vertex -6.30074 11.7878 0.202188
      vertex -7.42581 11.1135 0
      vertex -6.30074 11.7878 0
    endloop
  endfacet
  facet normal 0.228383 -0.444871 -0.865986
    outer loop
      vertex -5.48936 10.2699 1.19594
      vertex -7.42581 11.1135 0.251876
      vertex -6.30074 11.7878 0.202188
    endloop
  endfacet
  facet normal 0.22559 -0.449452 -0.864351
    outer loop
      vertex -6.46955 9.68236 1.24563
      vertex -7.42581 11.1135 0.251876
      vertex -5.48936 10.2699 1.19594
    endloop
  endfacet
  facet normal 0.514126 -0.857714 0
    outer loop
      vertex -6.46955 9.68236 1.24563
      vertex -5.48936 10.2699 1.99094
      vertex -6.46955 9.68236 2.04063
    endloop
  endfacet
  facet normal 0.514126 -0.857714 0
    outer loop
      vertex -5.48936 10.2699 1.99094
      vertex -6.46955 9.68236 1.24563
      vertex -5.48936 10.2699 1.19594
    endloop
  endfacet
  facet normal 0.290069 -0.41082 0.864342
    outer loop
      vertex -6.30074 11.7878 2.98469
      vertex -6.46955 9.68236 2.04063
      vertex -5.48936 10.2699 1.99094
    endloop
  endfacet
  facet normal 0.284653 -0.411127 0.865995
    outer loop
      vertex -6.30074 11.7878 2.98469
      vertex -7.42581 11.1135 3.03438
      vertex -6.46955 9.68236 2.04063
    endloop
  endfacet
  facet normal 0.51408 -0.857742 0
    outer loop
      vertex -7.42581 11.1135 3.03438
      vertex -6.30074 11.7878 3.38219
      vertex -7.42581 11.1135 3.43188
    endloop
  endfacet
  facet normal 0.51408 -0.857742 0
    outer loop
      vertex -6.30074 11.7878 3.38219
      vertex -7.42581 11.1135 3.03438
      vertex -6.30074 11.7878 2.98469
    endloop
  endfacet
  facet normal 0.228382 -0.444871 -0.865986
    outer loop
      vertex -5.48936 10.2699 4.37594
      vertex -7.42581 11.1135 3.43188
      vertex -6.30074 11.7878 3.38219
    endloop
  endfacet
  facet normal 0.22559 -0.449451 -0.864351
    outer loop
      vertex -6.46955 9.68236 4.42563
      vertex -7.42581 11.1135 3.43188
      vertex -5.48936 10.2699 4.37594
    endloop
  endfacet
  facet normal 0.514126 -0.857714 0
    outer loop
      vertex -6.46955 9.68236 4.42563
      vertex -5.48936 10.2699 5.17094
      vertex -6.46955 9.68236 5.22063
    endloop
  endfacet
  facet normal 0.514126 -0.857714 0
    outer loop
      vertex -5.48936 10.2699 5.17094
      vertex -6.46955 9.68236 4.42563
      vertex -5.48936 10.2699 4.37594
    endloop
  endfacet
  facet normal 0.290069 -0.41082 0.864342
    outer loop
      vertex -6.30074 11.7878 6.16469
      vertex -6.46955 9.68236 5.22063
      vertex -5.48936 10.2699 5.17094
    endloop
  endfacet
  facet normal 0.284653 -0.411127 0.865995
    outer loop
      vertex -6.30074 11.7878 6.16469
      vertex -7.42581 11.1135 6.21438
      vertex -6.46955 9.68236 5.22063
    endloop
  endfacet
  facet normal 0.51408 -0.857742 0
    outer loop
      vertex -7.42581 11.1135 6.21438
      vertex -6.30074 11.7878 7.6
      vertex -7.42581 11.1135 7.6
    endloop
  endfacet
  facet normal 0.51408 -0.857742 0
    outer loop
      vertex -6.30074 11.7878 7.6
      vertex -7.42581 11.1135 6.21438
      vertex -6.30074 11.7878 6.16469
    endloop
  endfacet
  facet normal 0.595716 -0.803195 0
    outer loop
      vertex -8.47936 10.3321 0
      vertex -7.42581 11.1135 0.251876
      vertex -8.47936 10.3321 0.301563
    endloop
  endfacet
  facet normal 0.595716 -0.803195 0
    outer loop
      vertex -7.42581 11.1135 0.251876
      vertex -8.47936 10.3321 0
      vertex -7.42581 11.1135 0
    endloop
  endfacet
  facet normal 0.270901 -0.420318 -0.865994
    outer loop
      vertex -6.46955 9.68236 1.24563
      vertex -8.47936 10.3321 0.301563
      vertex -7.42581 11.1135 0.251876
    endloop
  endfacet
  facet normal 0.268555 -0.425182 -0.864349
    outer loop
      vertex -7.38743 9.00161 1.29531
      vertex -8.47936 10.3321 0.301563
      vertex -6.46955 9.68236 1.24563
    endloop
  endfacet
  facet normal 0.595701 -0.803206 0
    outer loop
      vertex -7.38743 9.00161 1.29531
      vertex -6.46955 9.68236 2.04063
      vertex -7.38743 9.00161 2.09031
    endloop
  endfacet
  facet normal 0.595701 -0.803206 0
    outer loop
      vertex -6.46955 9.68236 2.04063
      vertex -7.38743 9.00161 1.29531
      vertex -6.46955 9.68236 1.24563
    endloop
  endfacet
  facet normal 0.328916 -0.38041 0.864351
    outer loop
      vertex -6.46955 9.68236 2.04063
      vertex -7.42581 11.1135 3.03438
      vertex -7.38743 9.00161 2.09031
    endloop
  endfacet
  facet normal 0.323595 -0.38124 0.865992
    outer loop
      vertex -7.42581 11.1135 3.03438
      vertex -8.47936 10.3321 3.08406
      vertex -7.38743 9.00161 2.09031
    endloop
  endfacet
  facet normal 0.595716 -0.803195 0
    outer loop
      vertex -8.47936 10.3321 3.08406
      vertex -7.42581 11.1135 3.43188
      vertex -8.47936 10.3321 3.48156
    endloop
  endfacet
  facet normal 0.595716 -0.803195 0
    outer loop
      vertex -7.42581 11.1135 3.43188
      vertex -8.47936 10.3321 3.08406
      vertex -7.42581 11.1135 3.03438
    endloop
  endfacet
  facet normal 0.270904 -0.420314 -0.865995
    outer loop
      vertex -6.46955 9.68236 4.42563
      vertex -8.47936 10.3321 3.48156
      vertex -7.42581 11.1135 3.43188
    endloop
  endfacet
  facet normal 0.268556 -0.425183 -0.864348
    outer loop
      vertex -7.38743 9.00161 4.47531
      vertex -8.47936 10.3321 3.48156
      vertex -6.46955 9.68236 4.42563
    endloop
  endfacet
  facet normal 0.595701 -0.803206 0
    outer loop
      vertex -7.38743 9.00161 4.47531
      vertex -6.46955 9.68236 5.22063
      vertex -7.38743 9.00161 5.27031
    endloop
  endfacet
  facet normal 0.595701 -0.803206 0
    outer loop
      vertex -6.46955 9.68236 5.22063
      vertex -7.38743 9.00161 4.47531
      vertex -6.46955 9.68236 4.42563
    endloop
  endfacet
  facet normal 0.328916 -0.38041 0.864351
    outer loop
      vertex -6.46955 9.68236 5.22063
      vertex -7.42581 11.1135 6.21438
      vertex -7.38743 9.00161 5.27031
    endloop
  endfacet
  facet normal 0.323595 -0.38124 0.865992
    outer loop
      vertex -7.42581 11.1135 6.21438
      vertex -8.47936 10.3321 6.26406
      vertex -7.38743 9.00161 5.27031
    endloop
  endfacet
  facet normal 0.595716 -0.803195 0
    outer loop
      vertex -8.47936 10.3321 6.26406
      vertex -7.42581 11.1135 7.6
      vertex -8.47936 10.3321 7.6
    endloop
  endfacet
  facet normal 0.595716 -0.803195 0
    outer loop
      vertex -7.42581 11.1135 7.6
      vertex -8.47936 10.3321 6.26406
      vertex -7.42581 11.1135 6.21438
    endloop
  endfacet
  facet normal 0.671543 -0.740966 0
    outer loop
      vertex -9.45126 9.45126 0
      vertex -8.47936 10.3321 0.301563
      vertex -9.45126 9.45126 0.351251
    endloop
  endfacet
  facet normal 0.671543 -0.740966 0
    outer loop
      vertex -8.47936 10.3321 0.301563
      vertex -9.45126 9.45126 0
      vertex -8.47936 10.3321 0
    endloop
  endfacet
  facet normal 0.310779 -0.391757 -0.865992
    outer loop
      vertex -7.38743 9.00161 1.29531
      vertex -9.45126 9.45126 0.351251
      vertex -8.47936 10.3321 0.301563
    endloop
  endfacet
  facet normal 0.308927 -0.396813 -0.864352
    outer loop
      vertex -8.23417 8.23417 1.345
      vertex -9.45126 9.45126 0.351251
      vertex -7.38743 9.00161 1.29531
    endloop
  endfacet
  facet normal 0.671559 -0.740951 0
    outer loop
      vertex -8.23417 8.23417 1.345
      vertex -7.38743 9.00161 2.09031
      vertex -8.23417 8.23417 2.14
    endloop
  endfacet
  facet normal 0.671559 -0.740951 0
    outer loop
      vertex -7.38743 9.00161 2.09031
      vertex -8.23417 8.23417 1.345
      vertex -7.38743 9.00161 1.29531
    endloop
  endfacet
  facet normal 0.364626 -0.346338 0.864348
    outer loop
      vertex -7.38743 9.00161 2.09031
      vertex -8.47936 10.3321 3.08406
      vertex -8.23417 8.23417 2.14
    endloop
  endfacet
  facet normal 0.359391 -0.347692 0.865996
    outer loop
      vertex -8.47936 10.3321 3.08406
      vertex -9.45126 9.45126 3.13375
      vertex -8.23417 8.23417 2.14
    endloop
  endfacet
  facet normal 0.671543 -0.740966 0
    outer loop
      vertex -9.45126 9.45126 3.13375
      vertex -8.47936 10.3321 3.48156
      vertex -9.45126 9.45126 3.53125
    endloop
  endfacet
  facet normal 0.671543 -0.740966 0
    outer loop
      vertex -8.47936 10.3321 3.48156
      vertex -9.45126 9.45126 3.13375
      vertex -8.47936 10.3321 3.08406
    endloop
  endfacet
  facet normal 0.310778 -0.391759 -0.865992
    outer loop
      vertex -7.38743 9.00161 4.47531
      vertex -9.45126 9.45126 3.53125
      vertex -8.47936 10.3321 3.48156
    endloop
  endfacet
  facet normal 0.308927 -0.396813 -0.864351
    outer loop
      vertex -8.23417 8.23417 4.525
      vertex -9.45126 9.45126 3.53125
      vertex -7.38743 9.00161 4.47531
    endloop
  endfacet
  facet normal 0.671559 -0.740951 0
    outer loop
      vertex -8.23417 8.23417 4.525
      vertex -7.38743 9.00161 5.27031
      vertex -8.23417 8.23417 5.32
    endloop
  endfacet
  facet normal 0.671559 -0.740951 0
    outer loop
      vertex -7.38743 9.00161 5.27031
      vertex -8.23417 8.23417 4.525
      vertex -7.38743 9.00161 4.47531
    endloop
  endfacet
  facet normal 0.364626 -0.346338 0.864348
    outer loop
      vertex -7.38743 9.00161 5.27031
      vertex -8.47936 10.3321 6.26406
      vertex -8.23417 8.23417 5.32
    endloop
  endfacet
  facet normal 0.359391 -0.347692 0.865996
    outer loop
      vertex -8.47936 10.3321 6.26406
      vertex -9.45126 9.45126 6.31375
      vertex -8.23417 8.23417 5.32
    endloop
  endfacet
  facet normal 0.671543 -0.740966 0
    outer loop
      vertex -9.45126 9.45126 6.31375
      vertex -8.47936 10.3321 7.6
      vertex -9.45126 9.45126 7.6
    endloop
  endfacet
  facet normal 0.671543 -0.740966 0
    outer loop
      vertex -8.47936 10.3321 7.6
      vertex -9.45126 9.45126 6.31375
      vertex -8.47936 10.3321 6.26406
    endloop
  endfacet
  facet normal 0.392218 -0.310924 0.865732
    outer loop
      vertex -10.2712 8.54661 0
      vertex -10.3321 8.47936 0.003438
      vertex -10.3275 8.47559 0
    endloop
  endfacet
  facet normal 0.740946 -0.671565 0
    outer loop
      vertex -9.45126 9.45126 0.351251
      vertex -10.2712 8.54661 0
      vertex -9.45126 9.45126 0
    endloop
  endfacet
  facet normal 0.740964 -0.671545 -9.16398e-05
    outer loop
      vertex -10.3321 8.47936 0.400938
      vertex -10.2712 8.54661 0
      vertex -9.45126 9.45126 0.351251
    endloop
  endfacet
  facet normal 0.741235 -0.671245 0
    outer loop
      vertex -10.2712 8.54661 0
      vertex -10.3321 8.47936 0.400938
      vertex -10.3321 8.47936 0.003438
    endloop
  endfacet
  facet normal 0.347693 -0.359389 -0.865996
    outer loop
      vertex -8.23417 8.23417 1.345
      vertex -10.3321 8.47936 0.400938
      vertex -9.45126 9.45126 0.351251
    endloop
  endfacet
  facet normal 0.346339 -0.364626 -0.864348
    outer loop
      vertex -9.00161 7.38743 1.39469
      vertex -10.3321 8.47936 0.400938
      vertex -8.23417 8.23417 1.345
    endloop
  endfacet
  facet normal 0.740951 -0.671559 0
    outer loop
      vertex -9.00161 7.38743 1.39469
      vertex -8.23417 8.23417 2.14
      vertex -9.00161 7.38743 2.18969
    endloop
  endfacet
  facet normal 0.740951 -0.671559 0
    outer loop
      vertex -8.23417 8.23417 2.14
      vertex -9.00161 7.38743 1.39469
      vertex -8.23417 8.23417 1.345
    endloop
  endfacet
  facet normal 0.396813 -0.308927 0.864351
    outer loop
      vertex -8.23417 8.23417 2.14
      vertex -9.45126 9.45126 3.13375
      vertex -9.00161 7.38743 2.18969
    endloop
  endfacet
  facet normal 0.391759 -0.310778 0.865992
    outer loop
      vertex -9.45126 9.45126 3.13375
      vertex -10.3321 8.47936 3.18344
      vertex -9.00161 7.38743 2.18969
    endloop
  endfacet
  facet normal 0.740966 -0.671543 0
    outer loop
      vertex -10.3321 8.47936 3.18344
      vertex -9.45126 9.45126 3.53125
      vertex -10.3321 8.47936 3.58094
    endloop
  endfacet
  facet normal 0.740966 -0.671543 0
    outer loop
      vertex -9.45126 9.45126 3.53125
      vertex -10.3321 8.47936 3.18344
      vertex -9.45126 9.45126 3.13375
    endloop
  endfacet
  facet normal 0.347692 -0.359391 -0.865996
    outer loop
      vertex -8.23417 8.23417 4.525
      vertex -10.3321 8.47936 3.58094
      vertex -9.45126 9.45126 3.53125
    endloop
  endfacet
  facet normal 0.346338 -0.364626 -0.864348
    outer loop
      vertex -9.00161 7.38743 4.57469
      vertex -10.3321 8.47936 3.58094
      vertex -8.23417 8.23417 4.525
    endloop
  endfacet
  facet normal 0.740951 -0.671559 0
    outer loop
      vertex -9.00161 7.38743 4.57469
      vertex -8.23417 8.23417 5.32
      vertex -9.00161 7.38743 5.36969
    endloop
  endfacet
  facet normal 0.740951 -0.671559 0
    outer loop
      vertex -8.23417 8.23417 5.32
      vertex -9.00161 7.38743 4.57469
      vertex -8.23417 8.23417 4.525
    endloop
  endfacet
  facet normal 0.396813 -0.308927 0.864351
    outer loop
      vertex -8.23417 8.23417 5.32
      vertex -9.45126 9.45126 6.31375
      vertex -9.00161 7.38743 5.36969
    endloop
  endfacet
  facet normal 0.391759 -0.310778 0.865992
    outer loop
      vertex -9.45126 9.45126 6.31375
      vertex -10.3321 8.47936 6.36344
      vertex -9.00161 7.38743 5.36969
    endloop
  endfacet
  facet normal 0.740966 -0.671543 0
    outer loop
      vertex -10.3321 8.47936 6.36344
      vertex -9.45126 9.45126 7.6
      vertex -10.3321 8.47936 7.6
    endloop
  endfacet
  facet normal 0.740966 -0.671543 0
    outer loop
      vertex -9.45126 9.45126 7.6
      vertex -10.3321 8.47936 6.36344
      vertex -9.45126 9.45126 6.31375
    endloop
  endfacet
  facet normal 0.42198 -0.273395 0.8644
    outer loop
      vertex -10.3275 8.47559 0
      vertex -10.3321 8.47936 0.003438
      vertex -10.3298 8.47204 0
    endloop
  endfacet
  facet normal 0.422944 -0.272939 0.864073
    outer loop
      vertex -11.1135 7.42581 0.0531254
      vertex -10.3298 8.47204 0
      vertex -10.3321 8.47936 0.003438
    endloop
  endfacet
  facet normal 0.420352 -0.270901 0.865977
    outer loop
      vertex -10.3298 8.47204 0
      vertex -11.1135 7.42581 0.0531254
      vertex -11.037 7.37469 0
    endloop
  endfacet
  facet normal 0.803195 -0.595716 0
    outer loop
      vertex -11.1135 7.42581 0.0531254
      vertex -10.3321 8.47936 0.400938
      vertex -11.1135 7.42581 0.450625
    endloop
  endfacet
  facet normal 0.803195 -0.595716 0
    outer loop
      vertex -10.3321 8.47936 0.400938
      vertex -11.1135 7.42581 0.0531254
      vertex -10.3321 8.47936 0.003438
    endloop
  endfacet
  facet normal 0.381238 -0.323599 -0.865992
    outer loop
      vertex -9.00161 7.38743 1.39469
      vertex -11.1135 7.42581 0.450625
      vertex -10.3321 8.47936 0.400938
    endloop
  endfacet
  facet normal 0.380407 -0.328923 -0.86435
    outer loop
      vertex -9.68236 6.46955 1.44438
      vertex -11.1135 7.42581 0.450625
      vertex -9.00161 7.38743 1.39469
    endloop
  endfacet
  facet normal 0.803206 -0.595701 0
    outer loop
      vertex -9.68236 6.46955 1.44438
      vertex -9.00161 7.38743 2.18969
      vertex -9.68236 6.46955 2.23938
    endloop
  endfacet
  facet normal 0.803206 -0.595701 0
    outer loop
      vertex -9.00161 7.38743 2.18969
      vertex -9.68236 6.46955 1.44438
      vertex -9.00161 7.38743 1.39469
    endloop
  endfacet
  facet normal 0.425187 -0.26855 0.864348
    outer loop
      vertex -9.00161 7.38743 2.18969
      vertex -10.3321 8.47936 3.18344
      vertex -9.68236 6.46955 2.23938
    endloop
  endfacet
  facet normal 0.420318 -0.270898 0.865995
    outer loop
      vertex -10.3321 8.47936 3.18344
      vertex -11.1135 7.42581 3.23313
      vertex -9.68236 6.46955 2.23938
    endloop
  endfacet
  facet normal 0.803195 -0.595716 0
    outer loop
      vertex -11.1135 7.42581 3.23313
      vertex -10.3321 8.47936 3.58094
      vertex -11.1135 7.42581 3.63063
    endloop
  endfacet
  facet normal 0.803195 -0.595716 0
    outer loop
      vertex -10.3321 8.47936 3.58094
      vertex -11.1135 7.42581 3.23313
      vertex -10.3321 8.47936 3.18344
    endloop
  endfacet
  facet normal 0.381236 -0.3236 -0.865992
    outer loop
      vertex -9.00161 7.38743 4.57469
      vertex -11.1135 7.42581 3.63063
      vertex -10.3321 8.47936 3.58094
    endloop
  endfacet
  facet normal 0.380406 -0.328922 -0.864351
    outer loop
      vertex -9.68236 6.46955 4.62438
      vertex -11.1135 7.42581 3.63063
      vertex -9.00161 7.38743 4.57469
    endloop
  endfacet
  facet normal 0.803206 -0.595701 0
    outer loop
      vertex -9.68236 6.46955 4.62438
      vertex -9.00161 7.38743 5.36969
      vertex -9.68236 6.46955 5.41938
    endloop
  endfacet
  facet normal 0.803206 -0.595701 0
    outer loop
      vertex -9.00161 7.38743 5.36969
      vertex -9.68236 6.46955 4.62438
      vertex -9.00161 7.38743 4.57469
    endloop
  endfacet
  facet normal 0.425187 -0.26855 0.864348
    outer loop
      vertex -9.00161 7.38743 5.36969
      vertex -10.3321 8.47936 6.36344
      vertex -9.68236 6.46955 5.41938
    endloop
  endfacet
  facet normal 0.420318 -0.270898 0.865995
    outer loop
      vertex -10.3321 8.47936 6.36344
      vertex -11.1135 7.42581 6.41313
      vertex -9.68236 6.46955 5.41938
    endloop
  endfacet
  facet normal 0.803195 -0.595716 0
    outer loop
      vertex -11.1135 7.42581 6.41313
      vertex -10.3321 8.47936 7.6
      vertex -11.1135 7.42581 7.6
    endloop
  endfacet
  facet normal 0.803195 -0.595716 0
    outer loop
      vertex -10.3321 8.47936 7.6
      vertex -11.1135 7.42581 6.41313
      vertex -10.3321 8.47936 6.36344
    endloop
  endfacet
  facet normal 0.449613 -0.225389 0.864319
    outer loop
      vertex -11.037 7.37469 0
      vertex -11.1135 7.42581 0.0531254
      vertex -11.066 7.31684 0
    endloop
  endfacet
  facet normal 0.444789 -0.228332 0.866041
    outer loop
      vertex -11.7878 6.30074 0.102813
      vertex -11.066 7.31684 0
      vertex -11.1135 7.42581 0.0531254
    endloop
  endfacet
  facet normal 0.444923 -0.228438 0.865944
    outer loop
      vertex -11.066 7.31684 0
      vertex -11.7878 6.30074 0.102813
      vertex -11.6308 6.21679 0
    endloop
  endfacet
  facet normal 0.857742 -0.51408 0
    outer loop
      vertex -11.7878 6.30074 0.102813
      vertex -11.1135 7.42581 0.450625
      vertex -11.7878 6.30074 0.500313
    endloop
  endfacet
  facet normal 0.857742 -0.51408 0
    outer loop
      vertex -11.1135 7.42581 0.450625
      vertex -11.7878 6.30074 0.102813
      vertex -11.1135 7.42581 0.0531254
    endloop
  endfacet
  facet normal 0.411129 -0.284653 -0.865994
    outer loop
      vertex -9.68236 6.46955 1.44438
      vertex -11.7878 6.30074 0.500313
      vertex -11.1135 7.42581 0.450625
    endloop
  endfacet
  facet normal 0.410823 -0.290062 -0.864343
    outer loop
      vertex -10.2699 5.48936 1.49406
      vertex -11.7878 6.30074 0.500313
      vertex -9.68236 6.46955 1.44438
    endloop
  endfacet
  facet normal 0.857714 -0.514126 0
    outer loop
      vertex -10.2699 5.48936 1.49406
      vertex -9.68236 6.46955 2.23938
      vertex -10.2699 5.48936 2.28906
    endloop
  endfacet
  facet normal 0.857714 -0.514126 0
    outer loop
      vertex -9.68236 6.46955 2.23938
      vertex -10.2699 5.48936 1.49406
      vertex -9.68236 6.46955 1.44438
    endloop
  endfacet
  facet normal 0.449447 -0.225596 0.864352
    outer loop
      vertex -9.68236 6.46955 2.23938
      vertex -11.1135 7.42581 3.23313
      vertex -10.2699 5.48936 2.28906
    endloop
  endfacet
  facet normal 0.444868 -0.228388 0.865986
    outer loop
      vertex -11.1135 7.42581 3.23313
      vertex -11.7878 6.30074 3.28281
      vertex -10.2699 5.48936 2.28906
    endloop
  endfacet
  facet normal 0.857742 -0.51408 0
    outer loop
      vertex -11.7878 6.30074 3.28281
      vertex -11.1135 7.42581 3.63063
      vertex -11.7878 6.30074 3.68031
    endloop
  endfacet
  facet normal 0.857742 -0.51408 0
    outer loop
      vertex -11.1135 7.42581 3.63063
      vertex -11.7878 6.30074 3.28281
      vertex -11.1135 7.42581 3.23313
    endloop
  endfacet
  facet normal 0.411131 -0.284647 -0.865995
    outer loop
      vertex -9.68236 6.46955 4.62438
      vertex -11.7878 6.30074 3.68031
      vertex -11.1135 7.42581 3.63063
    endloop
  endfacet
  facet normal 0.410824 -0.290062 -0.864342
    outer loop
      vertex -10.2699 5.48936 4.67406
      vertex -11.7878 6.30074 3.68031
      vertex -9.68236 6.46955 4.62438
    endloop
  endfacet
  facet normal 0.857714 -0.514126 0
    outer loop
      vertex -10.2699 5.48936 4.67406
      vertex -9.68236 6.46955 5.41938
      vertex -10.2699 5.48936 5.46906
    endloop
  endfacet
  facet normal 0.857714 -0.514126 0
    outer loop
      vertex -9.68236 6.46955 5.41938
      vertex -10.2699 5.48936 4.67406
      vertex -9.68236 6.46955 4.62438
    endloop
  endfacet
  facet normal 0.449447 -0.225596 0.864352
    outer loop
      vertex -9.68236 6.46955 5.41938
      vertex -11.1135 7.42581 6.41313
      vertex -10.2699 5.48936 5.46906
    endloop
  endfacet
  facet normal 0.444868 -0.228388 0.865986
    outer loop
      vertex -11.1135 7.42581 6.41313
      vertex -11.7878 6.30074 6.46281
      vertex -10.2699 5.48936 5.46906
    endloop
  endfacet
  facet normal 0.857742 -0.51408 0
    outer loop
      vertex -11.7878 6.30074 6.46281
      vertex -11.1135 7.42581 7.6
      vertex -11.7878 6.30074 7.6
    endloop
  endfacet
  facet normal 0.857742 -0.51408 0
    outer loop
      vertex -11.1135 7.42581 7.6
      vertex -11.7878 6.30074 6.46281
      vertex -11.1135 7.42581 6.41313
    endloop
  endfacet
  facet normal 0.469565 -0.180324 0.864287
    outer loop
      vertex -11.6308 6.21679 0
      vertex -11.7878 6.30074 0.102813
      vertex -11.6757 6.09987 0
    endloop
  endfacet
  facet normal 0.465075 -0.183707 0.866
    outer loop
      vertex -12.3487 5.11498 0.1525
      vertex -11.6757 6.09987 0
      vertex -11.7878 6.30074 0.102813
    endloop
  endfacet
  facet normal 0.465008 -0.183653 0.866048
    outer loop
      vertex -11.6757 6.09987 0
      vertex -12.3487 5.11498 0.1525
      vertex -12.1046 5.0139 0
    endloop
  endfacet
  facet normal 0.903967 -0.427603 0
    outer loop
      vertex -12.3487 5.11498 0.1525
      vertex -11.7878 6.30074 0.500313
      vertex -12.3487 5.11498 0.55
    endloop
  endfacet
  facet normal 0.903967 -0.427603 0
    outer loop
      vertex -11.7878 6.30074 0.500313
      vertex -12.3487 5.11498 0.1525
      vertex -11.7878 6.30074 0.102813
    endloop
  endfacet
  facet normal 0.437044 -0.243022 -0.865987
    outer loop
      vertex -10.2699 5.48936 1.49406
      vertex -12.3487 5.11498 0.55
      vertex -11.7878 6.30074 0.500313
    endloop
  endfacet
  facet normal 0.437267 -0.248386 -0.864351
    outer loop
      vertex -10.7585 4.4563 1.54375
      vertex -12.3487 5.11498 0.55
      vertex -10.2699 5.48936 1.49406
    endloop
  endfacet
  facet normal 0.90399 -0.427554 0
    outer loop
      vertex -10.7585 4.4563 1.54375
      vertex -10.2699 5.48936 2.28906
      vertex -10.7585 4.4563 2.33875
    endloop
  endfacet
  facet normal 0.90399 -0.427554 0
    outer loop
      vertex -10.2699 5.48936 2.28906
      vertex -10.7585 4.4563 1.54375
      vertex -10.2699 5.48936 1.49406
    endloop
  endfacet
  facet normal 0.469419 -0.180444 0.864341
    outer loop
      vertex -10.2699 5.48936 2.28906
      vertex -11.7878 6.30074 3.28281
      vertex -10.7585 4.4563 2.33875
    endloop
  endfacet
  facet normal 0.465084 -0.183709 0.865995
    outer loop
      vertex -11.7878 6.30074 3.28281
      vertex -12.3487 5.11498 3.3325
      vertex -10.7585 4.4563 2.33875
    endloop
  endfacet
  facet normal 0.903967 -0.427603 0
    outer loop
      vertex -12.3487 5.11498 3.3325
      vertex -11.7878 6.30074 3.68031
      vertex -12.3487 5.11498 3.73
    endloop
  endfacet
  facet normal 0.903967 -0.427603 0
    outer loop
      vertex -11.7878 6.30074 3.68031
      vertex -12.3487 5.11498 3.3325
      vertex -11.7878 6.30074 3.28281
    endloop
  endfacet
  facet normal 0.437044 -0.243024 -0.865986
    outer loop
      vertex -10.2699 5.48936 4.67406
      vertex -12.3487 5.11498 3.73
      vertex -11.7878 6.30074 3.68031
    endloop
  endfacet
  facet normal 0.437267 -0.248386 -0.864351
    outer loop
      vertex -10.7585 4.4563 4.72375
      vertex -12.3487 5.11498 3.73
      vertex -10.2699 5.48936 4.67406
    endloop
  endfacet
  facet normal 0.90399 -0.427554 0
    outer loop
      vertex -10.7585 4.4563 4.72375
      vertex -10.2699 5.48936 5.46906
      vertex -10.7585 4.4563 5.51875
    endloop
  endfacet
  facet normal 0.90399 -0.427554 0
    outer loop
      vertex -10.2699 5.48936 5.46906
      vertex -10.7585 4.4563 4.72375
      vertex -10.2699 5.48936 4.67406
    endloop
  endfacet
  facet normal 0.469419 -0.180444 0.864341
    outer loop
      vertex -10.2699 5.48936 5.46906
      vertex -11.7878 6.30074 6.46281
      vertex -10.7585 4.4563 5.51875
    endloop
  endfacet
  facet normal 0.465084 -0.183709 0.865995
    outer loop
      vertex -11.7878 6.30074 6.46281
      vertex -12.3487 5.11498 6.5125
      vertex -10.7585 4.4563 5.51875
    endloop
  endfacet
  facet normal 0.903967 -0.427603 0
    outer loop
      vertex -12.3487 5.11498 6.5125
      vertex -11.7878 6.30074 7.6
      vertex -12.3487 5.11498 7.6
    endloop
  endfacet
  facet normal 0.903967 -0.427603 0
    outer loop
      vertex -11.7878 6.30074 7.6
      vertex -12.3487 5.11498 6.5125
      vertex -11.7878 6.30074 6.46281
    endloop
  endfacet
  facet normal 0.484687 -0.133666 0.864414
    outer loop
      vertex -12.1046 5.0139 0
      vertex -12.3487 5.11498 0.1525
      vertex -12.154 4.83477 0
    endloop
  endfacet
  facet normal 0.480838 -0.137207 0.866007
    outer loop
      vertex -12.7906 3.87997 0.202188
      vertex -12.154 4.83477 0
      vertex -12.3487 5.11498 0.1525
    endloop
  endfacet
  facet normal 0.480788 -0.137167 0.866042
    outer loop
      vertex -12.154 4.83477 0
      vertex -12.7906 3.87997 0.202188
      vertex -12.4554 3.77832 0
    endloop
  endfacet
  facet normal 0.941543 -0.336894 0
    outer loop
      vertex -12.7906 3.87997 0.202188
      vertex -12.3487 5.11498 0.55
      vertex -12.7906 3.87997 0.599688
    endloop
  endfacet
  facet normal 0.941543 -0.336894 0
    outer loop
      vertex -12.3487 5.11498 0.55
      vertex -12.7906 3.87997 0.202188
      vertex -12.3487 5.11498 0.1525
    endloop
  endfacet
  facet normal 0.458755 -0.198989 -0.865995
    outer loop
      vertex -10.7585 4.4563 1.54375
      vertex -12.7906 3.87997 0.599688
      vertex -12.3487 5.11498 0.55
    endloop
  endfacet
  facet normal 0.459501 -0.204292 -0.864363
    outer loop
      vertex -11.1434 3.38033 1.59344
      vertex -12.7906 3.87997 0.599688
      vertex -10.7585 4.4563 1.54375
    endloop
  endfacet
  facet normal 0.941569 -0.336821 0
    outer loop
      vertex -11.1434 3.38033 1.59344
      vertex -10.7585 4.4563 2.33875
      vertex -11.1434 3.38033 2.38844
    endloop
  endfacet
  facet normal 0.941569 -0.336821 0
    outer loop
      vertex -10.7585 4.4563 2.33875
      vertex -11.1434 3.38033 1.59344
      vertex -10.7585 4.4563 1.54375
    endloop
  endfacet
  facet normal 0.484843 -0.133523 0.864349
    outer loop
      vertex -10.7585 4.4563 2.33875
      vertex -12.3487 5.11498 3.3325
      vertex -11.1434 3.38033 2.38844
    endloop
  endfacet
  facet normal 0.48084 -0.137207 0.866006
    outer loop
      vertex -12.3487 5.11498 3.3325
      vertex -12.7906 3.87997 3.38219
      vertex -11.1434 3.38033 2.38844
    endloop
  endfacet
  facet normal 0.941543 -0.336894 0
    outer loop
      vertex -12.7906 3.87997 3.38219
      vertex -12.3487 5.11498 3.73
      vertex -12.7906 3.87997 3.77969
    endloop
  endfacet
  facet normal 0.941543 -0.336894 0
    outer loop
      vertex -12.3487 5.11498 3.73
      vertex -12.7906 3.87997 3.38219
      vertex -12.3487 5.11498 3.3325
    endloop
  endfacet
  facet normal 0.458755 -0.19899 -0.865995
    outer loop
      vertex -10.7585 4.4563 4.72375
      vertex -12.7906 3.87997 3.77969
      vertex -12.3487 5.11498 3.73
    endloop
  endfacet
  facet normal 0.4595 -0.204292 -0.864364
    outer loop
      vertex -11.1434 3.38033 4.77344
      vertex -12.7906 3.87997 3.77969
      vertex -10.7585 4.4563 4.72375
    endloop
  endfacet
  facet normal 0.941569 -0.336821 0
    outer loop
      vertex -11.1434 3.38033 4.77344
      vertex -10.7585 4.4563 5.51875
      vertex -11.1434 3.38033 5.56844
    endloop
  endfacet
  facet normal 0.941569 -0.336821 0
    outer loop
      vertex -10.7585 4.4563 5.51875
      vertex -11.1434 3.38033 4.77344
      vertex -10.7585 4.4563 4.72375
    endloop
  endfacet
  facet normal 0.484843 -0.133523 0.864349
    outer loop
      vertex -10.7585 4.4563 5.51875
      vertex -12.3487 5.11498 6.5125
      vertex -11.1434 3.38033 5.56844
    endloop
  endfacet
  facet normal 0.48084 -0.137207 0.866006
    outer loop
      vertex -12.3487 5.11498 6.5125
      vertex -12.7906 3.87997 6.56219
      vertex -11.1434 3.38033 5.56844
    endloop
  endfacet
  facet normal 0.941543 -0.336894 0
    outer loop
      vertex -12.7906 3.87997 6.56219
      vertex -12.3487 5.11498 7.6
      vertex -12.7906 3.87997 7.6
    endloop
  endfacet
  facet normal 0.941543 -0.336894 0
    outer loop
      vertex -12.3487 5.11498 7.6
      vertex -12.7906 3.87997 6.56219
      vertex -12.3487 5.11498 6.5125
    endloop
  endfacet
  facet normal 0.495466 -0.0855166 0.864408
    outer loop
      vertex -12.4554 3.77832 0
      vertex -12.7906 3.87997 0.202188
      vertex -12.4973 3.53556 0
    endloop
  endfacet
  facet normal 0.491987 -0.0894131 0.865999
    outer loop
      vertex -13.1093 2.6076 0.251876
      vertex -12.4973 3.53556 0
      vertex -12.7906 3.87997 0.202188
    endloop
  endfacet
  facet normal 0.491977 -0.0894044 0.866006
    outer loop
      vertex -12.4973 3.53556 0
      vertex -13.1093 2.6076 0.251876
      vertex -12.6814 2.52249 0
    endloop
  endfacet
  facet normal 0.970033 -0.242972 0
    outer loop
      vertex -13.1093 2.6076 0.251876
      vertex -12.7906 3.87997 0.599688
      vertex -13.1093 2.6076 0.649376
    endloop
  endfacet
  facet normal 0.970033 -0.242972 0
    outer loop
      vertex -12.7906 3.87997 0.599688
      vertex -13.1093 2.6076 0.251876
      vertex -12.7906 3.87997 0.202188
    endloop
  endfacet
  facet normal 0.476034 -0.153055 -0.866006
    outer loop
      vertex -11.1434 3.38033 1.59344
      vertex -13.1093 2.6076 0.649376
      vertex -12.7906 3.87997 0.599688
    endloop
  endfacet
  facet normal 0.47731 -0.158317 -0.864356
    outer loop
      vertex -11.4211 2.2718 1.64313
      vertex -13.1093 2.6076 0.649376
      vertex -11.1434 3.38033 1.59344
    endloop
  endfacet
  facet normal 0.970026 -0.243003 0
    outer loop
      vertex -11.4211 2.2718 1.64313
      vertex -11.1434 3.38033 2.38844
      vertex -11.4211 2.2718 2.43813
    endloop
  endfacet
  facet normal 0.970026 -0.243003 0
    outer loop
      vertex -11.1434 3.38033 2.38844
      vertex -11.4211 2.2718 1.64313
      vertex -11.1434 3.38033 1.59344
    endloop
  endfacet
  facet normal 0.495563 -0.0853994 0.864363
    outer loop
      vertex -11.1434 3.38033 2.38844
      vertex -12.7906 3.87997 3.38219
      vertex -11.4211 2.2718 2.43813
    endloop
  endfacet
  facet normal 0.491983 -0.0894105 0.866002
    outer loop
      vertex -12.7906 3.87997 3.38219
      vertex -13.1093 2.6076 3.43188
      vertex -11.4211 2.2718 2.43813
    endloop
  endfacet
  facet normal 0.970033 -0.242972 0
    outer loop
      vertex -13.1093 2.6076 3.43188
      vertex -12.7906 3.87997 3.77969
      vertex -13.1093 2.6076 3.82938
    endloop
  endfacet
  facet normal 0.970033 -0.242972 0
    outer loop
      vertex -12.7906 3.87997 3.77969
      vertex -13.1093 2.6076 3.43188
      vertex -12.7906 3.87997 3.38219
    endloop
  endfacet
  facet normal 0.476033 -0.153056 -0.866006
    outer loop
      vertex -11.1434 3.38033 4.77344
      vertex -13.1093 2.6076 3.82938
      vertex -12.7906 3.87997 3.77969
    endloop
  endfacet
  facet normal 0.477308 -0.158316 -0.864357
    outer loop
      vertex -11.4211 2.2718 4.82313
      vertex -13.1093 2.6076 3.82938
      vertex -11.1434 3.38033 4.77344
    endloop
  endfacet
  facet normal 0.970026 -0.243003 0
    outer loop
      vertex -11.4211 2.2718 4.82313
      vertex -11.1434 3.38033 5.56844
      vertex -11.4211 2.2718 5.61813
    endloop
  endfacet
  facet normal 0.970026 -0.243003 0
    outer loop
      vertex -11.1434 3.38033 5.56844
      vertex -11.4211 2.2718 4.82313
      vertex -11.1434 3.38033 4.77344
    endloop
  endfacet
  facet normal 0.495563 -0.0853994 0.864363
    outer loop
      vertex -11.1434 3.38033 5.56844
      vertex -12.7906 3.87997 6.56219
      vertex -11.4211 2.2718 5.61813
    endloop
  endfacet
  facet normal 0.491983 -0.0894105 0.866002
    outer loop
      vertex -12.7906 3.87997 6.56219
      vertex -13.1093 2.6076 6.61188
      vertex -11.4211 2.2718 5.61813
    endloop
  endfacet
  facet normal 0.970033 -0.242972 0
    outer loop
      vertex -13.1093 2.6076 6.61188
      vertex -12.7906 3.87997 7.6
      vertex -13.1093 2.6076 7.6
    endloop
  endfacet
  facet normal 0.970033 -0.242972 0
    outer loop
      vertex -12.7906 3.87997 7.6
      vertex -13.1093 2.6076 6.61188
      vertex -12.7906 3.87997 6.56219
    endloop
  endfacet
  facet normal 0.501555 -0.0363778 0.86436
    outer loop
      vertex -12.6814 2.52249 0
      vertex -13.1093 2.6076 0.251876
      vertex -12.7036 2.21641 0
    endloop
  endfacet
  facet normal 0.498372 -0.0407383 0.866006
    outer loop
      vertex -13.3017 1.31011 0.301563
      vertex -12.7036 2.21641 0
      vertex -13.1093 2.6076 0.251876
    endloop
  endfacet
  facet normal 0.498393 -0.0407563 0.865993
    outer loop
      vertex -12.7036 2.21641 0
      vertex -13.3017 1.31011 0.301563
      vertex -12.7819 1.25891 0
    endloop
  endfacet
  facet normal 0.989184 -0.146682 0
    outer loop
      vertex -13.3017 1.31011 0.301563
      vertex -13.1093 2.6076 0.649376
      vertex -13.3017 1.31011 0.699063
    endloop
  endfacet
  facet normal 0.989184 -0.146682 0
    outer loop
      vertex -13.1093 2.6076 0.649376
      vertex -13.3017 1.31011 0.301563
      vertex -13.1093 2.6076 0.251876
    endloop
  endfacet
  facet normal 0.488756 -0.105639 -0.866001
    outer loop
      vertex -11.4211 2.2718 1.64313
      vertex -13.3017 1.31011 0.699063
      vertex -13.1093 2.6076 0.649376
    endloop
  endfacet
  facet normal 0.490546 -0.110762 -0.864347
    outer loop
      vertex -11.5888 1.1414 1.69281
      vertex -13.3017 1.31011 0.699063
      vertex -11.4211 2.2718 1.64313
    endloop
  endfacet
  facet normal 0.989174 -0.146748 0
    outer loop
      vertex -11.5888 1.1414 1.69281
      vertex -11.4211 2.2718 2.43813
      vertex -11.5888 1.1414 2.48781
    endloop
  endfacet
  facet normal 0.989174 -0.146748 0
    outer loop
      vertex -11.4211 2.2718 2.43813
      vertex -11.5888 1.1414 1.69281
      vertex -11.4211 2.2718 1.64313
    endloop
  endfacet
  facet normal 0.501556 -0.0364203 0.864358
    outer loop
      vertex -11.4211 2.2718 2.43813
      vertex -13.1093 2.6076 3.43188
      vertex -11.5888 1.1414 2.48781
    endloop
  endfacet
  facet normal 0.498397 -0.0407472 0.865991
    outer loop
      vertex -13.1093 2.6076 3.43188
      vertex -13.3017 1.31011 3.48156
      vertex -11.5888 1.1414 2.48781
    endloop
  endfacet
  facet normal 0.989184 -0.146682 0
    outer loop
      vertex -13.3017 1.31011 3.48156
      vertex -13.1093 2.6076 3.82938
      vertex -13.3017 1.31011 3.87906
    endloop
  endfacet
  facet normal 0.989184 -0.146682 0
    outer loop
      vertex -13.1093 2.6076 3.82938
      vertex -13.3017 1.31011 3.48156
      vertex -13.1093 2.6076 3.43188
    endloop
  endfacet
  facet normal 0.488756 -0.105634 -0.866002
    outer loop
      vertex -11.4211 2.2718 4.82313
      vertex -13.3017 1.31011 3.87906
      vertex -13.1093 2.6076 3.82938
    endloop
  endfacet
  facet normal 0.490547 -0.110762 -0.864347
    outer loop
      vertex -11.5888 1.1414 4.87281
      vertex -13.3017 1.31011 3.87906
      vertex -11.4211 2.2718 4.82313
    endloop
  endfacet
  facet normal 0.989174 -0.146748 0
    outer loop
      vertex -11.5888 1.1414 4.87281
      vertex -11.4211 2.2718 5.61813
      vertex -11.5888 1.1414 5.66781
    endloop
  endfacet
  facet normal 0.989174 -0.146748 0
    outer loop
      vertex -11.4211 2.2718 5.61813
      vertex -11.5888 1.1414 4.87281
      vertex -11.4211 2.2718 4.82313
    endloop
  endfacet
  facet normal 0.501556 -0.0364203 0.864358
    outer loop
      vertex -11.4211 2.2718 5.61813
      vertex -13.1093 2.6076 6.61188
      vertex -11.5888 1.1414 5.66781
    endloop
  endfacet
  facet normal 0.498397 -0.0407472 0.865991
    outer loop
      vertex -13.1093 2.6076 6.61188
      vertex -13.3017 1.31011 6.66156
      vertex -11.5888 1.1414 5.66781
    endloop
  endfacet
  facet normal 0.989184 -0.146682 0
    outer loop
      vertex -13.3017 1.31011 6.66156
      vertex -13.1093 2.6076 7.6
      vertex -13.3017 1.31011 7.6
    endloop
  endfacet
  facet normal 0.989184 -0.146682 0
    outer loop
      vertex -13.1093 2.6076 7.6
      vertex -13.3017 1.31011 6.66156
      vertex -13.1093 2.6076 6.61188
    endloop
  endfacet
  facet normal 0.502723 0.012866 0.864352
    outer loop
      vertex -12.7819 1.25891 0
      vertex -13.3017 1.31011 0.301563
      vertex -12.7725 0.891617 0
    endloop
  endfacet
  facet normal 0.500012 0.00826498 0.865979
    outer loop
      vertex -13.3661 0 0.351251
      vertex -12.7725 0.891617 0
      vertex -13.3017 1.31011 0.301563
    endloop
  endfacet
  facet normal 0.499973 0.00829908 0.866001
    outer loop
      vertex -12.7725 0.891617 0
      vertex -13.3661 0 0.351251
      vertex -12.7577 0 0
    endloop
  endfacet
  facet normal 0.998794 -0.0490969 0
    outer loop
      vertex -13.3661 0 0.351251
      vertex -13.3017 1.31011 0.699063
      vertex -13.3661 0 0.748751
    endloop
  endfacet
  facet normal 0.998794 -0.0490969 0
    outer loop
      vertex -13.3017 1.31011 0.699063
      vertex -13.3661 0 0.351251
      vertex -13.3017 1.31011 0.301563
    endloop
  endfacet
  facet normal 0.496769 -0.0572634 -0.865992
    outer loop
      vertex -11.5888 1.1414 1.69281
      vertex -13.3661 0 0.748751
      vertex -13.3017 1.31011 0.699063
    endloop
  endfacet
  facet normal 0.499038 -0.0621566 -0.864348
    outer loop
      vertex -11.6449 0 1.7425
      vertex -13.3661 0 0.748751
      vertex -11.5888 1.1414 1.69281
    endloop
  endfacet
  facet normal 0.998794 -0.0490909 0
    outer loop
      vertex -11.6449 0 1.7425
      vertex -11.5888 1.1414 2.48781
      vertex -11.6449 0 2.5375
    endloop
  endfacet
  facet normal 0.998794 -0.0490909 0
    outer loop
      vertex -11.5888 1.1414 2.48781
      vertex -11.6449 0 1.7425
      vertex -11.5888 1.1414 1.69281
    endloop
  endfacet
  facet normal 0.502729 0.0129195 0.864347
    outer loop
      vertex -11.5888 1.1414 2.48781
      vertex -13.3017 1.31011 3.48156
      vertex -11.6449 0 2.5375
    endloop
  endfacet
  facet normal 0.499988 0.00826794 0.865993
    outer loop
      vertex -13.3017 1.31011 3.48156
      vertex -13.3661 0 3.53125
      vertex -11.6449 0 2.5375
    endloop
  endfacet
  facet normal 0.998794 -0.0490969 0
    outer loop
      vertex -13.3661 0 3.53125
      vertex -13.3017 1.31011 3.87906
      vertex -13.3661 0 3.92875
    endloop
  endfacet
  facet normal 0.998794 -0.0490969 0
    outer loop
      vertex -13.3017 1.31011 3.87906
      vertex -13.3661 0 3.53125
      vertex -13.3017 1.31011 3.48156
    endloop
  endfacet
  facet normal 0.49677 -0.0572647 -0.865991
    outer loop
      vertex -11.5888 1.1414 4.87281
      vertex -13.3661 0 3.92875
      vertex -13.3017 1.31011 3.87906
    endloop
  endfacet
  facet normal 0.499039 -0.0621566 -0.864348
    outer loop
      vertex -11.6449 0 4.9225
      vertex -13.3661 0 3.92875
      vertex -11.5888 1.1414 4.87281
    endloop
  endfacet
  facet normal 0.998794 -0.0490909 0
    outer loop
      vertex -11.6449 0 4.9225
      vertex -11.5888 1.1414 5.66781
      vertex -11.6449 0 5.7175
    endloop
  endfacet
  facet normal 0.998794 -0.0490909 0
    outer loop
      vertex -11.5888 1.1414 5.66781
      vertex -11.6449 0 4.9225
      vertex -11.5888 1.1414 4.87281
    endloop
  endfacet
  facet normal 0.502729 0.0129195 0.864347
    outer loop
      vertex -11.5888 1.1414 5.66781
      vertex -13.3017 1.31011 6.66156
      vertex -11.6449 0 5.7175
    endloop
  endfacet
  facet normal 0.499988 0.00826794 0.865993
    outer loop
      vertex -13.3017 1.31011 6.66156
      vertex -13.3661 0 6.71125
      vertex -11.6449 0 5.7175
    endloop
  endfacet
  facet normal 0.998794 -0.0490969 0
    outer loop
      vertex -13.3661 0 6.71125
      vertex -13.3017 1.31011 7.6
      vertex -13.3661 0 7.6
    endloop
  endfacet
  facet normal 0.998794 -0.0490969 0
    outer loop
      vertex -13.3017 1.31011 7.6
      vertex -13.3661 0 6.71125
      vertex -13.3017 1.31011 6.66156
    endloop
  endfacet
  facet normal 0 0 -1
    outer loop
      vertex 13.3017 -1.31011 7.6
      vertex 13.3017 1.31011 7.6
      vertex 13.3661 0 7.6
    endloop
  endfacet
  facet normal 0 0 -1
    outer loop
      vertex 13.1093 -2.6076 7.6
      vertex 13.3017 1.31011 7.6
      vertex 13.3017 -1.31011 7.6
    endloop
  endfacet
  facet normal 0 0 -1
    outer loop
      vertex 13.1093 -2.6076 7.6
      vertex 13.1093 2.6076 7.6
      vertex 13.3017 1.31011 7.6
    endloop
  endfacet
  facet normal 0 0 -1
    outer loop
      vertex 12.7906 -3.87997 7.6
      vertex 13.1093 2.6076 7.6
      vertex 13.1093 -2.6076 7.6
    endloop
  endfacet
  facet normal 0 0 -1
    outer loop
      vertex 12.7906 -3.87997 7.6
      vertex 12.7906 3.87997 7.6
      vertex 13.1093 2.6076 7.6
    endloop
  endfacet
  facet normal 0 0 -1
    outer loop
      vertex 12.3487 -5.11498 7.6
      vertex 12.7906 3.87997 7.6
      vertex 12.7906 -3.87997 7.6
    endloop
  endfacet
  facet normal 0 0 -1
    outer loop
      vertex 12.3487 -5.11498 7.6
      vertex 12.3487 5.11498 7.6
      vertex 12.7906 3.87997 7.6
    endloop
  endfacet
  facet normal 0 0 -1
    outer loop
      vertex 11.7878 -6.30074 7.6
      vertex 12.3487 5.11498 7.6
      vertex 12.3487 -5.11498 7.6
    endloop
  endfacet
  facet normal 0 0 -1
    outer loop
      vertex 11.7878 -6.30074 7.6
      vertex 11.7878 6.30074 7.6
      vertex 12.3487 5.11498 7.6
    endloop
  endfacet
  facet normal 0 0 -1
    outer loop
      vertex 11.1135 -7.42581 7.6
      vertex 11.7878 6.30074 7.6
      vertex 11.7878 -6.30074 7.6
    endloop
  endfacet
  facet normal 0 0 -1
    outer loop
      vertex 11.1135 -7.42581 7.6
      vertex 11.1135 7.42581 7.6
      vertex 11.7878 6.30074 7.6
    endloop
  endfacet
  facet normal 0 0 -1
    outer loop
      vertex 10.3321 -8.47936 7.6
      vertex 11.1135 7.42581 7.6
      vertex 11.1135 -7.42581 7.6
    endloop
  endfacet
  facet normal 0 0 -1
    outer loop
      vertex 10.3321 -8.47936 7.6
      vertex 10.3321 8.47936 7.6
      vertex 11.1135 7.42581 7.6
    endloop
  endfacet
  facet normal 0 0 -1
    outer loop
      vertex 9.45126 -9.45126 7.6
      vertex 10.3321 8.47936 7.6
      vertex 10.3321 -8.47936 7.6
    endloop
  endfacet
  facet normal 0 0 -1
    outer loop
      vertex 9.45126 -9.45126 7.6
      vertex 9.45126 9.45126 7.6
      vertex 10.3321 8.47936 7.6
    endloop
  endfacet
  facet normal 0 0 -1
    outer loop
      vertex 8.47936 -10.3321 7.6
      vertex 9.45126 9.45126 7.6
      vertex 9.45126 -9.45126 7.6
    endloop
  endfacet
  facet normal 0 0 -1
    outer loop
      vertex 8.47936 -10.3321 7.6
      vertex 8.47936 10.3321 7.6
      vertex 9.45126 9.45126 7.6
    endloop
  endfacet
  facet normal 0 0 -1
    outer loop
      vertex 7.42581 -11.1135 7.6
      vertex 8.47936 10.3321 7.6
      vertex 8.47936 -10.3321 7.6
    endloop
  endfacet
  facet normal 0 0 -1
    outer loop
      vertex 7.42581 -11.1135 7.6
      vertex 7.42581 11.1135 7.6
      vertex 8.47936 10.3321 7.6
    endloop
  endfacet
  facet normal 0 0 -1
    outer loop
      vertex 6.30074 -11.7878 7.6
      vertex 7.42581 11.1135 7.6
      vertex 7.42581 -11.1135 7.6
    endloop
  endfacet
  facet normal 0 0 -1
    outer loop
      vertex 6.30074 -11.7878 7.6
      vertex 6.30074 11.7878 7.6
      vertex 7.42581 11.1135 7.6
    endloop
  endfacet
  facet normal 0 0 -1
    outer loop
      vertex 5.11498 -12.3487 7.6
      vertex 6.30074 11.7878 7.6
      vertex 6.30074 -11.7878 7.6
    endloop
  endfacet
  facet normal 0 0 -1
    outer loop
      vertex 5.11498 -12.3487 7.6
      vertex 5.11498 12.3487 7.6
      vertex 6.30074 11.7878 7.6
    endloop
  endfacet
  facet normal 0 0 -1
    outer loop
      vertex 3.87997 -12.7906 7.6
      vertex 5.11498 12.3487 7.6
      vertex 5.11498 -12.3487 7.6
    endloop
  endfacet
  facet normal 0 0 -1
    outer loop
      vertex 3.87997 -12.7906 7.6
      vertex 3.87997 12.7906 7.6
      vertex 5.11498 12.3487 7.6
    endloop
  endfacet
  facet normal 0 0 -1
    outer loop
      vertex 2.6076 -13.1093 7.6
      vertex 3.87997 12.7906 7.6
      vertex 3.87997 -12.7906 7.6
    endloop
  endfacet
  facet normal 0 0 -1
    outer loop
      vertex 2.6076 -13.1093 7.6
      vertex 2.6076 13.1093 7.6
      vertex 3.87997 12.7906 7.6
    endloop
  endfacet
  facet normal 0 0 -1
    outer loop
      vertex 1.31011 -13.3017 7.6
      vertex 2.6076 13.1093 7.6
      vertex 2.6076 -13.1093 7.6
    endloop
  endfacet
  facet normal 0 0 -1
    outer loop
      vertex 1.31011 -13.3017 7.6
      vertex 1.31011 13.3017 7.6
      vertex 2.6076 13.1093 7.6
    endloop
  endfacet
  facet normal 0 0 -1
    outer loop
      vertex 0 -13.3661 7.6
      vertex 1.31011 13.3017 7.6
      vertex 1.31011 -13.3017 7.6
    endloop
  endfacet
  facet normal 0 0 -1
    outer loop
      vertex 0 -13.3661 7.6
      vertex 0 13.3661 7.6
      vertex 1.31011 13.3017 7.6
    endloop
  endfacet
  facet normal 0 0 -1
    outer loop
      vertex -1.31011 -13.3017 7.6
      vertex 0 13.3661 7.6
      vertex 0 -13.3661 7.6
    endloop
  endfacet
  facet normal 0 0 -1
    outer loop
      vertex -1.31011 -13.3017 7.6
      vertex -1.31011 13.3017 7.6
      vertex 0 13.3661 7.6
    endloop
  endfacet
  facet normal 0 0 -1
    outer loop
      vertex -2.6076 -13.1093 7.6
      vertex -1.31011 13.3017 7.6
      vertex -1.31011 -13.3017 7.6
    endloop
  endfacet
  facet normal 0 0 -1
    outer loop
      vertex -2.6076 -13.1093 7.6
      vertex -2.6076 13.1093 7.6
      vertex -1.31011 13.3017 7.6
    endloop
  endfacet
  facet normal 0 0 -1
    outer loop
      vertex -3.87997 -12.7906 7.6
      vertex -2.6076 13.1093 7.6
      vertex -2.6076 -13.1093 7.6
    endloop
  endfacet
  facet normal 0 0 -1
    outer loop
      vertex -3.87997 -12.7906 7.6
      vertex -3.87997 12.7906 7.6
      vertex -2.6076 13.1093 7.6
    endloop
  endfacet
  facet normal 0 0 -1
    outer loop
      vertex -5.11498 -12.3487 7.6
      vertex -3.87997 12.7906 7.6
      vertex -3.87997 -12.7906 7.6
    endloop
  endfacet
  facet normal 0 0 -1
    outer loop
      vertex -5.11498 -12.3487 7.6
      vertex -5.11498 12.3487 7.6
      vertex -3.87997 12.7906 7.6
    endloop
  endfacet
  facet normal 0 0 -1
    outer loop
      vertex -6.30074 -11.7878 7.6
      vertex -5.11498 12.3487 7.6
      vertex -5.11498 -12.3487 7.6
    endloop
  endfacet
  facet normal 0 0 -1
    outer loop
      vertex -6.30074 -11.7878 7.6
      vertex -6.30074 11.7878 7.6
      vertex -5.11498 12.3487 7.6
    endloop
  endfacet
  facet normal 0 0 -1
    outer loop
      vertex -7.42581 -11.1135 7.6
      vertex -6.30074 11.7878 7.6
      vertex -6.30074 -11.7878 7.6
    endloop
  endfacet
  facet normal 0 0 -1
    outer loop
      vertex -7.42581 -11.1135 7.6
      vertex -7.42581 11.1135 7.6
      vertex -6.30074 11.7878 7.6
    endloop
  endfacet
  facet normal 0 0 -1
    outer loop
      vertex -8.47936 -10.3321 7.6
      vertex -7.42581 11.1135 7.6
      vertex -7.42581 -11.1135 7.6
    endloop
  endfacet
  facet normal 0 0 -1
    outer loop
      vertex -8.47936 -10.3321 7.6
      vertex -8.47936 10.3321 7.6
      vertex -7.42581 11.1135 7.6
    endloop
  endfacet
  facet normal 0 0 -1
    outer loop
      vertex -9.45126 -9.45126 7.6
      vertex -8.47936 10.3321 7.6
      vertex -8.47936 -10.3321 7.6
    endloop
  endfacet
  facet normal 0 0 -1
    outer loop
      vertex -9.45126 -9.45126 7.6
      vertex -9.45126 9.45126 7.6
      vertex -8.47936 10.3321 7.6
    endloop
  endfacet
  facet normal 0 0 -1
    outer loop
      vertex -10.3321 -8.47936 7.6
      vertex -9.45126 9.45126 7.6
      vertex -9.45126 -9.45126 7.6
    endloop
  endfacet
  facet normal 0 0 -1
    outer loop
      vertex -10.3321 -8.47936 7.6
      vertex -10.3321 8.47936 7.6
      vertex -9.45126 9.45126 7.6
    endloop
  endfacet
  facet normal 0 0 -1
    outer loop
      vertex -11.1135 -7.42581 7.6
      vertex -10.3321 8.47936 7.6
      vertex -10.3321 -8.47936 7.6
    endloop
  endfacet
  facet normal 0 0 -1
    outer loop
      vertex -11.1135 -7.42581 7.6
      vertex -11.1135 7.42581 7.6
      vertex -10.3321 8.47936 7.6
    endloop
  endfacet
  facet normal 0 0 -1
    outer loop
      vertex -11.7878 -6.30074 7.6
      vertex -11.1135 7.42581 7.6
      vertex -11.1135 -7.42581 7.6
    endloop
  endfacet
  facet normal 0 0 -1
    outer loop
      vertex -11.7878 -6.30074 7.6
      vertex -11.7878 6.30074 7.6
      vertex -11.1135 7.42581 7.6
    endloop
  endfacet
  facet normal 0 0 -1
    outer loop
      vertex -12.3487 -5.11498 7.6
      vertex -11.7878 6.30074 7.6
      vertex -11.7878 -6.30074 7.6
    endloop
  endfacet
  facet normal 0 0 -1
    outer loop
      vertex -12.3487 -5.11498 7.6
      vertex -12.3487 5.11498 7.6
      vertex -11.7878 6.30074 7.6
    endloop
  endfacet
  facet normal 0 0 -1
    outer loop
      vertex -12.7906 -3.87997 7.6
      vertex -12.3487 5.11498 7.6
      vertex -12.3487 -5.11498 7.6
    endloop
  endfacet
  facet normal 0 0 -1
    outer loop
      vertex -12.7906 -3.87997 7.6
      vertex -12.7906 3.87997 7.6
      vertex -12.3487 5.11498 7.6
    endloop
  endfacet
  facet normal 0 0 -1
    outer loop
      vertex -13.1093 -2.6076 7.6
      vertex -12.7906 3.87997 7.6
      vertex -12.7906 -3.87997 7.6
    endloop
  endfacet
  facet normal 0 0 -1
    outer loop
      vertex -13.1093 -2.6076 7.6
      vertex -13.1093 2.6076 7.6
      vertex -12.7906 3.87997 7.6
    endloop
  endfacet
  facet normal 0 0 -1
    outer loop
      vertex -13.3017 -1.31011 7.6
      vertex -13.1093 2.6076 7.6
      vertex -13.1093 -2.6076 7.6
    endloop
  endfacet
  facet normal 0 0 -1
    outer loop
      vertex -13.3017 -1.31011 7.6
      vertex -13.3017 1.31011 7.6
      vertex -13.1093 2.6076 7.6
    endloop
  endfacet
  facet normal 0 -0 -1
    outer loop
      vertex -13.3017 1.31011 7.6
      vertex -13.3017 -1.31011 7.6
      vertex -13.3661 0 7.6
    endloop
  endfacet
  facet normal 0.471396 -0.881922 0
    outer loop
      vertex -2.22228 3.32588 78
      vertex -1.53073 3.69552 88
      vertex -2.22228 3.32588 88
    endloop
  endfacet
  facet normal 0.471396 -0.881922 0
    outer loop
      vertex -1.53073 3.69552 88
      vertex -2.22228 3.32588 78
      vertex -1.53073 3.69552 78
    endloop
  endfacet
  facet normal -0.471396 -0.881922 0
    outer loop
      vertex 1.53073 3.69552 78
      vertex 2.22228 3.32588 88
      vertex 1.53073 3.69552 88
    endloop
  endfacet
  facet normal -0.471396 -0.881922 -0
    outer loop
      vertex 2.22228 3.32588 88
      vertex 1.53073 3.69552 78
      vertex 2.22228 3.32588 78
    endloop
  endfacet
  facet normal -0.956941 -0.290282 0
    outer loop
      vertex 3.92314 0.780361 78
      vertex 3.69552 1.53073 88
      vertex 3.69552 1.53073 78
    endloop
  endfacet
  facet normal -0.956941 -0.290282 0
    outer loop
      vertex 3.69552 1.53073 88
      vertex 3.92314 0.780361 78
      vertex 3.92314 0.780361 88
    endloop
  endfacet
  facet normal -0.995185 -0.0980186 0
    outer loop
      vertex 4 0 78
      vertex 3.92314 0.780361 88
      vertex 3.92314 0.780361 78
    endloop
  endfacet
  facet normal -0.995185 -0.0980186 0
    outer loop
      vertex 3.92314 0.780361 88
      vertex 4 0 78
      vertex 4 0 88
    endloop
  endfacet
  facet normal -0.881922 -0.471396 0
    outer loop
      vertex 3.69552 1.53073 78
      vertex 3.32588 2.22228 88
      vertex 3.32588 2.22228 78
    endloop
  endfacet
  facet normal -0.881922 -0.471396 0
    outer loop
      vertex 3.32588 2.22228 88
      vertex 3.69552 1.53073 78
      vertex 3.69552 1.53073 88
    endloop
  endfacet
  facet normal -0.0980186 -0.995185 0
    outer loop
      vertex 0 4 78
      vertex 0.780361 3.92314 88
      vertex 0 4 88
    endloop
  endfacet
  facet normal -0.0980186 -0.995185 -0
    outer loop
      vertex 0.780361 3.92314 88
      vertex 0 4 78
      vertex 0.780361 3.92314 78
    endloop
  endfacet
  facet normal -0.0980186 0.995185 0
    outer loop
      vertex 0.780361 -3.92314 78
      vertex 0 -4 88
      vertex 0.780361 -3.92314 88
    endloop
  endfacet
  facet normal -0.0980186 0.995185 0
    outer loop
      vertex 0 -4 88
      vertex 0.780361 -3.92314 78
      vertex 0 -4 78
    endloop
  endfacet
  facet normal -0.290282 -0.956941 0
    outer loop
      vertex 0.780361 3.92314 78
      vertex 1.53073 3.69552 88
      vertex 0.780361 3.92314 88
    endloop
  endfacet
  facet normal -0.290282 -0.956941 -0
    outer loop
      vertex 1.53073 3.69552 88
      vertex 0.780361 3.92314 78
      vertex 1.53073 3.69552 78
    endloop
  endfacet
  facet normal -0.63439 -0.773013 0
    outer loop
      vertex 2.22228 3.32588 78
      vertex 2.82843 2.82843 88
      vertex 2.22228 3.32588 88
    endloop
  endfacet
  facet normal -0.63439 -0.773013 -0
    outer loop
      vertex 2.82843 2.82843 88
      vertex 2.22228 3.32588 78
      vertex 2.82843 2.82843 78
    endloop
  endfacet
  facet normal -0.773013 0.63439 0
    outer loop
      vertex 2.82843 -2.82843 78
      vertex 3.32588 -2.22228 88
      vertex 3.32588 -2.22228 78
    endloop
  endfacet
  facet normal -0.773013 0.63439 0
    outer loop
      vertex 3.32588 -2.22228 88
      vertex 2.82843 -2.82843 78
      vertex 2.82843 -2.82843 88
    endloop
  endfacet
  facet normal 0.63439 -0.773013 0
    outer loop
      vertex -2.82843 2.82843 78
      vertex -2.22228 3.32588 88
      vertex -2.82843 2.82843 88
    endloop
  endfacet
  facet normal 0.63439 -0.773013 0
    outer loop
      vertex -2.22228 3.32588 88
      vertex -2.82843 2.82843 78
      vertex -2.22228 3.32588 78
    endloop
  endfacet
  facet normal -0.471396 0.881922 0
    outer loop
      vertex 2.22228 -3.32588 78
      vertex 1.53073 -3.69552 88
      vertex 2.22228 -3.32588 88
    endloop
  endfacet
  facet normal -0.471396 0.881922 0
    outer loop
      vertex 1.53073 -3.69552 88
      vertex 2.22228 -3.32588 78
      vertex 1.53073 -3.69552 78
    endloop
  endfacet
  facet normal 0.881922 0.471396 0
    outer loop
      vertex -3.32588 -2.22228 88
      vertex -3.69552 -1.53073 78
      vertex -3.69552 -1.53073 88
    endloop
  endfacet
  facet normal 0.881922 0.471396 0
    outer loop
      vertex -3.69552 -1.53073 78
      vertex -3.32588 -2.22228 88
      vertex -3.32588 -2.22228 78
    endloop
  endfacet
  facet normal -0.995185 0.0980186 0
    outer loop
      vertex 3.92314 -0.780361 78
      vertex 4 0 88
      vertex 4 0 78
    endloop
  endfacet
  facet normal -0.995185 0.0980186 0
    outer loop
      vertex 4 0 88
      vertex 3.92314 -0.780361 78
      vertex 3.92314 -0.780361 88
    endloop
  endfacet
  facet normal 0.471396 0.881922 -0
    outer loop
      vertex -1.53073 -3.69552 78
      vertex -2.22228 -3.32588 88
      vertex -1.53073 -3.69552 88
    endloop
  endfacet
  facet normal 0.471396 0.881922 0
    outer loop
      vertex -2.22228 -3.32588 88
      vertex -1.53073 -3.69552 78
      vertex -2.22228 -3.32588 78
    endloop
  endfacet
  facet normal 0.290282 -0.956941 0
    outer loop
      vertex -1.53073 3.69552 78
      vertex -0.780361 3.92314 88
      vertex -1.53073 3.69552 88
    endloop
  endfacet
  facet normal 0.290282 -0.956941 0
    outer loop
      vertex -0.780361 3.92314 88
      vertex -1.53073 3.69552 78
      vertex -0.780361 3.92314 78
    endloop
  endfacet
  facet normal 0.0980186 0.995185 -0
    outer loop
      vertex 0 -4 78
      vertex -0.780361 -3.92314 88
      vertex 0 -4 88
    endloop
  endfacet
  facet normal 0.0980186 0.995185 0
    outer loop
      vertex -0.780361 -3.92314 88
      vertex 0 -4 78
      vertex -0.780361 -3.92314 78
    endloop
  endfacet
  facet normal 0 0 1
    outer loop
      vertex 3.92314 0.780361 78
      vertex 3.92314 -0.780361 78
      vertex 4 0 78
    endloop
  endfacet
  facet normal 0 0 1
    outer loop
      vertex 3.69552 1.53073 78
      vertex 3.92314 -0.780361 78
      vertex 3.92314 0.780361 78
    endloop
  endfacet
  facet normal 0 0 1
    outer loop
      vertex 3.69552 1.53073 78
      vertex 3.69552 -1.53073 78
      vertex 3.92314 -0.780361 78
    endloop
  endfacet
  facet normal 0 0 1
    outer loop
      vertex 3.32588 2.22228 78
      vertex 3.69552 -1.53073 78
      vertex 3.69552 1.53073 78
    endloop
  endfacet
  facet normal 0 0 1
    outer loop
      vertex 3.32588 2.22228 78
      vertex 3.32588 -2.22228 78
      vertex 3.69552 -1.53073 78
    endloop
  endfacet
  facet normal 0 0 1
    outer loop
      vertex 2.82843 2.82843 78
      vertex 3.32588 -2.22228 78
      vertex 3.32588 2.22228 78
    endloop
  endfacet
  facet normal 0 0 1
    outer loop
      vertex 2.82843 2.82843 78
      vertex 2.82843 -2.82843 78
      vertex 3.32588 -2.22228 78
    endloop
  endfacet
  facet normal 0 0 1
    outer loop
      vertex 2.22228 3.32588 78
      vertex 2.82843 -2.82843 78
      vertex 2.82843 2.82843 78
    endloop
  endfacet
  facet normal 0 0 1
    outer loop
      vertex 2.22228 3.32588 78
      vertex 2.22228 -3.32588 78
      vertex 2.82843 -2.82843 78
    endloop
  endfacet
  facet normal 0 0 1
    outer loop
      vertex 1.53073 3.69552 78
      vertex 2.22228 -3.32588 78
      vertex 2.22228 3.32588 78
    endloop
  endfacet
  facet normal 0 0 1
    outer loop
      vertex 1.53073 3.69552 78
      vertex 1.53073 -3.69552 78
      vertex 2.22228 -3.32588 78
    endloop
  endfacet
  facet normal 0 0 1
    outer loop
      vertex 0.780361 3.92314 78
      vertex 1.53073 -3.69552 78
      vertex 1.53073 3.69552 78
    endloop
  endfacet
  facet normal 0 0 1
    outer loop
      vertex 0.780361 3.92314 78
      vertex 0.780361 -3.92314 78
      vertex 1.53073 -3.69552 78
    endloop
  endfacet
  facet normal 0 0 1
    outer loop
      vertex 0 4 78
      vertex 0.780361 -3.92314 78
      vertex 0.780361 3.92314 78
    endloop
  endfacet
  facet normal 0 0 1
    outer loop
      vertex 0 4 78
      vertex 0 -4 78
      vertex 0.780361 -3.92314 78
    endloop
  endfacet
  facet normal -0 0 1
    outer loop
      vertex -0.780361 3.92314 78
      vertex 0 -4 78
      vertex 0 4 78
    endloop
  endfacet
  facet normal 0 0 1
    outer loop
      vertex -0.780361 3.92314 78
      vertex -0.780361 -3.92314 78
      vertex 0 -4 78
    endloop
  endfacet
  facet normal -0 0 1
    outer loop
      vertex -1.53073 3.69552 78
      vertex -0.780361 -3.92314 78
      vertex -0.780361 3.92314 78
    endloop
  endfacet
  facet normal 0 0 1
    outer loop
      vertex -1.53073 3.69552 78
      vertex -1.53073 -3.69552 78
      vertex -0.780361 -3.92314 78
    endloop
  endfacet
  facet normal -0 0 1
    outer loop
      vertex -2.22228 3.32588 78
      vertex -1.53073 -3.69552 78
      vertex -1.53073 3.69552 78
    endloop
  endfacet
  facet normal 0 0 1
    outer loop
      vertex -2.22228 3.32588 78
      vertex -2.22228 -3.32588 78
      vertex -1.53073 -3.69552 78
    endloop
  endfacet
  facet normal -0 0 1
    outer loop
      vertex -2.82843 2.82843 78
      vertex -2.22228 -3.32588 78
      vertex -2.22228 3.32588 78
    endloop
  endfacet
  facet normal 0 0 1
    outer loop
      vertex -2.82843 2.82843 78
      vertex -2.82843 -2.82843 78
      vertex -2.22228 -3.32588 78
    endloop
  endfacet
  facet normal -0 0 1
    outer loop
      vertex -3.32588 2.22228 78
      vertex -2.82843 -2.82843 78
      vertex -2.82843 2.82843 78
    endloop
  endfacet
  facet normal 0 0 1
    outer loop
      vertex -3.32588 2.22228 78
      vertex -3.32588 -2.22228 78
      vertex -2.82843 -2.82843 78
    endloop
  endfacet
  facet normal -0 0 1
    outer loop
      vertex -3.69552 1.53073 78
      vertex -3.32588 -2.22228 78
      vertex -3.32588 2.22228 78
    endloop
  endfacet
  facet normal 0 0 1
    outer loop
      vertex -3.69552 1.53073 78
      vertex -3.69552 -1.53073 78
      vertex -3.32588 -2.22228 78
    endloop
  endfacet
  facet normal -0 0 1
    outer loop
      vertex -3.92314 0.780361 78
      vertex -3.69552 -1.53073 78
      vertex -3.69552 1.53073 78
    endloop
  endfacet
  facet normal 0 0 1
    outer loop
      vertex -3.92314 0.780361 78
      vertex -3.92314 -0.780361 78
      vertex -3.69552 -1.53073 78
    endloop
  endfacet
  facet normal 0 -0 1
    outer loop
      vertex -3.92314 -0.780361 78
      vertex -3.92314 0.780361 78
      vertex -4 0 78
    endloop
  endfacet
  facet normal 0.881922 -0.471396 0
    outer loop
      vertex -3.69552 1.53073 88
      vertex -3.32588 2.22228 78
      vertex -3.32588 2.22228 88
    endloop
  endfacet
  facet normal 0.881922 -0.471396 0
    outer loop
      vertex -3.32588 2.22228 78
      vertex -3.69552 1.53073 88
      vertex -3.69552 1.53073 78
    endloop
  endfacet
  facet normal -0.290282 0.956941 0
    outer loop
      vertex 1.53073 -3.69552 78
      vertex 0.780361 -3.92314 88
      vertex 1.53073 -3.69552 88
    endloop
  endfacet
  facet normal -0.290282 0.956941 0
    outer loop
      vertex 0.780361 -3.92314 88
      vertex 1.53073 -3.69552 78
      vertex 0.780361 -3.92314 78
    endloop
  endfacet
  facet normal 0 0 -1
    outer loop
      vertex 3.92314 -0.780361 88
      vertex 3.92314 0.780361 88
      vertex 4 0 88
    endloop
  endfacet
  facet normal 0 0 -1
    outer loop
      vertex 3.69552 -1.53073 88
      vertex 3.92314 0.780361 88
      vertex 3.92314 -0.780361 88
    endloop
  endfacet
  facet normal 0 0 -1
    outer loop
      vertex 3.69552 -1.53073 88
      vertex 3.69552 1.53073 88
      vertex 3.92314 0.780361 88
    endloop
  endfacet
  facet normal 0 0 -1
    outer loop
      vertex 3.32588 -2.22228 88
      vertex 3.69552 1.53073 88
      vertex 3.69552 -1.53073 88
    endloop
  endfacet
  facet normal 0 0 -1
    outer loop
      vertex 3.32588 -2.22228 88
      vertex 3.32588 2.22228 88
      vertex 3.69552 1.53073 88
    endloop
  endfacet
  facet normal 0 0 -1
    outer loop
      vertex 2.82843 -2.82843 88
      vertex 3.32588 2.22228 88
      vertex 3.32588 -2.22228 88
    endloop
  endfacet
  facet normal 0 0 -1
    outer loop
      vertex 2.82843 -2.82843 88
      vertex 2.82843 2.82843 88
      vertex 3.32588 2.22228 88
    endloop
  endfacet
  facet normal 0 0 -1
    outer loop
      vertex 2.22228 -3.32588 88
      vertex 2.82843 2.82843 88
      vertex 2.82843 -2.82843 88
    endloop
  endfacet
  facet normal 0 0 -1
    outer loop
      vertex 2.22228 -3.32588 88
      vertex 2.22228 3.32588 88
      vertex 2.82843 2.82843 88
    endloop
  endfacet
  facet normal 0 0 -1
    outer loop
      vertex 1.53073 -3.69552 88
      vertex 2.22228 3.32588 88
      vertex 2.22228 -3.32588 88
    endloop
  endfacet
  facet normal 0 0 -1
    outer loop
      vertex 1.53073 -3.69552 88
      vertex 1.53073 3.69552 88
      vertex 2.22228 3.32588 88
    endloop
  endfacet
  facet normal 0 0 -1
    outer loop
      vertex 0.780361 -3.92314 88
      vertex 1.53073 3.69552 88
      vertex 1.53073 -3.69552 88
    endloop
  endfacet
  facet normal 0 0 -1
    outer loop
      vertex 0.780361 -3.92314 88
      vertex 0.780361 3.92314 88
      vertex 1.53073 3.69552 88
    endloop
  endfacet
  facet normal 0 0 -1
    outer loop
      vertex 0 -4 88
      vertex 0.780361 3.92314 88
      vertex 0.780361 -3.92314 88
    endloop
  endfacet
  facet normal 0 0 -1
    outer loop
      vertex 0 -4 88
      vertex 0 4 88
      vertex 0.780361 3.92314 88
    endloop
  endfacet
  facet normal 0 0 -1
    outer loop
      vertex -0.780361 -3.92314 88
      vertex 0 4 88
      vertex 0 -4 88
    endloop
  endfacet
  facet normal 0 0 -1
    outer loop
      vertex -0.780361 -3.92314 88
      vertex -0.780361 3.92314 88
      vertex 0 4 88
    endloop
  endfacet
  facet normal 0 0 -1
    outer loop
      vertex -1.53073 -3.69552 88
      vertex -0.780361 3.92314 88
      vertex -0.780361 -3.92314 88
    endloop
  endfacet
  facet normal 0 0 -1
    outer loop
      vertex -1.53073 -3.69552 88
      vertex -1.53073 3.69552 88
      vertex -0.780361 3.92314 88
    endloop
  endfacet
  facet normal 0 0 -1
    outer loop
      vertex -2.22228 -3.32588 88
      vertex -1.53073 3.69552 88
      vertex -1.53073 -3.69552 88
    endloop
  endfacet
  facet normal 0 0 -1
    outer loop
      vertex -2.22228 -3.32588 88
      vertex -2.22228 3.32588 88
      vertex -1.53073 3.69552 88
    endloop
  endfacet
  facet normal 0 0 -1
    outer loop
      vertex -2.82843 -2.82843 88
      vertex -2.22228 3.32588 88
      vertex -2.22228 -3.32588 88
    endloop
  endfacet
  facet normal 0 0 -1
    outer loop
      vertex -2.82843 -2.82843 88
      vertex -2.82843 2.82843 88
      vertex -2.22228 3.32588 88
    endloop
  endfacet
  facet normal 0 0 -1
    outer loop
      vertex -3.32588 -2.22228 88
      vertex -2.82843 2.82843 88
      vertex -2.82843 -2.82843 88
    endloop
  endfacet
  facet normal 0 0 -1
    outer loop
      vertex -3.32588 -2.22228 88
      vertex -3.32588 2.22228 88
      vertex -2.82843 2.82843 88
    endloop
  endfacet
  facet normal 0 0 -1
    outer loop
      vertex -3.69552 -1.53073 88
      vertex -3.32588 2.22228 88
      vertex -3.32588 -2.22228 88
    endloop
  endfacet
  facet normal 0 0 -1
    outer loop
      vertex -3.69552 -1.53073 88
      vertex -3.69552 1.53073 88
      vertex -3.32588 2.22228 88
    endloop
  endfacet
  facet normal 0 0 -1
    outer loop
      vertex -3.92314 -0.780361 88
      vertex -3.69552 1.53073 88
      vertex -3.69552 -1.53073 88
    endloop
  endfacet
  facet normal 0 0 -1
    outer loop
      vertex -3.92314 -0.780361 88
      vertex -3.92314 0.780361 88
      vertex -3.69552 1.53073 88
    endloop
  endfacet
  facet normal 0 -0 -1
    outer loop
      vertex -3.92314 0.780361 88
      vertex -3.92314 -0.780361 88
      vertex -4 0 88
    endloop
  endfacet
  facet normal 0.290282 0.956941 -0
    outer loop
      vertex -0.780361 -3.92314 78
      vertex -1.53073 -3.69552 88
      vertex -0.780361 -3.92314 88
    endloop
  endfacet
  facet normal 0.290282 0.956941 0
    outer loop
      vertex -1.53073 -3.69552 88
      vertex -0.780361 -3.92314 78
      vertex -1.53073 -3.69552 78
    endloop
  endfacet
  facet normal -0.956941 0.290282 0
    outer loop
      vertex 3.69552 -1.53073 78
      vertex 3.92314 -0.780361 88
      vertex 3.92314 -0.780361 78
    endloop
  endfacet
  facet normal -0.956941 0.290282 0
    outer loop
      vertex 3.92314 -0.780361 88
      vertex 3.69552 -1.53073 78
      vertex 3.69552 -1.53073 88
    endloop
  endfacet
  facet normal -0.773013 -0.63439 0
    outer loop
      vertex 3.32588 2.22228 78
      vertex 2.82843 2.82843 88
      vertex 2.82843 2.82843 78
    endloop
  endfacet
  facet normal -0.773013 -0.63439 0
    outer loop
      vertex 2.82843 2.82843 88
      vertex 3.32588 2.22228 78
      vertex 3.32588 2.22228 88
    endloop
  endfacet
  facet normal -0.63439 0.773013 0
    outer loop
      vertex 2.82843 -2.82843 78
      vertex 2.22228 -3.32588 88
      vertex 2.82843 -2.82843 88
    endloop
  endfacet
  facet normal -0.63439 0.773013 0
    outer loop
      vertex 2.22228 -3.32588 88
      vertex 2.82843 -2.82843 78
      vertex 2.22228 -3.32588 78
    endloop
  endfacet
  facet normal 0.63439 0.773013 -0
    outer loop
      vertex -2.22228 -3.32588 78
      vertex -2.82843 -2.82843 88
      vertex -2.22228 -3.32588 88
    endloop
  endfacet
  facet normal 0.63439 0.773013 0
    outer loop
      vertex -2.82843 -2.82843 88
      vertex -2.22228 -3.32588 78
      vertex -2.82843 -2.82843 78
    endloop
  endfacet
  facet normal 0.0980186 -0.995185 0
    outer loop
      vertex -0.780361 3.92314 78
      vertex 0 4 88
      vertex -0.780361 3.92314 88
    endloop
  endfacet
  facet normal 0.0980186 -0.995185 0
    outer loop
      vertex 0 4 88
      vertex -0.780361 3.92314 78
      vertex 0 4 78
    endloop
  endfacet
  facet normal -0.881922 0.471396 0
    outer loop
      vertex 3.32588 -2.22228 78
      vertex 3.69552 -1.53073 88
      vertex 3.69552 -1.53073 78
    endloop
  endfacet
  facet normal -0.881922 0.471396 0
    outer loop
      vertex 3.69552 -1.53073 88
      vertex 3.32588 -2.22228 78
      vertex 3.32588 -2.22228 88
    endloop
  endfacet
  facet normal 0.956941 0.290282 0
    outer loop
      vertex -3.69552 -1.53073 88
      vertex -3.92314 -0.780361 78
      vertex -3.92314 -0.780361 88
    endloop
  endfacet
  facet normal 0.956941 0.290282 0
    outer loop
      vertex -3.92314 -0.780361 78
      vertex -3.69552 -1.53073 88
      vertex -3.69552 -1.53073 78
    endloop
  endfacet
  facet normal 0.995185 0.0980186 0
    outer loop
      vertex -3.92314 -0.780361 88
      vertex -4 0 78
      vertex -4 0 88
    endloop
  endfacet
  facet normal 0.995185 0.0980186 0
    outer loop
      vertex -4 0 78
      vertex -3.92314 -0.780361 88
      vertex -3.92314 -0.780361 78
    endloop
  endfacet
  facet normal 0.773013 0.63439 0
    outer loop
      vertex -2.82843 -2.82843 88
      vertex -3.32588 -2.22228 78
      vertex -3.32588 -2.22228 88
    endloop
  endfacet
  facet normal 0.773013 0.63439 0
    outer loop
      vertex -3.32588 -2.22228 78
      vertex -2.82843 -2.82843 88
      vertex -2.82843 -2.82843 78
    endloop
  endfacet
  facet normal 0.773013 -0.63439 0
    outer loop
      vertex -3.32588 2.22228 88
      vertex -2.82843 2.82843 78
      vertex -2.82843 2.82843 88
    endloop
  endfacet
  facet normal 0.773013 -0.63439 0
    outer loop
      vertex -2.82843 2.82843 78
      vertex -3.32588 2.22228 88
      vertex -3.32588 2.22228 78
    endloop
  endfacet
  facet normal 0.956941 -0.290282 0
    outer loop
      vertex -3.92314 0.780361 88
      vertex -3.69552 1.53073 78
      vertex -3.69552 1.53073 88
    endloop
  endfacet
  facet normal 0.956941 -0.290282 0
    outer loop
      vertex -3.69552 1.53073 78
      vertex -3.92314 0.780361 88
      vertex -3.92314 0.780361 78
    endloop
  endfacet
  facet normal 0.995185 -0.0980186 0
    outer loop
      vertex -4 0 88
      vertex -3.92314 0.780361 78
      vertex -3.92314 0.780361 88
    endloop
  endfacet
  facet normal 0.995185 -0.0980186 0
    outer loop
      vertex -3.92314 0.780361 78
      vertex -4 0 88
      vertex -4 0 78
    endloop
  endfacet
endsolid OpenSCAD_Model
